-0.0020446777 ,-3.4214783 ,10.0633545 ,0.1947174 ,1.225296 ,0.6478424 ,13.346863 ,27.183533 ,6.8588257 ,?
-0.042510986 ,-3.1834412 ,9.094543 ,-0.24465942 ,0.87576294 ,0.37045288 ,11.210632 ,25.306702 ,10.986328 ,?
-0.20675659 ,-3.5262146 ,8.885071 ,0.12934875 ,0.4530487 ,-0.5328064 ,9.73053 ,25.546265 ,12.683105 ,?
-0.18771362 ,-3.6333313 ,9.051697 ,-0.072753906 ,0.5817108 ,0.08900452 ,10.350037 ,26.808167 ,11.851501 ,?
0.0741272 ,-4.1165466 ,8.342346 ,1.9058838 ,-1.6822205 ,-0.35725403 ,9.350586 ,26.94397 ,13.548279 ,?
1.7308655 ,-3.9927673 ,8.463745 ,-3.8459778 ,-1.7014008 ,-0.89553833 ,10.383606 ,30.558777 ,10.386658 ,?
0.8739319 ,-2.8525696 ,8.316162 ,-1.9956818 ,1.3128357 ,-1.6702423 ,10.65979 ,24.659729 ,3.9978027 ,?
0.21932983 ,-3.1025085 ,9.722961 ,0.16175842 ,1.9172821 ,-3.0980377 ,7.989502 ,33.917236 ,10.30426 ,?
-0.31625366 ,-2.9287415 ,9.418274 ,-2.0438995 ,-3.0129852 ,3.5371552 ,6.2667847 ,32.110596 ,11.169434 ,?
-1.980133 ,-3.9761047 ,8.996948 ,0.6018219 ,-1.8319702 ,0.40480042 ,10.50415 ,23.483276 ,1.9836426 ,?
-2.2776794 ,-4.1593933 ,8.289978 ,-0.48205566 ,3.28714 ,-3.2292633 ,11.521912 ,26.568604 ,3.364563 ,?
-0.6661682 ,-5.5709534 ,8.361389 ,0.056289673 ,1.4562225 ,-0.26197815 ,6.335449 ,35.316467 ,12.234497 ,?
-0.337677 ,-4.5640564 ,7.963867 ,-1.5321655 ,-3.595642 ,3.2961273 ,7.2143555 ,28.512573 ,9.7213745 ,?
0.2217102 ,-4.6354675 ,8.528015 ,0.80685425 ,-0.75120544 ,-0.34812927 ,10.952759 ,23.448181 ,-0.21362305 ,?
0.5597229 ,-4.466461 ,8.870789 ,0.18083191 ,3.0533295 ,-4.1075134 ,11.228943 ,30.303955 ,5.5770874 ,?
0.40737915 ,-3.5143127 ,8.223328 ,-0.8123169 ,0.3720398 ,1.5415955 ,5.5786133 ,37.976074 ,12.367249 ,?
0.34786987 ,-4.233185 ,9.677734 ,-0.61582947 ,-3.0100555 ,1.9911041 ,9.298706 ,28.631592 ,8.073425 ,?
0.0074768066 ,-3.4357605 ,8.582764 ,-0.9479675 ,0.08001709 ,-0.15661621 ,10.884094 ,24.505615 ,0.61798096 ,?
-0.38052368 ,-3.7118835 ,9.161194 ,1.4733582 ,3.5962982 ,-3.3548737 ,9.764099 ,31.207275 ,7.923889 ,?
-0.72805786 ,-3.6357117 ,8.587524 ,-1.8949585 ,-1.3913727 ,3.2296906 ,5.2505493 ,34.85565 ,12.882996 ,?
-1.132721 ,-3.9570618 ,8.904114 ,0.59562683 ,-2.6620636 ,1.1361389 ,9.487915 ,23.875427 ,5.4275513 ,?
-1.0208435 ,-3.9761047 ,8.670837 ,-1.1518707 ,1.0688782 ,-1.6055603 ,10.177612 ,23.840332 ,-0.23040771 ,?
-0.6566467 ,-3.888031 ,8.606567 ,0.9139862 ,3.4954224 ,-2.7978973 ,10.142517 ,32.980347 ,8.557129 ,?
-0.13534546 ,-4.00943 ,9.049316 ,-2.0565033 ,-2.5650787 ,2.9305115 ,6.025696 ,32.894897 ,13.198853 ,?
0.2550354 ,-3.516693 ,8.406616 ,1.2436066 ,-2.9257813 ,0.8509979 ,10.333252 ,24.983215 ,2.7145386 ,?
0.964386 ,-4.65213 ,9.270691 ,-1.1744537 ,2.3823853 ,-1.8276825 ,11.038208 ,23.397827 ,-1.3946533 ,?
0.6335144 ,-4.1236877 ,8.62323 ,0.5331421 ,3.0188751 ,-2.1232758 ,8.712769 ,34.736633 ,10.169983 ,?
0.050323486 ,-4.187958 ,9.39209 ,-0.97210693 ,-2.9539185 ,3.390335 ,6.9213867 ,32.17926 ,11.700439 ,?
-0.26626587 ,-4.214142 ,10.253784 ,1.0633545 ,-2.2108307 ,0.91760254 ,11.331177 ,24.57428 ,2.7160645 ,?
-0.947052 ,-3.7285461 ,8.987427 ,-0.29492188 ,2.4503784 ,-2.3240356 ,10.385132 ,24.420166 ,0.76904297 ,?
-1.3183899 ,-4.016571 ,10.363281 ,0.019012451 ,2.0073242 ,-1.8770294 ,9.126282 ,35.5896 ,10.470581 ,?
-1.4516907 ,-3.4738464 ,8.611328 ,-1.521164 ,-1.9702911 ,3.0990143 ,7.1105957 ,32.29828 ,11.950684 ,?
-1.1517639 ,-4.6806946 ,10.29187 ,0.55503845 ,-2.494522 ,0.69932556 ,10.969543 ,24.01123 ,3.0975342 ,?
-0.7494812 ,-4.1355896 ,8.537537 ,-0.91677856 ,2.4780884 ,-2.838272 ,11.933899 ,26.9104 ,1.1016846 ,?
-0.32339478 ,-4.509308 ,9.589661 ,-0.057159424 ,1.8858795 ,-0.688324 ,8.36792 ,36.61194 ,10.569763 ,?
0.36691284 ,-4.7640076 ,8.708923 ,-1.6708679 ,-2.640274 ,2.6408997 ,7.852173 ,30.575562 ,11.201477 ,?
0.1312561 ,-4.433136 ,8.256653 ,0.38131714 ,-2.1606293 ,0.6621094 ,11.073303 ,24.317932 ,-0.26397705 ,?
-0.42099 ,-4.335541 ,8.789856 ,-0.70796204 ,3.8738556 ,-3.6461945 ,11.347961 ,27.285767 ,0.7019043 ,?
-1.4493103 ,-3.2024841 ,8.092407 ,-0.63612366 ,1.618042 ,0.9972229 ,6.904602 ,37.686157 ,11.2854 ,?
-2.1253357 ,-4.316498 ,9.475403 ,-1.4698944 ,-3.3772125 ,2.6557465 ,7.1624756 ,26.85852 ,9.405518 ,?
-2.7989807 ,-3.1453552 ,7.630615 ,0.6921387 ,-1.3091888 ,-0.11250305 ,10.487366 ,23.738098 ,-1.8280029 ,?
-3.0036926 ,-3.8737488 ,8.478027 ,-0.44477844 ,3.0865936 ,-3.2364197 ,10.884094 ,27.029419 ,3.1143188 ,?
-2.499054 ,-3.9308777 ,9.415894 ,-0.24258423 ,1.276413 ,1.441452 ,6.8878174 ,35.110474 ,11.86676 ,?
-2.294342 ,-3.0049133 ,7.9924316 ,-1.2626343 ,-3.3969269 ,1.5203857 ,8.868408 ,26.568604 ,9.222412 ,?
-1.6349792 ,-4.2308044 ,10.360901 ,-0.14389038 ,-0.285614 ,-0.22444153 ,10.108948 ,23.773193 ,-1.3946533 ,?
-1.4302673 ,-2.9501648 ,7.6710815 ,0.6128235 ,3.144806 ,-2.9735565 ,11.58905 ,29.434204 ,5.5282593 ,?
-1.5802307 ,-3.0620422 ,9.870544 ,-1.6611481 ,-0.17778015 ,2.6638641 ,6.904602 ,33.457947 ,12.915039 ,?
-1.6921082 ,-2.5907288 ,8.792236 ,0.21911621 ,-2.9913025 ,0.8547363 ,8.731079 ,22.920227 ,6.892395 ,?
-2.1300964 ,-2.9882507 ,9.156433 ,-1.3200989 ,0.9341278 ,-1.0252533 ,9.867859 ,22.920227 ,-1.1947632 ,?
-2.339569 ,-3.0525208 ,9.163574 ,1.3994446 ,2.6498413 ,-2.8152618 ,5.1330566 ,1.2512207 ,2.39563 ,?
-2.820404 ,-2.8692322 ,8.2994995 ,-1.5449829 ,-1.064743 ,3.694107 ,1.9119263 ,0.07324219 ,7.737732 ,?
-3.0846252 ,-3.6618958 ,9.20166 ,0.23413086 ,-2.14888 ,1.5018005 ,1.550293 ,-11.230469 ,0.4989624 ,?
-3.8153992 ,-2.2241516 ,8.070984 ,-0.5556946 ,1.3629303 ,-3.0986786 ,2.9281616 ,-10.20813 ,-3.0960083 ,?
-3.8749084 ,-3.3024597 ,9.570618 ,0.36288452 ,2.3351288 ,-2.3529205 ,4.185486 ,2.4261475 ,5.5404663 ,?
-4.108185 ,-2.2431946 ,7.6187134 ,-1.84198 ,-2.0006866 ,3.3373108 ,1.7913818 ,-0.62561035 ,7.154846 ,?
-4.493805 ,-2.431244 ,8.213806 ,-0.24450684 ,-2.354065 ,0.26332092 ,4.1168213 ,-8.554077 ,-2.380371 ,?
-4.231964 ,-2.9096985 ,8.251892 ,-0.28727722 ,2.4016113 ,-2.304596 ,5.683899 ,-6.7977905 ,-5.3253174 ,?
-4.358124 ,-2.521698 ,7.0545654 ,0.6148071 ,2.7431488 ,-1.2874298 ,3.1173706 ,3.2791138 ,5.973816 ,?
-3.8249207 ,-3.895172 ,8.727966 ,-2.6315765 ,-2.9608612 ,3.2134552 ,2.0324707 ,-1.1032104 ,6.3568115 ,?
-3.3226624 ,-2.9787292 ,7.835327 ,0.3346405 ,-2.27182 ,-0.14138794 ,4.7546387 ,-7.9223633 ,-4.992676 ,?
-3.2274475 ,-3.2643738 ,9.484924 ,-0.9526062 ,3.8170319 ,-2.6000824 ,5.39093 ,-5.621338 ,-3.6437988 ,?
-3.2226868 ,-2.8501892 ,8.287598 ,0.26927185 ,2.080597 ,0.81147766 ,2.3757935 ,2.4093628 ,7.255554 ,?
-3.6654358 ,-2.3455505 ,6.935547 ,-0.96157837 ,-3.6907043 ,2.5497284 ,2.1865845 ,-5.996704 ,5.9066772 ,?
-4.251007 ,-3.5047913 ,8.537537 ,0.7959595 ,-1.536911 ,-0.12008667 ,4.3395996 ,-9.321594 ,-5.093384 ,?
-5.3626404 ,-2.0741882 ,5.852478 ,-0.8607483 ,3.125 ,-3.8088226 ,5.632019 ,-3.2684326 ,-2.279663 ,?
-6.102936 ,-2.2217712 ,7.2926025 ,-0.8001404 ,1.6020203 ,1.4233551 ,2.7908325 ,4.3884277 ,7.221985 ,?
-6.5837708 ,-1.053009 ,6.352356 ,-1.4504089 ,-3.7767487 ,2.1248932 ,2.2903442 ,-6.8832397 ,3.4103394 ,?
-6.3243103 ,-2.8406677 ,8.682739 ,-0.4740448 ,-0.118774414 ,-0.4618225 ,3.8238525 ,-8.946228 ,-6.3568115 ,?
-6.045807 ,-1.3315125 ,6.9188843 ,0.20661926 ,4.0767365 ,-3.8732758 ,5.1330566 ,-2.6367188 ,0.09918213 ,?
-5.16745 ,-2.4502869 ,8.3185425 ,-1.5305634 ,-0.07316589 ,2.9215393 ,0.9124756 ,2.632141 ,9.169006 ,?
-4.4319153 ,-2.6907043 ,8.166199 ,-0.518631 ,-3.7970428 ,0.98521423 ,3.2043457 ,-7.5820923 ,1.5640259 ,?
-4.6628113 ,-1.931366 ,8.339966 ,-1.436203 ,0.32002258 ,-0.20483398 ,3.9794922 ,-9.407043 ,-8.303833 ,?
-4.384308 ,-3.4143372 ,8.787476 ,0.6951294 ,4.884506 ,-2.7832184 ,4.5822144 ,-2.5009155 ,2.1621704 ,?
-4.8627625 ,-2.7002258 ,8.23999 ,-0.7449646 ,-1.8290405 ,3.037918 ,-0.018310547 ,-0.9490967 ,9.3688965 ,?
-4.9579773 ,-2.7406921 ,8.670837 ,0.9343262 ,-3.4718475 ,1.0145264 ,3.755188 ,-8.059692 ,0.96435547 ,?
-5.481659 ,-2.502655 ,7.816284 ,-1.9138031 ,1.3816223 ,-1.0065613 ,3.2714844 ,-9.901428 ,-6.489563 ,?
-5.557831 ,-1.7552185 ,7.3640137 ,0.52796936 ,4.25618 ,-2.6635895 ,4.2892456 ,-0.30212402 ,3.4103394 ,?
-5.557831 ,-3.285797 ,8.354248 ,-2.147461 ,-2.1164703 ,3.0927124 ,-0.12207031 ,-0.19836426 ,9.268188 ,?
-5.6340027 ,-2.1336975 ,7.014099 ,0.7023926 ,-3.4811401 ,0.25601196 ,3.8574219 ,-9.082031 ,-0.69885254 ,?
-5.2293396 ,-2.5550232 ,7.602051 ,-0.98625183 ,2.5104523 ,-1.1244812 ,4.2892456 ,-8.2473755 ,-7.3394775 ,?
-5.079376 ,-2.0242004 ,6.9141235 ,1.0834961 ,3.6388092 ,-1.8049316 ,4.2022705 ,-1.0345459 ,5.5236816 ,?
-4.91037 ,-3.94516 ,8.192383 ,-2.510666 ,-2.3414612 ,3.012436 ,-0.8621216 ,-1.1703491 ,9.983826 ,?
-5.412628 ,-2.5550232 ,6.0238647 ,0.370636 ,-3.3301697 ,0.071121216 ,3.5827637 ,-9.423828 ,-1.4984131 ,?
-5.5863953 ,-3.683319 ,7.668701 ,-0.47201538 ,2.7880554 ,-1.8586578 ,3.6346436 ,-9.269714 ,-6.2072754 ,?
-5.886322 ,-2.6002502 ,5.712036 ,0.270813 ,3.280136 ,-2.3822937 ,8.323669 ,2.9525757 ,7.7957153 ,?
-6.329071 ,-2.400299 ,6.6260986 ,-1.6165466 ,-2.890152 ,4.0281677 ,3.9489746 ,-0.38909912 ,11.456299 ,?
-6.2243347 ,-2.9858704 ,6.9974365 ,0.15679932 ,-3.0232391 ,0.42092896 ,7.446289 ,-9.307861 ,-0.5081177 ,?
-6.655182 ,-1.6338196 ,5.99292 ,-0.87042236 ,2.9794617 ,-2.4499054 ,8.547974 ,-7.295227 ,-2.9708862 ,?
-6.379059 ,-3.1786804 ,6.6380005 ,0.30558777 ,3.1608276 ,-1.4786224 ,6.9641113 ,2.696228 ,8.711243 ,?
-6.6337585 ,-2.85495 ,3.986267 ,-1.9064941 ,-3.352066 ,3.1946564 ,4.8965454 ,-1.5319824 ,10.740662 ,?
-6.5575867 ,-3.259613 ,5.462097 ,0.76342773 ,-2.8689575 ,0.4464569 ,7.6705933 ,-8.47168 ,-1.6555786 ,?
-6.593292 ,-3.3762512 ,4.4647217 ,-0.15493774 ,3.35849 ,-2.9499512 ,9.254456 ,-6.425476 ,-2.6885986 ,?
-6.738495 ,-2.6073914 ,4.562317 ,-0.71458435 ,2.2761688 ,-0.97857666 ,7.015991 ,3.4973145 ,9.260559 ,?
-6.907501 ,-2.8882751 ,5.621582 ,-1.3214874 ,-3.3581543 ,2.8039398 ,5.6030273 ,-2.4017334 ,9.692383 ,?
-7.2050476 ,-1.6385803 ,2.97937 ,0.57447815 ,-2.1405487 ,0.6207123 ,9.220886 ,-7.347107 ,-1.8554688 ,?
-6.9979553 ,-3.547638 ,6.840332 ,-0.25668335 ,3.7413025 ,-2.7271423 ,10.116577 ,-6.6986084 ,-0.6240845 ,?
-7.3264465 ,-2.5574036 ,6.6879883 ,0.391037 ,2.2030487 ,-0.9145508 ,4.7592163 ,2.4230957 ,10.708618 ,?
-6.0815125 ,-5.137726 ,7.685364 ,-2.1901855 ,-3.4868622 ,2.9724884 ,4.2938232 ,-2.4017334 ,9.725952 ,?
-5.238861 ,-3.554779 ,5.626343 ,0.5671692 ,-2.3560486 ,0.1487732 ,8.5998535 ,-8.198547 ,-2.2216797 ,?
-4.424774 ,-3.9927673 ,5.8500977 ,-0.40156555 ,4.1290283 ,-2.9038086 ,9.358215 ,-5.5740356 ,-0.35858154 ,?
-4.0748596 ,-4.2236633 ,7.571106 ,-0.0476532 ,2.0082855 ,-0.0703125 ,5.2581787 ,3.42865 ,11.091614 ,?
-5.3245544 ,-3.2167664 ,7.649658 ,-1.54953 ,-4.306534 ,2.6737366 ,5.9814453 ,-3.6972046 ,8.261108 ,?
-5.6578064 ,-4.3712463 ,7.923401 ,-0.07595825 ,-1.4378967 ,-0.06918335 ,8.686829 ,-8.625793 ,-2.937317 ,?
-5.867279 ,-3.5904846 ,5.193115 ,-0.44424438 ,4.4242554 ,-2.4165344 ,9.686279 ,-4.533386 ,0.2243042 ,?
-5.4983215 ,-5.4614563 ,8.009094 ,-0.33465576 ,1.3465271 ,0.57318115 ,4.9316406 ,2.0828247 ,11.706543 ,?
-5.4269104 ,-4.8068542 ,7.711548 ,-1.1608429 ,-4.1367035 ,2.2707977 ,4.2419434 ,-6.5109253 ,7.6797485 ,?
-5.031769 ,-4.2760315 ,8.487549 ,-0.24685669 ,-1.4974365 ,-0.52505493 ,8.462524 ,-8.506775 ,-3.652954 ,?
-4.251007 ,-4.20224 ,9.837219 ,-0.29849243 ,5.493332 ,-2.7427368 ,9.7717285 ,-3.288269 ,0.2746582 ,?
-4.1438904 ,-3.8594666 ,10.039551 ,-0.93530273 ,-0.06504822 ,1.5121613 ,3.6560059 ,1.2634277 ,12.306213 ,?
-3.808258 ,-3.1548767 ,10.579895 ,-0.089523315 ,-4.164093 ,1.917038 ,6.2576294 ,-5.505371 ,6.8634033 ,?
-4.0558167 ,-1.6600037 ,7.3449707 ,-1.4300537 ,-0.41101074 ,-0.032592773 ,8.34198 ,-8.045959 ,-3.4362793 ,?
-4.110565 ,-5.0258484 ,10.206177 ,1.1777496 ,4.632324 ,-2.9927216 ,9.030151 ,-2.658081 ,3.652954 ,?
-4.9794006 ,-3.0596619 ,6.576111 ,-1.3502197 ,-1.5978394 ,1.9742279 ,4.776001 ,0.6668091 ,11.224365 ,?
-5.2674255 ,-5.5066833 ,7.654419 ,0.74697876 ,-3.1331482 ,1.129303 ,8.720398 ,-6.272888 ,2.62146 ,?
-5.7363586 ,-4.940155 ,5.7977295 ,-0.5788727 ,0.4815216 ,-0.082107544 ,8.7387085 ,-8.096313 ,-4.58374 ,?
-6.7218323 ,-3.9832458 ,6.1952515 ,0.47151184 ,3.9746857 ,-3.8880768 ,9.823608 ,-1.2588501 ,4.3182373 ,?
-6.8694153 ,-4.0451355 ,6.6046753 ,-1.8663788 ,-0.5570679 ,2.278534 ,3.7597656 ,2.0141602 ,12.472534 ,?
-6.6218567 ,-2.4431458 ,4.0719604 ,0.21138 ,-3.5746002 ,1.1821747 ,6.877136 ,-7.48291 ,5.899048 ,?
-6.529022 ,-3.7356873 ,5.178833 ,-1.245163 ,0.03718567 ,-0.6852722 ,9.133911 ,-8.830261 ,-2.0721436 ,?
-6.5885315 ,-2.6835632 ,2.6818237 ,0.3595276 ,4.48999 ,-3.3522491 ,8.7387085 ,-1.5151978 ,5.366516 ,?
-7.181244 ,-4.087982 ,5.1383667 ,-1.1926727 ,-1.92453 ,2.332428 ,4.483032 ,0.6500244 ,11.805725 ,?
-7.5621033 ,-3.407196 ,3.5316162 ,0.938385 ,-3.4664001 ,0.91156006 ,7.9971313 ,-5.8288574 ,5.21698 ,?
-7.6025696 ,-3.2120056 ,3.2531128 ,-1.3996124 ,0.6846771 ,-0.42529297 ,9.565735 ,-7.6538086 ,-4.2526245 ,?
-7.6716003 ,-2.9096985 ,4.981262 ,1.0759583 ,3.9612274 ,-2.3800507 ,8.996582 ,-0.88500977 ,5.41687 ,?
-8.430939 ,-1.2934265 ,2.5604248 ,-1.6513214 ,-1.5556488 ,2.1491394 ,4.121399 ,0.8026123 ,11.889648 ,?
-8.430939 ,-2.7954407 ,3.4316406 ,0.8400116 ,-3.3921204 ,0.92362976 ,8.221436 ,-7.0404053 ,2.8045654 ,?
-8.82608 ,-1.0768127 ,1.6749268 ,-1.3847198 ,0.56381226 ,-1.1901245 ,9.013367 ,-7.4142456 ,-5.21698 ,?
-8.273834 ,-4.530731 ,5.5811157 ,0.64385986 ,4.456833 ,-2.169632 ,9.719849 ,0.5142212 ,4.185486 ,?
-7.623993 ,-2.5550232 ,2.4771118 ,-1.2309113 ,-1.4234772 ,2.1585388 ,4.156494 ,3.0197144 ,11.456299 ,?
-6.859894 ,-3.7523499 ,1.5463867 ,0.3114624 ,-3.4841309 ,1.8512878 ,7.9971313 ,-5.453491 ,3.0197144 ,?
-6.650421 ,-4.3403015 ,1.4559326 ,-1.3129425 ,0.9283142 ,-0.8794098 ,8.084106 ,-8.506775 ,-5.01709 ,?
-6.988434 ,-5.406708 ,1.7606201 ,0.75541687 ,4.3029633 ,-2.483612 ,8.755493 ,-1.1566162 ,4.0512085 ,?
-6.1005554 ,-9.062958 ,4.705139 ,-0.85472107 ,-1.2260895 ,1.6215363 ,3.88031 ,2.168274 ,12.4557495 ,?
-5.674469 ,-6.0898743 ,2.5270996 ,0.77560425 ,-3.5410156 ,1.7594299 ,8.651733 ,-4.295349 ,4.7180176 ,?
-3.7915955 ,-5.554291 ,2.4961548 ,-1.1864166 ,0.6547699 ,-0.6806793 ,8.979797 ,-7.926941 ,-4.284668 ,?
-1.8539734 ,-8.584503 ,4.9574585 ,0.54078674 ,4.3187256 ,-2.4040375 ,7.9803467 ,-0.55999756 ,5.732727 ,?
-3.0560608 ,-9.177216 ,11.910522 ,-1.3385773 ,-1.3560181 ,1.6888885 ,3.1219482 ,1.4175415 ,12.85553 ,?
-7.116974 ,-11.976532 ,17.66388 ,0.90875244 ,-3.663147 ,1.6131592 ,8.496094 ,-5.3344727 ,5.0994873 ,?
-10.418549 ,-16.501617 ,19.320618 ,-1.7964783 ,0.828598 ,-0.68907166 ,8.049011 ,-7.9940796 ,-4.6173096 ,?
-14.665131 ,-8.544037 ,16.354675 ,0.3958435 ,4.3534393 ,-2.1145782 ,9.443665 ,-1.2939453 ,4.551697 ,?
-12.86795 ,-5.93277 ,15.623901 ,-0.5499878 ,-1.807785 ,1.1598511 ,3.9840698 ,1.826477 ,11.689758 ,?
-11.727753 ,-3.8785095 ,13.907654 ,1.0385284 ,-3.5381317 ,1.7698975 ,9.7717285 ,-3.6972046 ,3.5690308 ,?
-10.330475 ,-1.0482483 ,10.977417 ,-1.2030334 ,0.6381073 ,0.30567932 ,7.928467 ,-7.875061 ,-6.298828 ,?
-8.88797 ,0.7156067 ,10.065735 ,0.91638184 ,4.4950104 ,-1.7768402 ,9.410095 ,-3.8513184 ,3.2867432 ,?
-7.4859314 ,1.8558044 ,9.013611 ,-1.0639038 ,-0.96920776 ,0.7935333 ,4.3792725 ,0.3768921 ,12.005615 ,?
-6.2933655 ,2.6127625 ,8.018616 ,0.5733032 ,-3.9945374 ,0.91130066 ,9.32312 ,-5.57251 ,2.6367188 ,?
-5.23172 ,2.629425 ,7.5282593 ,-1.3571625 ,0.69802856 ,-0.7940674 ,8.273315 ,-6.477356 ,-7.6293945 ,?
-4.2343445 ,2.2723694 ,7.3616333 ,0.6542206 ,4.511627 ,-1.8236694 ,10.064697 ,0.5477905 ,4.1519165 ,?
-3.0870056 ,1.8510437 ,6.980774 ,-0.7707672 ,-1.3808594 ,1.272644 ,5.0689697 ,2.3895264 ,12.139893 ,?
-1.9658508 ,0.9941101 ,6.7165527 ,1.0722198 ,-3.2609558 ,1.427887 ,10.322571 ,-2.5390625 ,4.4677734 ,?
-0.7899475 ,-0.18417358 ,5.9500732 ,-1.4436798 ,0.37043762 ,-0.053741455 ,9.719849 ,-5.760193 ,-5.7998657 ,?
-0.040130615 ,-1.3124695 ,4.7979736 ,1.0402832 ,4.145584 ,-1.706665 ,10.56366 ,0.0869751 ,4.600525 ,?
0.21932983 ,-1.6576233 ,3.524475 ,-0.61631775 ,-1.4017334 ,0.7344208 ,6.668091 ,2.3620605 ,12.001038 ,?
0.19314575 ,-0.68881226 ,2.619934 ,-1.36586 ,-3.7220612 ,2.1536255 ,10.424805 ,-7.0495605 ,-0.41351318 ,?
0.60494995 ,0.94174194 ,2.2771606 ,-0.66571045 ,-1.3053894 ,-1.0598602 ,10.354614 ,-6.640625 ,-3.4088135 ,?
1.914154 ,1.6844177 ,2.7270508 ,-0.4908142 ,4.2738037 ,-2.1998596 ,7.409668 ,1.2878418 ,9.454346 ,?
3.7684631 ,1.3321228 ,3.7696533 ,-0.14015198 ,1.2512512 ,0.31582642 ,8.563232 ,-1.6281128 ,7.8079224 ,?
5.5680237 ,0.8298645 ,5.4049683 ,-0.34288025 ,-3.9406433 ,2.6513672 ,9.510803 ,-7.952881 ,-3.7246704 ,?
7.300934 ,1.1559753 ,6.6046753 ,-0.63227844 ,-1.5072632 ,0.46861267 ,11.526489 ,-4.1503906 ,0.05340576 ,?
9.405182 ,2.058136 ,7.27594 ,0.5155792 ,4.5976105 ,-2.3866272 ,5.7724 ,1.8508911 ,11.169434 ,?
11.290436 ,2.4580383 ,7.1783447 ,-0.08679199 ,0.12509155 ,0.18455505 ,8.029175 ,-6.930542 ,4.7286987 ,?
12.192596 ,2.1081238 ,6.968872 ,-0.7746124 ,-4.0568085 ,1.9768982 ,9.631348 ,-7.2540283 ,-4.173279 ,?
11.937897 ,1.3368835 ,6.102417 ,-0.84169006 ,-0.5157318 ,-0.09391785 ,9.890747 ,0.025939941 ,5.5603027 ,?
11.421356 ,0.075286865 ,4.895569 ,1.4630432 ,4.637497 ,-2.569107 ,6.2210083 ,4.5791626 ,10.237122 ,?
11.440399 ,-1.7814026 ,3.8434448 ,-1.4333649 ,-0.8723755 ,2.009903 ,8.149719 ,-7.9696655 ,1.9500732 ,?
11.916473 ,-4.0737 ,3.3983154 ,-0.06137085 ,-3.5456543 ,1.6513977 ,8.045959 ,-9.94873 ,-3.8406372 ,?
12.6805725 ,-6.549286 ,3.1412354 ,-1.0036163 ,1.6043243 ,-1.5118408 ,9.751892 ,1.6967773 ,5.4275513 ,?
13.999298 ,-10.176971 ,3.8005981 ,0.860199 ,3.9213257 ,-1.726532 ,5.5664063 ,1.4755249 ,12.001038 ,?
15.263275 ,-16.235016 ,4.955078 ,-1.4415436 ,-2.2540436 ,2.083603 ,9.080505 ,-8.03833 ,2.0828247 ,?
14.97525 ,-19.717499 ,4.833679 ,0.941864 ,-3.0503235 ,0.30732727 ,10.25238 ,-7.901001 ,-3.7750244 ,?
12.632965 ,-19.717499 ,3.2769165 ,-1.236084 ,2.6628265 ,-1.3197937 ,7.8567505 ,2.2781372 ,8.422852 ,?
10.269257 ,-19.717499 ,0.78704834 ,1.0414581 ,3.004776 ,-0.7321625 ,3.8085938 ,0.6240845 ,12.266541 ,?
7.53183 ,-19.717499 ,0.13006592 ,-0.9238281 ,-2.500183 ,2.1325836 ,9.011841 ,-8.651733 ,1.184082 ,?
4.4325867 ,-19.717499 ,-0.029418945 ,1.4046783 ,-2.813034 ,0.6970825 ,9.751892 ,-7.9193115 ,-0.6958008 ,?
2.9353333 ,-19.717499 ,-0.015136719 ,-0.40621948 ,2.4368591 ,-2.3384552 ,7.2021484 ,2.005005 ,10.453796 ,?
2.9496155 ,-19.717499 ,0.8465576 ,0.10328674 ,1.6671295 ,-0.95240784 ,5.807495 ,-3.263855 ,10.237122 ,?
2.690155 ,-19.717499 ,1.8201294 ,-1.7652283 ,-2.6941528 ,2.6555786 ,8.218384 ,-10.289001 ,-1.4785767 ,?
1.4380798 ,-19.717499 ,2.5913696 ,0.46281433 ,-0.87467957 ,0.2585144 ,11.061096 ,-5.8044434 ,2.2659302 ,?
0.050323486 ,-19.717499 ,2.0510254 ,-0.36872864 ,2.495926 ,-2.5319366 ,5.944824 ,2.2598267 ,11.169434 ,?
-0.7494812 ,-19.717499 ,0.9703369 ,0.1603241 ,1.1838531 ,0.21435547 ,5.859375 ,-5.4641724 ,9.654236 ,?
-1.4183655 ,-19.543732 ,-0.16271973 ,-1.0962677 ,-3.1756134 ,2.032074 ,8.891296 ,-9.010315 ,-2.758789 ,?
-1.8492126 ,-16.44925 ,-0.7649536 ,-0.04951477 ,-0.8991394 ,-0.18016052 ,10.820007 ,-2.531433 ,1.8341064 ,?
-2.0420227 ,-13.747528 ,-1.4290771 ,0.05419922 ,2.9875336 ,-1.5805206 ,6.324768 ,2.2262573 ,10.902405 ,?
-2.0777283 ,-11.471893 ,-2.2288818 ,-0.6091614 ,-0.21601868 ,1.1079407 ,6.0653687 ,-7.3394775 ,7.092285 ,?
-2.0039368 ,-9.853241 ,-2.2693481 ,0.20828247 ,-2.9313812 ,0.5837097 ,8.735657 ,-8.7890625 ,-3.741455 ,?
-2.1039124 ,-8.746368 ,-2.3978882 ,-1.1944275 ,0.85476685 ,-0.6876221 ,10.923767 ,-2.053833 ,2.6657104 ,?
-2.66568 ,-7.6299744 ,-2.9144287 ,1.0127258 ,3.2030792 ,-1.5161133 ,5.7724 ,2.1240234 ,11.834717 ,?
-3.7487488 ,-6.525482 ,-3.7594604 ,-1.241806 ,-1.5460968 ,1.8786316 ,7.823181 ,-4.5776367 ,7.658386 ,?
-4.9913025 ,-5.594757 ,-4.756836 ,0.97576904 ,-2.395996 ,0.78274536 ,8.149719 ,-9.573364 ,-4.107666 ,?
-6.2933655 ,-4.8973083 ,-6.1921997 ,-1.4303284 ,1.3476563 ,-0.9011383 ,9.442139 ,-4.23584 ,3.6972046 ,?
-7.8191833 ,-3.861847 ,-7.515686 ,1.1134491 ,3.2023315 ,-1.5432434 ,4.722595 ,0.6744385 ,12.350464 ,?
-9.483063 ,-2.412201 ,-8.320251 ,-1.9574432 ,-2.248001 ,2.1256866 ,8.787537 ,-5.3619385 ,3.8635254 ,?
-10.858917 ,-1.0506287 ,-8.558289 ,1.3877411 ,-2.4211426 ,0.30604553 ,8.06427 ,-8.361816 ,-5.555725 ,?
-11.849152 ,-0.19845581 ,-8.1536255 ,-0.9977417 ,2.4219666 ,-1.5497589 ,10.372925 ,-1.81427 ,4.463196 ,?
-12.429962 ,0.46090698 ,-6.970581 ,0.9388733 ,2.6793213 ,-1.1586151 ,6.1172485 ,1.2023926 ,11.335754 ,?
-12.518036 ,1.1559753 ,-5.589966 ,-1.7979126 ,-2.6530304 ,2.7708282 ,7.8918457 ,-9.112549 ,1.3671875 ,?
-11.970551 ,1.5415955 ,-4.2783813 ,0.5646515 ,-2.1779938 ,-0.06437683 ,8.338928 ,-8.2595825 ,-3.7246704 ,?
-11.051727 ,1.384491 ,-2.8668213 ,-0.48434448 ,2.3806305 ,-1.9167023 ,8.718872 ,-1.6784668 ,8.357239 ,?
-10.118622 ,1.0798035 ,-1.5909424 ,0.5870819 ,2.5561218 ,-1.1549225 ,4.498291 ,-2.5131226 ,11.535645 ,?
-9.247406 ,0.5275574 ,-0.21032715 ,-2.4830017 ,-3.08461 ,3.0490723 ,10.354614 ,-6.776428 ,0.78582764 ,?
-8.76181 ,-0.43649292 ,1.4464111 ,0.20272827 ,-1.8231659 ,0.06048584 ,10.751343 ,-6.6574097 ,-0.7949829 ,?
-8.033417 ,-1.200592 ,3.2578735 ,0.09553528 ,3.791977 ,-2.3301697 ,7.0480347 ,-0.84228516 ,10.30426 ,?
-6.2552795 ,-2.6716614 ,4.9074707 ,0.47225952 ,1.7683258 ,0.3242035 ,5.5145264 ,-1.5762329 ,11.051941 ,?
-3.4345398 ,-5.3971863 ,6.0619507 ,-1.3839722 ,-3.3065643 ,2.0330353 ,9.562683 ,-7.08313 ,1.0848999 ,?
3.754181 ,-5.568573 ,10.639404 ,0.25367737 ,-1.1640778 ,-0.35699463 ,10.614014 ,-4.4403076 ,0.8010864 ,?
1.214325 ,-4.7711487 ,7.0997925 ,-0.41374207 ,3.565918 ,-2.5144806 ,7.270813 ,3.5049438 ,10.319519 ,?
-3.6059265 ,-10.541168 ,7.2997437 ,-0.10462952 ,0.40589905 ,1.0436401 ,9.30481 ,-2.1896362 ,7.658386 ,?
-5.4340515 ,-17.946503 ,7.5544434 ,-0.5838928 ,-3.7494507 ,1.59729 ,9.562683 ,-7.7651978 ,0.4852295 ,?
-5.931549 ,-19.717499 ,5.54541 ,-0.546463 ,-0.64508057 ,-0.21113586 ,10.871887 ,-2.0370483 ,5.444336 ,?
-8.369049 ,-19.717499 ,4.288574 ,0.19995117 ,4.051056 ,-1.8981171 ,6.237793 ,1.3916016 ,11.851501 ,?
-17.2883 ,-19.717499 ,-6.380249 ,-0.79185486 ,0.12748718 ,0.81100464 ,8.752441 ,-4.508972 ,5.8273315 ,?
-8.307159 ,-19.717499 ,-14.27356 ,0.11022949 ,-3.2406616 ,2.0046692 ,10.0112915 ,-7.7651978 ,-2.0111084 ,?
0.82870483 ,-19.717499 ,-4.0546265 ,-1.3583374 ,0.3582611 ,-0.38331604 ,10.13031 ,-2.973938 ,4.1290283 ,?
2.4283142 ,-19.717499 ,-3.814209 ,1.190033 ,3.6302643 ,-3.0364075 ,6.427002 ,-1.2527466 ,10.237122 ,?
4.7063293 ,-19.717499 ,-4.390259 ,-1.3679962 ,-0.89508057 ,2.242813 ,9.751892 ,-7.373047 ,1.1016846 ,?
7.9983826 ,-19.717499 ,-5.1448364 ,0.29847717 ,-3.231308 ,1.4917603 ,10.30426 ,-7.0999146 ,-2.6931763 ,?
9.000519 ,-19.029572 ,-5.4709473 ,-1.0483704 ,1.3555603 ,-1.1596222 ,9.959412 ,-0.55236816 ,6.892395 ,?
7.3961487 ,-16.89914 ,-4.9448853 ,0.54356384 ,3.7065277 ,-2.1827698 ,7.272339 ,-0.5874634 ,10.88562 ,?
4.6896667 ,-14.987701 ,-4.9401245 ,-1.5361176 ,-1.4340515 ,1.7366791 ,9.838867 ,-7.5942993 ,1.7837524 ,?
2.9924622 ,-13.242889 ,-5.5875854 ,0.9299469 ,-3.2715302 ,0.9365082 ,9.855652 ,-7.5775146 ,-1.9607544 ,?
2.7115784 ,-11.814667 ,-6.368347 ,-0.85717773 ,1.503067 ,-1.2002106 ,8.390808 ,-1.2527466 ,7.5408936 ,?
3.087677 ,-10.155548 ,-7.310974 ,0.90911865 ,3.1708221 ,-1.3639526 ,6.9091797 ,-1.5930176 ,9.5047 ,?
3.7494202 ,-7.760895 ,-7.7561035 ,-1.3665009 ,-2.201645 ,1.9309692 ,9.631348 ,-8.345032 ,0.6515503 ,?
4.699188 ,-5.5733337 ,-7.4752197 ,0.609787 ,-3.4626617 ,0.49552917 ,10.820007 ,-6.588745 ,-0.43029785 ,?
5.8370056 ,-3.9618225 ,-6.5111694 ,-0.9739685 ,2.6214905 ,-1.2338562 ,7.650757 ,1.663208 ,9.255981 ,?
7.303314 ,-2.5002747 ,-4.8758545 ,0.69203186 ,3.0158386 ,-1.0012817 ,5.944824 ,-2.7526855 ,9.237671 ,?
9.0433655 ,-0.9411316 ,-3.4785767 ,-1.5628815 ,-2.8066864 ,1.980423 ,9.683228 ,-8.46405 ,-1.6281128 ,?
10.902435 ,0.95840454 ,-2.871582 ,0.9398346 ,-2.4779663 ,0.61227417 ,11.216736 ,-5.343628 ,-0.41351318 ,?
12.835297 ,2.4080505 ,-2.5240479 ,-0.68382263 ,3.46727 ,-2.2515106 ,6.5307617 ,2.2949219 ,9.803772 ,?
14.294464 ,3.2983093 ,-1.8075562 ,0.24250793 ,1.9322357 ,-0.019348145 ,7.3410034 ,-3.4179688 ,8.323669 ,?
14.582489 ,4.1980896 ,-1.2410278 ,-1.2036133 ,-2.8969421 ,2.0226746 ,8.631897 ,-9.675598 ,-2.7420044 ,?
13.7517395 ,3.9529114 ,-0.60546875 ,0.6223297 ,-1.6067047 ,0.16537476 ,9.820557 ,-5.2597046 ,0.50201416 ,?
12.428253 ,3.2935486 ,-0.29125977 ,-0.4612732 ,2.9511108 ,-2.1584167 ,5.1361084 ,0.9475708 ,11.584473 ,?
11.211884 ,2.7722473 ,0.0015258789 ,0.3169098 ,1.6026154 ,0.63887024 ,7.0480347 ,-5.445862 ,7.8414917 ,?
10.531097 ,2.0628967 ,0.4442749 ,-1.3038025 ,-3.4814148 ,1.7088013 ,9.510803 ,-8.157349 ,-1.9943237 ,?
10.247833 ,1.2345276 ,0.69659424 ,-0.06147766 ,-1.177597 ,-0.16494751 ,10.614014 ,-2.156067 ,4.4952393 ,?
10.1597595 ,0.07766724 ,1.0465088 ,-0.1915741 ,3.5181122 ,-1.6880188 ,5.859375 ,2.9586792 ,11.51886 ,?
10.133575 ,-0.93637085 ,1.2178955 ,-0.562912 ,0.4307251 ,0.80773926 ,8.702087 ,-5.8563232 ,4.145813 ,?
10.052643 ,-2.7216492 ,1.3178711 ,0.3690796 ,-2.9201202 ,0.8871002 ,8.821106 ,-7.6797485 ,-5.2215576 ,?
10.188324 ,-5.6566467 ,0.7061157 ,-1.0267334 ,-0.10018921 ,-0.019088745 ,11.044312 ,-1.4572144 ,3.314209 ,?
10.957184 ,-9.834198 ,-0.2793579 ,1.041626 ,3.5689545 ,-2.7662354 ,6.427002 ,1.5106201 ,11.135864 ,?
12.304474 ,-14.997223 ,-1.0648804 ,-1.2223053 ,-0.8463745 ,2.4315948 ,9.25293 ,-6.980896 ,4.978943 ,?
13.523224 ,-19.717499 ,-1.9646606 ,0.7789154 ,-2.9578247 ,0.9491577 ,9.011841 ,-9.573364 ,-2.7755737 ,?
13.523224 ,-19.717499 ,-5.1400757 ,-1.7258148 ,1.4589539 ,-1.0750275 ,9.458923 ,-1.4907837 ,7.2753906 ,?
11.661774 ,-19.717499 ,-7.9370117 ,0.9505615 ,3.6519012 ,-1.9096527 ,5.3588867 ,1.8508911 ,10.836792 ,?
8.75058 ,-19.717499 ,-10.084106 ,-2.1074524 ,-2.093338 ,2.3059845 ,9.458923 ,-7.56073 ,2.4154663 ,?
6.0655212 ,-19.717499 ,-10.860107 ,0.5509796 ,-3.0025787 ,0.42744446 ,8.459473 ,-9.162903 ,-2.8427124 ,?
4.0065002 ,-19.717499 ,-11.971741 ,-0.6511383 ,2.4459991 ,-2.0086212 ,9.14917 ,-0.56915283 ,8.106995 ,?
2.542572 ,-19.717499 ,-11.309998 ,0.56977844 ,3.1392517 ,-0.6978302 ,4.963684 ,-0.9628296 ,12.417603 ,?
1.6142273 ,-19.717499 ,-8.691589 ,-2.0222778 ,-3.0215912 ,2.3524475 ,9.063721 ,-7.373047 ,2.6657104 ,?
1.0524597 ,-19.717499 ,-6.6325684 ,0.5636902 ,-1.9847107 ,-0.05619812 ,10.614014 ,-7.510376 ,-1.4938354 ,?
0.68588257 ,-19.717499 ,-5.694702 ,-0.6246948 ,2.5852203 ,-1.873764 ,8.288574 ,-0.2975464 ,9.237671 ,?
0.21218872 ,-19.717499 ,-5.506653 ,0.6168823 ,2.5581512 ,-0.59565735 ,5.961609 ,-1.7120361 ,10.820007 ,?
-0.3210144 ,-19.717499 ,-5.309082 ,-1.4620514 ,-2.9990997 ,2.8605042 ,9.959412 ,-6.9976807 ,-0.064086914 ,?
-0.8256531 ,-17.053864 ,-4.809204 ,0.27770996 ,-1.5801086 ,0.3361206 ,10.855103 ,-6.2820435 ,-3.3584595 ,?
-1.1922302 ,-14.066498 ,-4.283142 ,-0.30265808 ,2.9059753 ,-3.0533447 ,8.563232 ,0.72631836 ,8.473206 ,?
-1.3564758 ,-11.467133 ,-3.4714355 ,-0.2258606 ,1.920166 ,0.24116516 ,8.097839 ,-2.4627686 ,8.589172 ,?
-1.3850403 ,-9.360504 ,-2.697815 ,-1.3439636 ,-3.4879303 ,2.199768 ,9.631348 ,-8.004761 ,-2.3757935 ,?
-1.344574 ,-7.8299255 ,-2.1241455 ,-0.067840576 ,-1.5237732 ,-0.005355835 ,9.786987 ,-5.293274 ,-0.43029785 ,?
-1.5492859 ,-6.730194 ,-1.8884888 ,-0.1700592 ,3.7639465 ,-2.8174438 ,6.9091797 ,0.96435547 ,11.068726 ,?
-2.0586853 ,-5.8684998 ,-2.0265503 ,-0.8368225 ,0.750473 ,1.6733398 ,7.218933 ,-4.8324585 ,7.608032 ,?
-2.8751526 ,-5.106781 ,-3.1310425 ,0.09777832 ,-3.3233337 ,1.5172882 ,9.751892 ,-7.952881 ,-1.1291504 ,?
-3.8511047 ,-4.3926697 ,-4.373596 ,-0.5085907 ,-0.38542175 ,-0.1085968 ,10.475159 ,-4.4067383 ,2.4658203 ,?
-5.072235 ,-3.6618958 ,-5.301941 ,1.2185059 ,2.9235992 ,-2.5891876 ,6.134033 ,0.02746582 ,11.584473 ,?
-6.5195007 ,-2.9882507 ,-5.918457 ,-0.68792725 ,-0.522522 ,0.7174835 ,7.7026367 ,-6.2301636 ,6.376648 ,?
-8.214325 ,-2.2122498 ,-6.244568 ,0.2373352 ,-2.790451 ,1.1995239 ,8.924866 ,-8.874512 ,-2.9251099 ,?
-9.932953 ,-1.200592 ,-6.5563965 ,-1.0074005 ,0.7769623 ,-1.76268 ,10.647583 ,-4.0649414 ,2.4658203 ,?
-11.592072 ,-0.10800171 ,-6.4611816 ,1.5858765 ,1.6577301 ,0.03955078 ,6.1691284 ,-1.3366699 ,11.485291 ,?
-13.298798 ,0.9703064 ,-5.9970093 ,0.10157776 ,-1.8786011 ,0.1988678 ,9.407043 ,-6.7596436 ,4.096985 ,?
-14.289032 ,1.8843689 ,-5.3828735 ,0.7371521 ,-0.77523804 ,0.37532043 ,9.355164 ,-9.062195 ,-2.809143 ,?
-14.010529 ,2.2366638 ,-4.685425 ,0.6607361 ,-0.16481018 ,0.5384674 ,9.872437 ,-1.6616821 ,5.7769775 ,?
-12.794159 ,2.0462341 ,-3.519043 ,0.60743713 ,0.42341614 ,0.54226685 ,6.289673 ,1.3397217 ,10.935974 ,?
-11.204071 ,1.6106262 ,-2.6644897 ,0.5439911 ,-0.3827057 ,-0.015136719 ,8.702087 ,-7.8338623 ,0.78582764 ,?
-9.835358 ,1.1631165 ,-2.0289307 ,0.23139954 ,0.4121399 ,0.18823242 ,8.959961 ,-8.226013 ,-2.6931763 ,?
-8.857025 ,0.50613403 ,-1.5504761 ,-0.1295166 ,-0.060562134 ,-0.24969482 ,9.579468 ,0.64086914 ,7.2921753 ,?
-8.369049 ,-0.15560913 ,-0.98394775 ,-0.38116455 ,0.3684082 ,0.2471466 ,6.4102173 ,-2.1224976 ,10.919189 ,?
-8.104828 ,-1.1148987 ,0.015808105 ,0.2746582 ,0.4303589 ,0.115600586 ,8.943176 ,-8.413696 ,-0.37994385 ,?
-7.514496 ,-2.6335754 ,1.5344849 ,0.049346924 ,-0.052337646 ,0.43122864 ,9.959412 ,-6.895447 ,-1.6281128 ,?
-5.750641 ,-5.5661926 ,2.805603 ,-0.059661865 ,0.17753601 ,0.19100952 ,8.8394165 ,1.4419556 ,9.27124 ,?
-3.4202576 ,-9.33194 ,3.081726 ,0.12731934 ,-0.06359863 ,-0.030136108 ,6.3934326 ,-3.8772583 ,9.005737 ,?
-2.6942444 ,-12.162201 ,2.131958 ,-0.048553467 ,0.08065796 ,0.2715454 ,9.356689 ,-8.413696 ,-1.6448975 ,?
-3.3512268 ,-16.016022 ,1.9558105 ,0.06744385 ,0.17710876 ,3.0517578E-5 ,10.493469 ,-5.6167603 ,-0.2456665 ,?
-3.5845032 ,-19.717499 ,2.7698975 ,-0.076812744 ,-0.13900757 ,0.04345703 ,7.357788 ,1.5777588 ,9.971619 ,?
-2.4514465 ,-19.717499 ,2.8294067 ,0.2087555 ,-0.01675415 ,0.47860718 ,7.4783325 ,-4.2022705 ,9.188843 ,?
