-9.135529 ,-2.188446 ,2.6413574 ,0.3539734 ,-0.17485046 ,0.17729187 ,-14.422607 ,30.28717 ,-6.387329 ,Andar
-9.092682 ,-2.226532 ,2.85083 ,-0.84265137 ,-1.0372925 ,-0.10272217 ,-16.833496 ,22.749329 ,-0.5630493 ,Andar
-9.264069 ,-1.9623108 ,3.9910278 ,0.36010742 ,-1.2165833 ,-0.16099548 ,-10.029602 ,14.002991 ,2.682495 ,Andar
-8.285736 ,-2.7478333 ,2.5437622 ,-0.048339844 ,-0.47460938 ,-0.6652527 ,-5.7922363 ,14.03656 ,2.9159546 ,Andar
-7.7168274 ,-2.7192688 ,3.312622 ,0.5784912 ,-0.20401001 ,-1.2100983 ,-2.8457642 ,14.361572 ,3.6636353 ,Andar
-9.91391 ,-2.0694275 ,2.4961548 ,1.9593506 ,-0.39231873 ,-1.1553497 ,3.390503 ,16.168213 ,7.524109 ,Andar
-10.394745 ,-1.8694763 ,2.427124 ,0.667511 ,1.0853729 ,-1.9467773 ,6.956482 ,21.67511 ,11.535645 ,Andar
-8.7308655 ,-2.078949 ,2.6437378 ,-3.3801117 ,3.0515137 ,1.6590881 ,2.4429321 ,23.10791 ,15.129089 ,Andar
-8.047699 ,-1.9837341 ,3.1079102 ,-0.7296448 ,0.4305725 ,1.5614014 ,-9.805298 ,16.304016 ,6.025696 ,Andar
-9.099823 ,0.29904175 ,3.8172607 ,-2.590454 ,-0.2765808 ,0.51475525 ,-12.078857 ,17.36145 ,3.3981323 ,Andar
-8.940338 ,-0.7030945 ,2.5223389 ,0.8870697 ,0.35227966 ,0.74653625 ,-12.974548 ,17.770386 ,0.83465576 ,Andar
-8.973663 ,-2.5550232 ,2.279541 ,3.3892365 ,-0.6669769 ,-2.041626 ,-13.284302 ,18.452454 ,3.1982422 ,Andar
-8.752289 ,-3.6880798 ,1.8891602 ,-0.23910522 ,-1.5678864 ,-2.878708 ,-3.741455 ,15.315247 ,12.583923 ,Andar
-8.802277 ,-3.933258 ,1.8201294 ,0.55200195 ,0.3664856 ,0.55737305 ,5.6289673 ,22.20459 ,13.748169 ,Andar
-8.845123 ,-3.4238586 ,2.0891113 ,-0.6149292 ,1.4615631 ,2.736969 ,-2.6397705 ,16.748047 ,13.415527 ,Andar
-8.802277 ,-2.7478333 ,2.2462158 ,-0.55900574 ,1.0014191 ,1.1629486 ,-11.769104 ,18.656921 ,9.155273 ,Andar
-8.904633 ,-2.0837097 ,2.6032715 ,-1.0527496 ,-0.003250122 ,0.053390503 ,-14.491272 ,18.692017 ,6.9259644 ,Andar
-8.945099 ,-1.745697 ,3.055542 ,0.8381958 ,-1.0550232 ,-2.859375 ,-10.717773 ,17.311096 ,4.911804 ,Andar
-8.88797 ,-1.8409119 ,3.157898 ,0.73283386 ,-0.6437988 ,-2.0263977 ,-5.1879883 ,11.66687 ,8.256531 ,Andar
-8.876068 ,-1.9051819 ,3.260254 ,1.4259796 ,0.8219757 ,1.1671143 ,1.5472412 ,17.549133 ,16.493225 ,Andar
-8.911774 ,-1.9266052 ,3.2650146 ,-0.5048065 ,1.4751892 ,1.9472046 ,-6.9625854 ,18.504333 ,13.996887 ,Andar
-9.006989 ,-1.995636 ,3.0983887 ,-1.2263184 ,0.45336914 ,0.032928467 ,-11.270142 ,20.515442 ,11.003113 ,Andar
-9.059357 ,-2.0718079 ,3.036499 ,-0.7593384 ,0.41989136 ,0.31544495 ,-11.924744 ,18.333435 ,8.206177 ,Andar
-9.114105 ,-2.1551208 ,2.9960327 ,1.03302 ,-0.4757843 ,-0.18785095 ,-12.045288 ,18.930054 ,7.458496 ,Andar
-9.049835 ,-2.1955872 ,2.9698486 ,0.03262329 ,-1.5493011 ,-1.9714508 ,-9.7717285 ,17.736816 ,8.2901 ,Andar
-9.023651 ,-2.2098694 ,2.97937 ,-0.2543335 ,-0.4319458 ,-0.7112274 ,-4.96521 ,11.070251 ,10.070801 ,Andar
-8.992706 ,-2.1479797 ,3.0674438 ,0.0074768066 ,1.0082092 ,1.7521667 ,-3.604126 ,13.064575 ,10.253906 ,Andar
-8.987946 ,-2.0884705 ,3.0603027 ,-0.19975281 ,1.054184 ,1.4452972 ,-9.185791 ,18.521118 ,10.4522705 ,Andar
-9.037933 ,-2.0456238 ,3.176941 ,-1.615799 ,0.37176514 ,0.6661072 ,-12.85553 ,18.26477 ,6.3095093 ,Andar
-9.102203 ,-1.9908752 ,3.2650146 ,1.0969543 ,-0.86660767 ,-1.8856812 ,-12.992859 ,17.89093 ,5.7769775 ,Andar
-9.168854 ,-1.9527893 ,3.1888428 ,0.30392456 ,-0.89871216 ,-2.5104675 ,-7.394409 ,12.519836 ,4.2633057 ,Andar
-9.223602 ,-1.9266052 ,3.2197876 ,-0.019119263 ,0.04385376 ,0.5006561 ,-1.210022 ,10.456848 ,11.601257 ,Andar
-9.292633 ,-1.9789734 ,3.2078857 ,0.29634094 ,0.9078064 ,2.0379944 ,-6.3598633 ,13.09967 ,8.023071 ,Andar
-9.318817 ,-1.9623108 ,3.100769 ,-0.8455353 ,0.5929718 ,1.3014221 ,-10.287476 ,18.487549 ,8.323669 ,Andar
-9.306915 ,-1.9908752 ,3.2197876 ,0.126297 ,0.013259888 ,0.0021209717 ,-12.854004 ,18.128967 ,6.376648 ,Andar
-9.2378845 ,-1.9432678 ,3.222168 ,0.4785614 ,-0.93966675 ,-2.2831268 ,-10.40802 ,17.855835 ,5.6777954 ,Andar
-9.156952 ,-1.9670715 ,3.1436157 ,0.54837036 ,-0.49079895 ,-1.776886 ,-3.6560059 ,12.059021 ,7.475281 ,Andar
-9.140289 ,-1.976593 ,3.1412354 ,-0.6205902 ,0.20043945 ,0.8972473 ,1.0131836 ,15.519714 ,12.615967 ,Andar
-9.235504 ,-2.0051575 ,3.1817017 ,0.21794128 ,0.9059906 ,2.2489014 ,-5.671692 ,15.657043 ,8.389282 ,Andar
-9.368805 ,-2.0480042 ,3.100769 ,-1.2716522 ,0.50250244 ,1.0826263 ,-10.51178 ,18.197632 ,7.7407837 ,Andar
-9.571136 ,-2.1122742 ,3.0960083 ,1.4593658 ,-0.4294281 ,-0.49253845 ,-13.233948 ,18.571472 ,6.07605 ,Andar
-9.809174 ,-2.1860657 ,3.0722046 ,-0.61465454 ,-1.382782 ,-3.0028229 ,-9.030151 ,16.42456 ,6.576538 ,Andar
-9.8663025 ,-2.1741638 ,3.029358 ,0.2570343 ,-0.3804016 ,-1.1374664 ,1.5289307 ,13.713074 ,10.820007 ,Andar
-9.861542 ,-2.1217957 ,2.8651123 ,-0.07098389 ,0.98902893 ,2.368637 ,0.7888794 ,15.707397 ,9.837341 ,Andar
-9.749664 ,-2.040863 ,2.7841797 ,0.9306946 ,1.0925903 ,1.7959137 ,-9.150696 ,17.190552 ,9.521484 ,Andar
-9.675873 ,-2.040863 ,2.7246704 ,-1.1188049 ,0.4102173 ,0.6908417 ,-12.69989 ,19.509888 ,9.753418 ,Andar
-9.6996765 ,-2.0813293 ,2.7056274 ,0.59536743 ,-1.1101379 ,-1.7854309 ,-12.3550415 ,19.134521 ,7.9574585 ,Andar
-9.840118 ,-2.1527405 ,2.6437378 ,-0.2988739 ,-1.1947327 ,-2.4088898 ,-7.635498 ,11.427307 ,5.89447 ,Andar
-10.032928 ,-2.2312927 ,2.6294556 ,0.019058228 ,0.08204651 ,0.06272888 ,0.9613037 ,13.900757 ,13.198853 ,Andar
-10.113861 ,-2.290802 ,2.4937744 ,0.16064453 ,1.091568 ,2.509201 ,-3.8452148 ,14.633179 ,9.056091 ,Andar
-10.16861 ,-2.2669983 ,2.305725 ,-0.3696289 ,0.6660919 ,1.1828613 ,-10.374451 ,18.606567 ,9.538269 ,Andar
-10.142426 ,-2.1479797 ,2.2009888 ,-0.5558014 ,-0.02407837 ,0.16596985 ,-12.854004 ,18.128967 ,7.1746826 ,Andar
-10.156708 ,-1.9908752 ,2.2319336 ,0.67285156 ,-1.1065063 ,-2.3794098 ,-9.701538 ,17.601013 ,5.9265137 ,Andar
-10.204315 ,-1.8313904 ,2.1676636 ,0.19807434 ,-0.6424713 ,-1.7423401 ,-3.0517578 ,12.689209 ,9.022522 ,Andar
-10.268585 ,-1.7195129 ,2.1176758 ,-0.25309753 ,0.43217468 ,0.86131287 ,2.0812988 ,16.612244 ,13.148499 ,Andar
-10.313812 ,-1.6290588 ,1.9605713 ,0.26638794 ,0.99154663 ,2.1001587 ,-5.3085327 ,16.3208 ,10.003662 ,Andar
-10.263824 ,-1.6052551 ,1.8772583 ,-1.1144867 ,0.575943 ,1.1984558 ,-11.270142 ,19.015503 ,8.572388 ,Andar
-10.23526 ,-1.6481018 ,1.7272949 ,0.014465332 ,-0.27824402 ,-0.78567505 ,-12.785339 ,18.367004 ,5.9768677 ,Andar
-10.442352 ,-1.6338196 ,1.8701172 ,0.90426636 ,-0.98843384 ,-2.17482 ,-9.823608 ,15.367126 ,5.1452637 ,Andar
-10.885101 ,-1.3767395 ,2.234314 ,0.044799805 ,-0.4637146 ,-0.90515137 ,-2.0019531 ,10.830688 ,10.836792 ,Andar
-11.423065 ,-0.9316101 ,2.5913696 ,0.04550171 ,0.7032013 ,1.0426788 ,-0.21057129 ,14.855957 ,12.599182 ,Andar
-11.934845 ,-0.39126587 ,2.9246216 ,-0.29421997 ,0.74806213 ,1.5239105 ,-6.428528 ,17.430115 ,10.121155 ,Andar
-12.075287 ,0.1871643 ,3.2650146 ,-0.6846771 ,0.56526184 ,1.2747803 ,-10.908508 ,18.247986 ,8.52356 ,Andar
-11.784882 ,0.5108948 ,3.524475 ,0.5781708 ,-0.6127777 ,-1.0337524 ,-12.733459 ,19.203186 ,6.991577 ,Andar
-11.346893 ,0.22763062 ,3.5220947 ,0.117111206 ,-1.1132965 ,-2.1776428 ,-8.9782715 ,15.41748 ,6.5933228 ,Andar
-10.737518 ,0.1633606 ,3.331665 ,0.07807922 ,-0.31225586 ,-0.8973999 ,-0.9170532 ,14.326477 ,12.649536 ,Andar
-10.011505 ,0.39901733 ,3.574463 ,-0.033432007 ,0.97909546 ,1.570694 ,-0.7965088 ,16.220093 ,12.266541 ,Andar
-9.352142 ,0.48233032 ,3.4744873 ,-0.7190094 ,0.8264618 ,2.0332947 ,-8.427429 ,17.497253 ,9.555054 ,Andar
-8.787994 ,0.09194946 ,3.6054077 ,-0.30784607 ,0.17811584 ,0.48843384 ,-12.940979 ,18.725586 ,6.326294 ,Andar
-8.399994 ,-0.3222351 ,3.9553223 ,0.7184143 ,-0.97673035 ,-1.6394196 ,-11.769104 ,18.452454 ,6.159973 ,Andar
-8.028656 ,-0.7983093 ,4.4813843 ,0.16496277 ,-0.8490448 ,-2.159439 ,-9.013367 ,10.267639 ,5.128479 ,Andar
-7.8406067 ,-1.3172302 ,4.895569 ,-0.23414612 ,0.16760254 ,0.15785217 ,0.3753662 ,14.7872925 ,14.030457 ,Andar
-7.873932 ,-1.848053 ,5.1359863 ,-0.085617065 ,0.859848 ,1.9709778 ,-4.7058105 ,14.56604 ,9.188843 ,Andar
-8.209564 ,-2.0456238 ,5.126465 ,-1.5727081 ,0.4882965 ,1.5757141 ,-10.063171 ,17.582703 ,6.7092896 ,Andar
-8.526154 ,-2.0622864 ,5.2669067 ,0.30441284 ,-0.08699036 ,-0.26567078 ,-12.612915 ,17.515564 ,4.345703 ,Andar
-8.837982 ,-1.9028015 ,5.276428 ,1.6891174 ,-0.85517883 ,-2.0252228 ,-10.821533 ,16.9693 ,5.0109863 ,Andar
-8.987946 ,-1.9718323 ,5.193115 ,0.34724426 ,-0.7991638 ,-1.3919983 ,-4.878235 ,13.166809 ,11.917114 ,Andar
-8.937958 ,-2.3050842 ,5.0026855 ,-1.0034485 ,0.3687744 ,0.71380615 ,0.01373291 ,17.259216 ,13.548279 ,Andar
-8.833221 ,-2.7621155 ,4.743225 ,-0.3970337 ,0.83340454 ,2.2787018 ,-6.411743 ,15.878296 ,9.338379 ,Andar
-8.659454 ,-3.2810364 ,4.493286 ,-1.0800323 ,0.466568 ,1.3251953 ,-11.442566 ,17.276001 ,6.6085815 ,Andar
-8.340485 ,-3.6666565 ,4.300476 ,1.0889435 ,-0.51013184 ,-1.1729736 ,-13.371277 ,17.617798 ,4.246521 ,Andar
-8.181 ,-3.990387 ,4.307617 ,0.6405945 ,-1.0792694 ,-2.2062225 ,-9.667969 ,15.486145 ,5.860901 ,Andar
-8.090546 ,-4.1427307 ,4.3861694 ,-0.7104187 ,-0.24598694 ,-0.76309204 ,-1.5197754 ,12.843323 ,10.5026245 ,Andar
-8.1024475 ,-4.152252 ,4.421875 ,0.32107544 ,0.8022766 ,1.8908081 ,-2.1392822 ,13.354492 ,8.673096 ,Andar
-8.214325 ,-3.9094543 ,4.626587 ,-1.1518707 ,0.49658203 ,1.7606659 ,-9.719849 ,17.549133 ,7.10907 ,Andar
-8.24765 ,-3.483368 ,5.0098267 ,0.38478088 ,-0.097457886 ,0.1441803 ,-13.371277 ,17.855835 ,4.711914 ,Andar
-8.30954 ,-3.1144104 ,5.231201 ,1.0135345 ,-0.93299866 ,-2.018982 ,-11.51123 ,17.89093 ,4.7454834 ,Andar
-8.147675 ,-2.8406677 ,5.3287964 ,0.2348175 ,-0.72561646 ,-1.6067963 ,-5.9295654 ,10.76355 ,8.972168 ,Andar
-7.995331 ,-2.7835388 ,5.47876 ,-0.27894592 ,0.29614258 ,0.39533997 ,2.0462036 ,16.712952 ,12.982178 ,Andar
-7.664459 ,-2.8668518 ,5.5144653 ,-0.6327667 ,0.73498535 ,2.0345306 ,-3.741455 ,15.55481 ,9.887695 ,Andar
-7.2693176 ,-2.835907 ,5.462097 ,-1.0828094 ,0.5989075 ,1.5874176 ,-11.097717 ,17.686462 ,6.6085815 ,Andar
-6.9741516 ,-2.8787537 ,5.364502 ,0.9295807 ,-0.22633362 ,-0.87112427 ,-13.78479 ,17.480469 ,4.978943 ,Andar
-6.8575134 ,-3.0953674 ,5.459717 ,0.8039093 ,-1.0771332 ,-2.0785217 ,-9.823608 ,15.742493 ,4.2129517 ,Andar
-6.6718445 ,-3.3286438 ,5.4049683 ,-0.054275513 ,-0.5906067 ,-0.9504852 ,-3.8452148 ,11.053467 ,11.219788 ,Andar
-6.4980774 ,-3.5762024 ,5.409729 ,-0.6233063 ,0.56092834 ,0.9981842 ,-0.5554199 ,14.276123 ,11.502075 ,Andar
-6.1529236 ,-3.6904602 ,5.4454346 ,-0.45759583 ,0.77497864 ,2.2834473 ,-6.893921 ,16.116333 ,7.839966 ,Andar
-5.950592 ,-3.630951 ,5.519226 ,0.026168823 ,0.39179993 ,0.955246 ,-12.078857 ,17.292786 ,5.793762 ,Andar
-5.8458557 ,-3.490509 ,5.640625 ,0.92819214 ,-0.9945679 ,-1.7800446 ,-12.4938965 ,18.79425 ,5.960083 ,Andar
-5.9029846 ,-3.2643738 ,5.821533 ,0.3383789 ,-1.0083008 ,-2.0317993 ,-8.030701 ,10.217285 ,6.9091797 ,Andar
-6.007721 ,-3.0168152 ,6.019104 ,-0.31521606 ,0.026657104 ,-0.09765625 ,2.2872925 ,16.508484 ,13.548279 ,Andar
-5.8768005 ,-2.7192688 ,6.1190796 ,-0.106399536 ,0.9168854 ,1.8778839 ,-2.4490356 ,15.093994 ,10.769653 ,Andar
-5.686371 ,-2.5645447 ,6.1452637 ,-0.8485718 ,0.69487 ,1.6454163 ,-10.494995 ,17.39502 ,8.023071 ,Andar
-5.4530945 ,-2.4455261 ,6.1262207 ,0.034179688 ,-0.21052551 ,-0.119125366 ,-12.631226 ,18.930054 ,6.227112 ,Andar
-5.1388855 ,-2.4907532 ,6.019104 ,0.37490845 ,-0.98469543 ,-2.5164032 ,-9.925842 ,14.889526 ,4.147339 ,Andar
-4.796112 ,-2.669281 ,5.7905884 ,0.7465515 ,-0.47599792 ,-1.3572235 ,-0.21057129 ,12.945557 ,11.201477 ,Andar
-4.39859 ,-2.707367 ,5.6168213 ,-0.8855896 ,0.4628296 ,1.2207794 ,2.3727417 ,17.958069 ,12.234497 ,Andar
-4.058197 ,-2.643097 ,5.4978027 ,-0.10437012 ,0.7087097 ,2.0027008 ,-5.94635 ,15.350342 ,8.8897705 ,Andar
-3.7463684 ,-2.6669006 ,5.5168457 ,-0.9498291 ,0.28573608 ,1.1528015 ,-12.492371 ,17.805481 ,6.326294 ,Andar
-3.6773376 ,-2.6264343 ,5.4835205 ,0.47044373 ,-0.3423767 ,-1.2416077 ,-13.146973 ,18.247986 ,4.26178 ,Andar
-3.7796936 ,-2.5074158 ,5.512085 ,0.77993774 ,-0.81336975 ,-2.1784515 ,-8.7890625 ,13.661194 ,4.345703 ,Andar
-3.8487244 ,-2.412201 ,5.54303 ,0.09169006 ,-0.2224884 ,-0.51945496 ,-0.24414063 ,14.5477295 ,12.30011 ,Andar
-4.058197 ,-2.3860168 ,5.6430054 ,-0.083480835 ,0.7727356 ,1.5404663 ,-0.7446289 ,15.077209 ,11.750793 ,Andar
-4.243866 ,-2.6359558 ,5.86438 ,-0.40472412 ,0.81082153 ,1.8535919 ,-9.512329 ,16.218567 ,8.805847 ,Andar
-4.3057556 ,-2.843048 ,6.461853 ,0.27311707 ,0.03163147 ,0.36923218 ,-13.78479 ,18.299866 ,6.8084717 ,Andar
-4.1391296 ,-2.990631 ,6.6713257 ,0.43055725 ,-1.1771698 ,-2.0310974 ,-13.423157 ,17.088318 ,6.2591553 ,Andar
-4.01297 ,-3.24057 ,6.8046265 ,-0.1721344 ,-0.9194336 ,-1.8876495 ,-6.4804077 ,12.127686 ,12.432861 ,Andar
-3.9963074 ,-3.4214783 ,6.904602 ,-0.53048706 ,0.43527222 ,0.50157166 ,3.2699585 ,18.26477 ,11.502075 ,Andar
-3.891571 ,-3.5857239 ,7.059326 ,0.09751892 ,0.93807983 ,2.3618011 ,-4.3441772 ,15.605164 ,10.403442 ,Andar
-3.8177795 ,-4.4426575 ,7.1497803 ,-1.137497 ,0.51361084 ,1.411972 ,-11.49292 ,17.259216 ,7.092285 ,Andar
-3.7535095 ,-5.556671 ,7.5615845 ,0.20266724 ,-0.09638977 ,-0.58283997 ,-13.439941 ,18.128967 ,4.345703 ,Andar
-3.282196 ,-6.2588806 ,7.3306885 ,0.98036194 ,-1.012146 ,-2.5866241 ,-10.494995 ,16.816711 ,4.296875 ,Andar
-2.7442322 ,-5.3995667 ,7.4259033 ,-0.21464539 ,-0.74938965 ,-1.5099182 ,-2.6916504 ,9.568787 ,8.740234 ,Andar
-2.9299011 ,-4.4164734 ,7.647278 ,-0.0010223389 ,0.6014099 ,1.3364105 ,0.7720947 ,13.644409 ,10.519409 ,Andar
-3.4559631 ,-2.8763733 ,7.630615 ,0.20144653 ,0.9157562 ,1.9539948 ,-6.3598633 ,15.008545 ,7.2921753 ,Andar
-3.8368225 ,-1.9646912 ,9.19928 ,-0.95843506 ,0.53482056 ,1.2997742 ,-11.1831665 ,18.077087 ,7.092285 ,Andar
-4.308136 ,-3.2500916 ,9.408752 ,0.42344666 ,-0.3441925 ,-0.87545776 ,-13.113403 ,17.668152 ,5.393982 ,Andar
-3.8891907 ,-5.454315 ,8.001953 ,0.62153625 ,-1.1760406 ,-2.373001 ,-10.098267 ,17.037964 ,5.345154 ,Andar
-2.9513245 ,-6.715912 ,7.2402344 ,-0.070236206 ,-0.4736023 ,-1.1890564 ,-4.8965454 ,10.353088 ,9.803772 ,Andar
-2.9203796 ,-7.268158 ,8.323303 ,-0.29219055 ,0.6401367 ,1.404068 ,-0.6057739 ,13.61084 ,9.588623 ,Andar
-4.622345 ,-7.363373 ,10.375183 ,-0.70977783 ,0.48049927 ,2.1407013 ,-6.8588257 ,16.867065 ,6.9747925 ,Andar
-6.802765 ,-6.818268 ,10.151428 ,-0.9372864 ,0.15344238 ,1.1979828 ,-11.769104 ,16.645813 ,3.6972046 ,Andar
-7.619232 ,-5.4685974 ,9.244507 ,1.1569824 ,-0.15235901 ,-1.3179779 ,-13.146973 ,17.36145 ,3.463745 ,Andar
-7.2240906 ,-5.0472717 ,7.66156 ,1.1139832 ,-0.8304596 ,-2.302719 ,-9.805298 ,16.816711 ,4.4952393 ,Andar
-6.0743713 ,-4.45932 ,7.328308 ,-0.33448792 ,-0.39546204 ,-0.93873596 ,-4.4311523 ,10.813904 ,10.919189 ,Andar
-4.5675964 ,-3.9880066 ,7.2283325 ,0.14964294 ,0.6891022 ,1.4541626 ,-2.380371 ,14.411926 ,10.403442 ,Andar
-3.5559387 ,-4.3069763 ,7.123596 ,-0.13710022 ,0.9273529 ,2.048462 ,-6.9625854 ,18.299866 ,8.87146 ,Andar
-3.2012634 ,-4.4807434 ,6.8760376 ,-0.45898438 ,0.43078613 ,0.7601013 ,-12.872314 ,18.35022 ,8.48999 ,Andar
-3.3559875 ,-3.9737244 ,6.000061 ,0.9724121 ,-0.82121277 ,-1.4350433 ,-11.717224 ,18.333435 ,8.174133 ,Andar
-3.9177551 ,-4.0189514 ,5.807251 ,-0.1453247 ,-1.1712341 ,-2.1114807 ,-8.323669 ,16.03241 ,7.3913574 ,Andar
-4.5152283 ,-4.3712463 ,5.3859253 ,-0.5584259 ,-0.15327454 ,-0.3357849 ,-2.191162 ,12.860107 ,11.3845825 ,Andar
-4.3771667 ,-4.228424 ,5.1240845 ,-0.36065674 ,0.63116455 ,1.8694 ,-2.4505615 ,14.51416 ,8.406067 ,Andar
-3.9701233 ,-3.5071716 ,5.100281 ,-1.0860138 ,0.49694824 ,2.039917 ,-8.7890625 ,16.3208 ,6.5429688 ,Andar
-3.7915955 ,-2.4360046 ,5.8500977 ,0.5219879 ,0.078201294 ,0.4202881 ,-13.853455 ,17.208862 ,4.446411 ,Andar
-3.9177551 ,-0.4864807 ,6.5999146 ,1.6908722 ,-1.032547 ,-1.9779053 ,-11.373901 ,18.299866 ,6.010437 ,Andar
-4.3509827 ,1.070282 ,7.378296 ,-0.20861816 ,-1.1352386 ,-2.1025543 ,-6.842041 ,12.893677 ,7.524109 ,Andar
-4.91037 ,1.6011047 ,8.161438 ,-0.5148926 ,0.1832428 ,0.22930908 ,1.9439697 ,15.144348 ,12.716675 ,Andar
-5.2341003 ,1.76297 ,8.463745 ,0.26393127 ,1.0019531 ,1.8610687 ,-3.1555176 ,15.519714 ,10.620117 ,Andar
-5.027008 ,2.4461365 ,7.956726 ,-0.67922974 ,0.5623779 ,1.8587646 ,-9.16748 ,17.311096 ,7.7072144 ,Andar
-4.981781 ,2.6080017 ,8.292358 ,0.37901306 ,-0.1949768 ,-0.36024475 ,-13.113403 ,19.134521 ,7.1243286 ,Andar
-4.924652 ,1.3321228 ,8.923157 ,0.568985 ,-1.0329742 ,-1.8010864 ,-10.133362 ,20.072937 ,5.278015 ,Andar
-4.8770447 ,0.8774719 ,9.294495 ,-0.312912 ,-0.5359802 ,-0.9120941 ,-8.668518 ,8.631897 ,5.0613403 ,Andar
-5.1722107 ,1.1845398 ,8.973145 ,-0.028686523 ,0.62913513 ,1.0088196 ,-4.3441772 ,13.116455 ,9.30481 ,Andar
-5.7292175 ,0.9631653 ,9.151672 ,-0.23703003 ,0.49124146 ,1.4844971 ,-8.496094 ,17.736816 ,8.589172 ,Andar
-6.379059 ,-0.49124146 ,9.90625 ,-0.45054626 ,0.49342346 ,1.0517578 ,-11.665344 ,18.759155 ,7.723999 ,Andar
-6.148163 ,-2.245575 ,9.163574 ,0.43258667 ,-0.64727783 ,-1.6473236 ,-11.752319 ,18.299866 ,6.4437866 ,Andar
-4.867523 ,-2.5645447 ,6.319031 ,0.58366394 ,-0.89123535 ,-1.947525 ,-9.065247 ,12.365723 ,6.376648 ,Andar
-3.974884 ,-2.124176 ,6.2785645 ,-0.91682434 ,-0.12742615 ,-0.2884674 ,-1.0375977 ,11.61499 ,11.901855 ,Andar
-3.641632 ,-2.5074158 ,6.2214355 ,0.15914917 ,0.58709717 ,1.7920074 ,-4.034424 ,13.456726 ,8.605957 ,Andar
-3.2131653 ,-3.6238098 ,6.2595215 ,-1.1266632 ,0.27798462 ,1.7776947 ,-10.253906 ,16.339111 ,6.227112 ,Andar
-2.6513977 ,-3.849945 ,7.7424927 ,-0.43911743 ,0.16903687 ,0.31785583 ,-13.5772705 ,16.42456 ,4.6447754 ,Andar
-2.3871765 ,-3.7832947 ,7.9591064 ,2.3321686 ,-0.54008484 ,-1.9283447 ,-12.026978 ,17.276001 ,3.1478882 ,Andar
-2.7275696 ,-3.6428528 ,7.897217 ,0.22644043 ,-1.0493164 ,-1.8394318 ,-7.5317383 ,10.336304 ,9.887695 ,Andar
-3.2322083 ,-3.528595 ,7.91626 ,-1.2760315 ,-0.090789795 ,0.3501587 ,1.0650635 ,13.729858 ,12.599182 ,Andar
-3.8106384 ,-3.297699 ,7.885315 ,0.101257324 ,0.67510986 ,1.7632294 ,-5.3268433 ,13.3377075 ,9.654236 ,Andar
-3.9177551 ,-3.2953186 ,7.5734863 ,-0.9377594 ,0.37176514 ,1.5431366 ,-9.736633 ,15.861511 ,5.9936523 ,Andar
-3.7297058 ,-3.7547302 ,7.1331177 ,-0.1524353 ,0.017425537 ,0.29489136 ,-13.388062 ,16.781616 ,4.6295166 ,Andar
-3.1774597 ,-4.1927185 ,6.3499756 ,2.0332031 ,-0.6986542 ,-1.8988647 ,-11.854553 ,17.140198 ,3.7139893 ,Andar
-2.4395447 ,-4.0737 ,5.459717 ,-0.1860199 ,-0.8843994 ,-1.4996033 ,-10.598755 ,6.312561 ,6.9595337 ,Andar
-2.037262 ,-3.6595154 ,4.933655 ,-0.7513733 ,0.14378357 ,0.1895752 ,-2.6046753 ,10.029602 ,11.51886 ,Andar
-1.7706604 ,-2.8668518 ,5.019348 ,-0.026977539 ,0.6108093 ,2.0097504 ,-6.3079834 ,13.55896 ,6.642151 ,Andar
-1.8444519 ,-1.8551941 ,5.1740723 ,-1.3457336 ,0.44599915 ,1.4718933 ,-11.079407 ,16.40625 ,6.1935425 ,Andar
-2.1300964 ,-0.9982605 ,5.4906616 ,-0.24002075 ,0.10227966 ,-0.39453125 ,-13.198853 ,16.0141 ,2.8823853 ,Andar
-2.396698 ,-0.30319214 ,5.526367 ,2.1966858 ,-0.6178436 ,-2.222992 ,-10.546875 ,16.322327 ,2.7816772 ,Andar
-2.275299 ,0.16812134 ,5.6382446 ,0.10392761 ,-0.6161957 ,-0.9664612 ,-7.789612 ,7.659912 ,7.7072144 ,Andar
-1.8801575 ,0.30856323 ,5.73822 ,-0.544693 ,0.5187378 ,0.7254486 ,-3.4317017 ,9.858704 ,10.220337 ,Andar
-1.5873718 ,0.099090576 ,5.73822 ,-0.75709534 ,0.41171265 ,1.8272095 ,-7.8933716 ,14.376831 ,6.6085815 ,Andar
-1.4897766 ,-0.15084839 ,5.821533 ,-1.075119 ,0.17341614 ,1.4213715 ,-11.442566 ,17.071533 ,4.7454834 ,Andar
-1.5968933 ,-0.26034546 ,6.3690186 ,0.9512024 ,-0.17863464 ,-1.0606079 ,-13.612366 ,16.389465 ,2.7816772 ,Andar
-2.1419983 ,0.011016846 ,6.973633 ,1.1236572 ,-0.75782776 ,-2.1280365 ,-11.424255 ,15.895081 ,2.2994995 ,Andar
-3.1941223 ,0.56326294 ,7.7543945 ,-0.25283813 ,-0.19386292 ,-0.6157379 ,-5.8776855 ,8.563232 ,9.188843 ,Andar
-4.4009705 ,0.7798767 ,8.397095 ,-0.088394165 ,0.46437073 ,1.3092804 ,-3.9489746 ,12.586975 ,9.089661 ,Andar
-5.3554993 ,0.6965637 ,8.930298 ,-1.125061 ,0.1943512 ,1.5155334 ,-9.16748 ,15.878296 ,6.3430786 ,Andar
-5.636383 ,0.38711548 ,8.704163 ,-0.5566559 ,0.21855164 ,1.1255035 ,-12.664795 ,15.997314 ,3.930664 ,Andar
-5.1507874 ,-0.2079773 ,7.8234253 ,0.99339294 ,-0.3595276 ,-1.7673798 ,-12.75177 ,17.344666 ,4.0130615 ,Andar
-4.2867126 ,-0.71499634 ,6.3118896 ,0.5871887 ,-0.5460205 ,-2.1761017 ,-9.237671 ,11.343384 ,1.8844604 ,Andar
-3.782074 ,-0.89352417 ,4.6932373 ,-0.37571716 ,-0.0320282 ,0.16874695 ,-2.053833 ,9.074402 ,9.555054 ,Andar
-3.8749084 ,-0.629303 ,3.5649414 ,-0.09561157 ,0.4462738 ,1.7937164 ,-6.428528 ,11.837769 ,6.159973 ,Andar
-4.743744 ,0.2609558 ,2.9317627 ,-1.2578278 ,0.28097534 ,1.427414 ,-10.821533 ,15.844727 ,4.4784546 ,Andar
-6.110077 ,1.1750183 ,2.222412 ,0.22349548 ,0.11029053 ,0.17504883 ,-13.009644 ,17.123413 ,2.8320313 ,Andar
-7.9881897 ,1.4582825 ,1.8248901 ,2.0110931 ,-0.38371277 ,-2.1326294 ,-11.218262 ,17.430115 ,2.7313232 ,Andar
-10.004364 ,1.5392151 ,1.4963989 ,0.3715973 ,-0.5365143 ,-1.1186066 ,-7.5668335 ,6.8237305 ,7.1243286 ,Andar
-11.90152 ,1.5725403 ,1.0203247 ,-0.68878174 ,0.14297485 ,0.8535156 ,-2.8289795 ,10.76355 ,11.401367 ,Andar
-13.479706 ,1.5201721 ,0.7751465 ,-0.040008545 ,0.4807129 ,1.4349976 ,-9.391785 ,13.644409 ,7.658386 ,Andar
-14.677032 ,1.0869446 ,0.57995605 ,-1.5285339 ,0.34858704 ,1.0890808 ,-11.820984 ,16.42456 ,5.6106567 ,Andar
-15.312592 ,0.29190063 ,0.99176025 ,1.6215515 ,-0.23364258 ,-0.4281311 ,-13.130188 ,17.207336 ,4.046631 ,Andar
-15.4982605 ,-0.462677 ,1.3416748 ,0.48667908 ,-0.98046875 ,-2.4417877 ,-9.736633 ,12.689209 ,4.2633057 ,Andar
-15.4339905 ,-1.2910461 ,1.8296509 ,-0.02986145 ,-0.38259888 ,-0.82333374 ,0.9262085 ,12.297058 ,12.167358 ,Andar
-15.417328 ,-2.0313416 ,2.1152954 ,-0.13923645 ,0.68696594 ,1.5163269 ,-1.399231 ,14.668274 ,12.249756 ,Andar
-15.17215 ,-2.631195 ,2.215271 ,-0.8079376 ,0.49369812 ,1.9056549 ,-9.684753 ,15.911865 ,8.174133 ,Andar
-14.691315 ,-3.0787048 ,2.2247925 ,-0.91197205 ,0.23921204 ,0.9152527 ,-13.88855 ,17.344666 ,5.5099487 ,Andar
-13.951019 ,-3.4143372 ,2.2771606 ,1.1968689 ,-0.43092346 ,-1.6320038 ,-13.475037 ,17.378235 ,4.145813 ,Andar
-13.191681 ,-3.4786072 ,2.3604736 ,1.234314 ,-0.7294159 ,-1.6905823 ,-11.166382 ,12.025452 ,6.27594 ,Andar
-12.563263 ,-2.9025574 ,1.6368408 ,-0.3637085 ,-0.0082092285 ,0.11341858 ,-2.7770996 ,12.791443 ,14.413452 ,Andar
-12.334747 ,-1.8266296 ,0.67041016 ,-0.55041504 ,0.64328 ,1.7874146 ,-8.892822 ,13.696289 ,10.136414 ,Andar
-13.044098 ,-0.43649292 ,-0.10559082 ,-1.9095306 ,0.5252533 ,1.5411682 ,-12.992859 ,17.515564 ,6.010437 ,Andar
-14.831757 ,0.986969 ,-0.78637695 ,0.5924225 ,-0.04800415 ,-0.89334106 ,-14.559937 ,16.952515 ,2.7328491 ,Andar
-17.307343 ,1.9367371 ,-0.96014404 ,2.2625885 ,-0.9000397 ,-2.2313232 ,-11.080933 ,14.155579 ,4.029846 ,Andar
-19.1801 ,2.5627747 ,-0.7649536 ,0.28529358 ,-0.58003235 ,-1.2763672 ,-1.7440796 ,14.599609 ,15.444946 ,Andar
-19.1801 ,2.6175232 ,-0.24127197 ,-0.30062866 ,0.6687012 ,1.5923767 ,-0.17547607 ,17.311096 ,14.863586 ,Andar
-18.333282 ,2.3318787 ,0.39666748 ,-1.3753662 ,0.8492737 ,2.337555 ,-10.667419 ,16.168213 ,8.888245 ,Andar
-16.20285 ,1.9462585 ,1.3488159 ,-2.069107 ,0.4507599 ,0.98526 ,-14.886475 ,17.311096 ,4.1137695 ,Andar
-14.410431 ,1.3821106 ,2.4057007 ,1.7279358 ,-0.3921051 ,-1.7371521 ,-14.680481 ,16.93573 ,2.8152466 ,Andar
-12.989349 ,1.2226257 ,2.2247925 ,0.85791016 ,-0.6972656 ,-2.725113 ,-9.994507 ,13.832092 ,4.412842 ,Andar
-11.734894 ,1.1559753 ,2.0248413 ,0.6463165 ,-0.04650879 ,-0.7487793 ,0.7888794 ,14.616394 ,13.032532 ,Andar
-10.337616 ,1.4130554 ,1.6130371 ,-0.52557373 ,0.7035217 ,1.7422333 ,-0.6576538 ,15.538025 ,13.165283 ,Andar
-8.764191 ,1.8129578 ,1.4083252 ,-1.058197 ,0.6975403 ,2.2111359 ,-10.218811 ,16.201782 ,8.555603 ,Andar
-7.4145203 ,2.0747986 ,1.3416748 ,-1.6040039 ,0.29774475 ,0.73890686 ,-14.422607 ,17.463684 ,3.5980225 ,Andar
-6.443329 ,2.1557312 ,1.522583 ,2.5006104 ,-0.6917572 ,-2.1657867 ,-13.371277 ,16.9693 ,3.9138794 ,Andar
-5.9220276 ,2.1176453 ,1.4606934 ,0.5220947 ,-0.6565094 ,-2.2506561 ,-8.013916 ,12.484741 ,6.3934326 ,Andar
-5.860138 ,1.9605408 ,1.3821411 ,-0.4898529 ,0.054489136 ,0.59614563 ,-1.8981934 ,12.059021 ,12.666321 ,Andar
-6.1267395 ,1.9629211 ,1.0060425 ,-0.17993164 ,0.859848 ,2.0589905 ,-8.151245 ,13.815308 ,8.2901 ,Andar
-6.636139 ,1.8415222 ,0.77752686 ,-1.2669525 ,0.56285095 ,1.5614014 ,-12.59613 ,17.190552 ,7.258606 ,Andar
-7.3074036 ,1.5606384 ,0.52282715 ,1.1372681 ,-0.36689758 ,-0.61328125 ,-15.299988 ,17.958069 ,6.0775757 ,Andar
-7.8977356 ,1.217865 ,0.3133545 ,1.0882416 ,-1.2436523 ,-2.5157623 ,-11.114502 ,15.930176 ,7.458496 ,Andar
-8.271454 ,0.89175415 ,-0.22460938 ,-0.11088562 ,-0.80145264 ,-1.207428 ,-2.9327393 ,14.99176 ,15.428162 ,Andar
-8.385712 ,0.57992554 ,-0.6102295 ,-0.55921936 ,0.6069641 ,1.6553497 ,-0.67596436 ,15.826416 ,13.215637 ,Andar
-8.50473 ,0.1871643 ,-0.9696655 ,-0.7231293 ,0.8978119 ,2.3367004 ,-9.753418 ,15.911865 ,8.473206 ,Andar
-8.599945 ,-0.23892212 ,-1.081543 ,-1.5611115 ,0.34320068 ,0.76405334 ,-14.559937 ,16.986084 ,5.227661 ,Andar
-8.909393 ,-0.6602478 ,-1.1981812 ,2.3197784 ,-0.42355347 ,-1.7355499 ,-13.250732 ,17.123413 ,3.9642334 ,Andar
-9.2569275 ,-1.1053772 ,-1.1600952 ,0.7431946 ,-1.3387146 ,-2.440033 ,-7.5653076 ,14.428711 ,10.020447 ,Andar
-9.485443 ,-1.5909729 ,-1.1339111 ,-0.25187683 ,-0.14958191 ,-0.35671997 ,2.029419 ,19.015503 ,14.729309 ,Andar
-9.575897 ,-2.143219 ,-0.85302734 ,-0.15649414 ,0.95314026 ,2.4352875 ,-2.7252197 ,16.593933 ,13.565063 ,Andar
-9.518768 ,-2.5645447 ,-0.68878174 ,-1.2720795 ,0.6135864 ,1.6695557 ,-10.684204 ,16.900635 ,8.8394165 ,Andar
-9.373566 ,-2.9930115 ,-0.5102539 ,0.43840027 ,0.10708618 ,0.24046326 ,-14.611816 ,17.378235 ,5.844116 ,Andar
-9.161713 ,-3.2453308 ,-0.30078125 ,1.1629639 ,-1.1395111 ,-2.479126 ,-12.527466 ,17.190552 ,9.188843 ,Andar
-8.985565 ,-3.452423 ,0.037231445 ,0.26809692 ,-0.54078674 ,-1.6629791 ,-2.4841309 ,17.106628 ,13.365173 ,Andar
-8.754669 ,-3.554779 ,0.387146 ,-0.076919556 ,0.40423584 ,0.9249115 ,1.4266968 ,21.282959 ,15.977478 ,Andar
-8.6285095 ,-3.5690613 ,0.8560791 ,-0.50865173 ,0.6678009 ,1.9118042 ,-6.739807 ,17.225647 ,13.148499 ,Andar
-8.557098 ,-3.4429016 ,1.4821167 ,-0.86177063 ,0.45770264 ,1.3682404 ,-12.802124 ,16.748047 ,9.022522 ,Andar
-8.576141 ,-3.150116 ,1.8153687 ,-0.23799133 ,-0.18606567 ,-1.3969574 ,-13.388062 ,17.736816 ,5.8273315 ,Andar
-8.469025 ,-3.1072693 ,1.7891846 ,0.6172638 ,-0.29896545 ,-1.8145905 ,-8.5998535 ,12.586975 ,6.0928345 ,Andar
-8.449982 ,-3.0001526 ,1.6915894 ,0.51301575 ,-0.246521 ,-0.66119385 ,-0.5203247 ,14.309692 ,12.266541 ,Andar
-8.307159 ,-2.9715881 ,1.6296997 ,-0.23564148 ,0.533905 ,1.7432556 ,-3.0532837 ,13.713074 ,12.416077 ,Andar
-8.145294 ,-3.0310974 ,1.56781 ,-0.36883545 ,0.6482544 ,1.4274597 ,-12.1658325 ,15.673828 ,8.872986 ,Andar
-7.9239197 ,-3.195343 ,1.6082764 ,-0.2729187 ,0.21203613 ,0.1395874 ,-13.73291 ,17.156982 ,7.092285 ,Andar
-7.7620544 ,-3.1905823 ,1.7939453 ,0.96536255 ,-0.73287964 ,-1.5682373 ,-13.026428 ,15.673828 ,6.9747925 ,Andar
-7.6596985 ,-3.2048645 ,1.7868042 ,0.9048462 ,-0.81069946 ,-1.2473145 ,-5.6365967 ,15.724182 ,15.046692 ,Andar
-7.6335144 ,-3.2096252 ,1.5797119 ,-0.63238525 ,0.25411987 ,0.2832489 ,-0.31433105 ,20.379639 ,16.526794 ,Andar
-7.9263 ,-3.1453552 ,1.3488159 ,-0.08251953 ,0.52001953 ,1.0630798 ,-4.9819946 ,19.64569 ,15.745544 ,Andar
-8.30954 ,-3.1167908 ,1.2559814 ,-1.1887665 ,0.17785645 ,0.8759918 ,-9.115601 ,17.190552 ,10.253906 ,Andar
-8.899872 ,-3.0810852 ,1.1274414 ,0.028839111 ,0.37246704 ,0.6346588 ,-11.390686 ,17.532349 ,6.4926147 ,Andar
-9.628265 ,-3.123932 ,1.0774536 ,1.7963562 ,-0.50105286 ,-1.515091 ,-11.889648 ,16.526794 ,8.639526 ,Andar
-10.306671 ,-3.0834656 ,1.0845947 ,-0.20648193 ,-0.9120636 ,-0.8101959 ,-5.3268433 ,16.40625 ,14.51416 ,Andar
-10.868439 ,-3.1025085 ,1.079834 ,-0.51852417 ,-0.0642395 ,-0.39944458 ,-2.1392822 ,16.833496 ,14.996338 ,Andar
-11.256439 ,-3.1191711 ,1.0131836 ,-0.3647766 ,0.47618103 ,1.5528107 ,-5.5160522 ,15.127563 ,11.068726 ,Andar
-11.737274 ,-3.2048645 ,0.8894043 ,-0.35777283 ,1.0205994 ,1.9239197 ,-11.64856 ,16.7984 ,7.408142 ,Andar
-12.6822815 ,-3.2738953 ,1.1964722 ,0.6334381 ,-0.39541626 ,-0.6204376 ,-14.732361 ,18.145752 ,7.524109 ,Andar
-13.774872 ,-3.452423 ,1.4249878 ,0.18585205 ,-1.351593 ,-2.2154083 ,-10.166931 ,15.196228 ,7.2418213 ,Andar
-14.550873 ,-3.7713928 ,1.6606445 ,-0.1412201 ,-0.46484375 ,-0.94963074 ,-1.864624 ,12.536621 ,12.133789 ,Andar
-14.643707 ,-3.933258 ,1.8153687 ,-0.31932068 ,0.5834656 ,1.226181 ,-3.6727905 ,14.974976 ,11.418152 ,Andar
-13.874847 ,-3.9689636 ,1.9534302 ,-1.0398254 ,0.52952576 ,1.9689484 ,-9.805298 ,15.657043 ,7.157898 ,Andar
-12.667999 ,-3.8094788 ,2.0438843 ,-0.424057 ,0.3423462 ,1.2032166 ,-13.768005 ,16.748047 ,3.3981323 ,Andar
-11.52066 ,-3.3786316 ,1.8248901 ,1.9153442 ,-0.75953674 ,-1.7595825 ,-13.078308 ,17.668152 ,5.5603027 ,Andar
-10.751801 ,-2.8882751 ,1.4797363 ,0.29943848 ,-1.0616455 ,-2.1632233 ,-7.978821 ,9.7229 ,6.625366 ,Andar
-10.613739 ,-2.309845 ,1.163147 ,-0.5907898 ,-0.17388916 ,0.050445557 ,0.16937256 ,13.9678955 ,13.796997 ,Andar
-10.975555 ,-1.7718811 ,0.80371094 ,-0.06826782 ,0.73968506 ,1.91185 ,-5.670166 ,12.962341 ,9.954834 ,Andar
-11.511139 ,-1.3315125 ,0.29907227 ,-1.4297943 ,0.5106201 ,1.6630859 ,-11.51123 ,16.4917 ,6.0440063 ,Andar
-11.934845 ,-0.92922974 ,-0.19128418 ,0.33763123 ,-0.06707764 ,-0.3096161 ,-14.077759 ,16.816711 ,3.5644531 ,Andar
-12.065765 ,-0.66500854 ,-0.4864502 ,1.5401611 ,-0.76620483 ,-2.1994934 ,-11.459351 ,15.452576 ,3.1311035 ,Andar
-12.058624 ,-0.59121704 ,-0.6506958 ,0.14259338 ,-0.6157074 ,-1.1225586 ,-5.584717 ,8.955383 ,11.434937 ,Andar
-12.165741 ,-0.6459656 ,-0.71258545 ,-0.585495 ,0.4250183 ,0.823822 ,-1.4160156 ,13.9678955 ,12.666321 ,Andar
-12.622772 ,-0.5769348 ,-0.6673584 ,-0.52301025 ,0.61860657 ,1.8449402 ,-9.082031 ,14.599609 ,8.222961 ,Andar
-13.201202 ,-0.49838257 ,-0.6816406 ,-1.6693115 ,0.30699158 ,1.2112274 ,-12.64801 ,16.560364 ,5.012512 ,Andar
-13.943878 ,-0.4126892 ,-0.58880615 ,1.4639587 ,-0.24342346 ,-0.99946594 ,-13.560486 ,16.781616 ,3.4973145 ,Andar
-14.688934 ,-0.21035767 ,-0.5031128 ,0.8560333 ,-1.0174255 ,-2.04451 ,-10.115051 ,13.304138 ,4.962158 ,Andar
-15.136444 ,-0.02468872 ,-0.41741943 ,-0.16204834 ,-0.42585754 ,-0.90252686 ,-1.1581421 ,12.724304 ,12.249756 ,Andar
-15.226898 ,0.16574097 ,-0.17224121 ,-0.44984436 ,0.5744934 ,0.94680786 ,-0.6576538 ,14.958191 ,11.601257 ,Andar
-14.867462 ,0.20620728 ,0.14672852 ,-0.57818604 ,0.7455597 ,2.358963 ,-7.9452515 ,15.41748 ,7.623291 ,Andar
-14.222382 ,0.20144653 ,0.43237305 ,-0.39526367 ,0.22521973 ,0.9483032 ,-13.801575 ,17.599487 ,5.393982 ,Andar
-13.467804 ,0.16574097 ,0.8060913 ,1.3668671 ,-0.7545624 ,-1.6983795 ,-12.64801 ,17.4469 ,5.444336 ,Andar
-12.73941 ,-0.10562134 ,1.0774536 ,0.7329407 ,-0.95436096 ,-1.6095123 ,-9.909058 ,11.427307 ,8.721924 ,Andar
-12.215729 ,-0.49362183 ,1.2964478 ,-1.004303 ,0.13246155 ,-0.06913757 ,-0.41656494 ,13.696289 ,13.931274 ,Andar
-11.944366 ,-0.88638306 ,1.4678345 ,-0.31333923 ,0.6836548 ,1.6836548 ,-4.9987793 ,13.729858 ,9.970093 ,Andar
-11.749176 ,-1.2791443 ,1.3369141 ,-1.074646 ,0.44589233 ,1.7426605 ,-11.769104 ,16.748047 ,5.1620483 ,Andar
-11.506378 ,-1.5909729 ,1.0964966 ,0.75050354 ,-0.3958435 ,-0.88934326 ,-13.973999 ,17.532349 ,4.096985 ,Andar
-11.06839 ,-1.7361755 ,0.70373535 ,1.3360443 ,-0.74864197 ,-1.7536621 ,-11.889648 ,12.876892 ,2.1820068 ,Andar
-10.542328 ,-1.6885681 ,0.52996826 ,-0.58843994 ,-0.44754028 ,-0.9499512 ,-5.102539 ,9.603882 ,12.89978 ,Andar
-9.98056 ,-1.5386047 ,0.40856934 ,-0.3027649 ,0.5290985 ,1.3128052 ,-4.396057 ,12.348938 ,9.222412 ,Andar
-9.380707 ,-1.4148254 ,0.24908447 ,-0.9671936 ,0.5253601 ,1.856308 ,-9.977722 ,15.452576 ,6.0272217 ,Andar
-8.916534 ,-1.3981628 ,-0.019897461 ,0.16923523 ,0.02949524 ,0.4761505 ,-14.387512 ,17.49878 ,4.5959473 ,Andar
-8.430939 ,-1.4529114 ,-0.2055664 ,1.4270477 ,-0.9520111 ,-1.8582764 ,-12.854004 ,16.220093 ,4.978943 ,Andar
-8.071503 ,-1.5552673 ,-0.23413086 ,-0.12054443 ,-0.76135254 ,-1.8979034 ,-8.323669 ,8.631897 ,9.588623 ,Andar
-7.657318 ,-1.7218933 ,-0.2055664 ,-0.5091858 ,0.233078 ,0.8133545 ,-1.071167 ,12.945557 ,12.733459 ,Andar
-7.324066 ,-1.8599548 ,-0.42456055 ,-0.10836792 ,0.7541046 ,1.8077698 ,-8.392334 ,13.269043 ,8.323669 ,Andar
-6.9098816 ,-1.9861145 ,-0.38885498 ,-1.1572571 ,0.49658203 ,1.4871216 ,-12.733459 ,16.986084 ,5.9265137 ,Andar
-6.6147156 ,-1.9147034 ,-0.28173828 ,0.61538696 ,-0.1977539 ,-0.98583984 ,-14.508057 ,17.651367 ,4.512024 ,Andar
-6.3195496 ,-1.8599548 ,-0.13415527 ,1.0303497 ,-0.9487457 ,-1.9337921 ,-13.078308 ,13.304138 ,1.3015747 ,Andar
-6.0696106 ,-1.8147278 ,0.18243408 ,0.13586426 ,-0.54670715 ,-1.027771 ,-7.926941 ,6.6360474 ,13.630676 ,Andar
-5.950592 ,-1.7052307 ,0.44903564 ,-0.5056 ,0.63757324 ,1.2626038 ,-6.411743 ,9.228516 ,11.933899 ,Andar
-5.9267883 ,-1.5243225 ,0.59661865 ,-0.87153625 ,0.5967102 ,1.689148 ,-10.218811 ,14.633179 ,4.562378 ,Andar
-6.1076965 ,-1.3362732 ,0.6751709 ,-0.71650696 ,0.34170532 ,0.94195557 ,-12.957764 ,17.208862 ,3.8467407 ,Andar
-6.419525 ,-1.2339172 ,0.68707275 ,1.7523499 ,-0.5368805 ,-1.2942657 ,-13.078308 ,18.38379 ,3.8635254 ,Andar
-6.802765 ,-1.1291809 ,0.69659424 ,0.45570374 ,-0.8274689 ,-1.934433 ,-13.182068 ,6.8237305 ,-3.6575317 ,Andar
-7.1217346 ,-1.136322 ,0.7799072 ,-0.49465942 ,-0.20550537 ,0.18737793 ,-6.600952 ,4.9819946 ,10.719299 ,Andar
-7.2550354 ,-1.1125183 ,0.91796875 ,0.06915283 ,0.50320435 ,1.4356384 ,-9.254456 ,11.053467 ,7.5912476 ,Andar
-7.252655 ,-1.0958557 ,1.1107788 ,-0.785553 ,0.39782715 ,1.185318 ,-11.149597 ,17.259216 ,6.4926147 ,Andar
-7.0955505 ,-1.0863342 ,1.3059692 ,-0.02281189 ,-0.05142212 ,-0.3334961 ,-12.338257 ,17.071533 ,5.0445557 ,Andar
-6.950348 ,-1.091095 ,1.5773315 ,0.58628845 ,-0.49421692 ,-1.802475 ,-11.476135 ,14.889526 ,0.3189087 ,Andar
-6.8908386 ,-1.1006165 ,1.6535034 ,0.23684692 ,-0.31829834 ,-0.62065125 ,-6.8588257 ,6.2957764 ,6.67572 ,Andar
-6.790863 ,-1.2410583 ,1.6082764 ,-0.36680603 ,0.43190002 ,1.043747 ,-6.3598633 ,9.347534 ,8.389282 ,Andar
-6.907501 ,-1.2696228 ,1.375 ,-0.8134308 ,0.39596558 ,1.2279968 ,-9.788513 ,15.571594 ,5.3115845 ,Andar
-7.2240906 ,-1.3410339 ,1.1917114 ,0.08673096 ,0.41401672 ,0.9233093 ,-11.700439 ,16.474915 ,4.096985 ,Andar
-7.7953796 ,-1.5195618 ,0.9036865 ,1.3041687 ,-0.8912811 ,-1.210144 ,-12.5442505 ,17.276001 ,5.6106567 ,Andar
-8.671356 ,-1.5743103 ,0.6989746 ,0.16491699 ,-1.0549774 ,-1.815979 ,-9.701538 ,8.222961 ,7.258606 ,Andar
-9.611603 ,-1.5362244 ,0.5585327 ,-1.2204437 ,-0.09751892 ,-0.035369873 ,0.289917 ,13.644409 ,12.384033 ,Andar
-10.3923645 ,-1.5243225 ,0.37286377 ,0.7035675 ,0.9854584 ,2.127182 ,-5.6015015 ,12.211609 ,8.256531 ,Andar
-11.061249 ,-1.6123962 ,0.28240967 ,-0.88926697 ,0.5149994 ,1.1115112 ,-11.993408 ,16.629028 ,6.9747925 ,Andar
-11.404022 ,-1.5671692 ,0.2062378 ,0.88397217 ,-0.5513611 ,-0.5162506 ,-13.439941 ,16.867065 ,6.109619 ,Andar
-11.339752 ,-1.5314636 ,0.23242188 ,0.40000916 ,-1.0026855 ,-1.9473114 ,-10.494995 ,10.847473 ,6.3598633 ,Andar
-11.018402 ,-1.5457458 ,0.41809082 ,-0.4121399 ,-0.44459534 ,-0.9401245 ,0.8239746 ,13.694763 ,13.365173 ,Andar
-10.680389 ,-1.4790955 ,0.7584839 ,-0.023391724 ,0.8125763 ,1.605896 ,-1.5029907 ,14.633179 ,11.31897 ,Andar
-10.523285 ,-1.5290833 ,0.8822632 ,-0.2083435 ,0.98838806 ,1.9887543 ,-10.684204 ,16.629028 ,9.437561 ,Andar
-10.68277 ,-1.552887 ,0.80371094 ,-0.38742065 ,0.08753967 ,0.31059265 ,-14.543152 ,18.333435 ,6.2438965 ,Andar
-11.173126 ,-1.5076599 ,0.74420166 ,0.99424744 ,-1.2156677 ,-2.1668549 ,-12.097168 ,15.878296 ,7.839966 ,Andar
-11.737274 ,-1.5314636 ,0.7989502 ,0.061950684 ,-0.8446655 ,-1.7804718 ,-0.881958 ,14.224243 ,12.516785 ,Andar
-12.189545 ,-1.5766907 ,0.8060913 ,-0.5345001 ,0.3728943 ,0.79039 ,3.338623 ,17.582703 ,13.897705 ,Andar
-12.260956 ,-1.5362244 ,0.8060913 ,0.3179779 ,1.0354462 ,2.052475 ,-6.222534 ,15.621948 ,11.750793 ,Andar
-12.003876 ,-1.431488 ,0.6442261 ,-1.2032471 ,0.64953613 ,1.035675 ,-13.371277 ,17.958069 ,8.605957 ,Andar
-11.501617 ,-1.3624573 ,0.6347046 ,1.2633057 ,-0.44604492 ,-0.5668793 ,-14.595032 ,18.247986 ,6.625366 ,Andar
-11.00412 ,-1.2291565 ,0.63708496 ,0.018737793 ,-1.2819977 ,-2.069397 ,-9.460449 ,13.439941 ,8.721924 ,Andar
-10.563751 ,-1.1839294 ,0.6251831 ,0.13954163 ,-0.1921997 ,-0.68452454 ,0.7720947 ,14.735413 ,14.11438 ,Andar
-10.356659 ,-1.1815491 ,0.62042236 ,-0.413208 ,0.8227234 ,1.7570343 ,-3.4484863 ,14.854431 ,12.767029 ,Andar
-10.509003 ,-1.1791687 ,0.64660645 ,-0.9291687 ,0.5455475 ,1.2713623 ,-10.787964 ,16.287231 ,8.8394165 ,Andar
-10.94223 ,-1.2362976 ,0.66326904 ,0.08395386 ,0.1199646 ,0.52175903 ,-14.042664 ,17.532349 ,6.126404 ,Andar
-11.482574 ,-1.3267517 ,0.618042 ,0.6620178 ,-1.0765533 ,-2.0329132 ,-12.026978 ,16.697693 ,7.10907 ,Andar
-12.003876 ,-1.450531 ,0.74420166 ,-0.10281372 ,-0.64881897 ,-1.876648 ,-3.4835815 ,10.694885 ,8.7387085 ,Andar
-12.22525 ,-1.6528625 ,0.8703613 ,-0.32263184 ,0.3524933 ,1.3715515 ,-0.39978027 ,12.417603 ,9.887695 ,Andar
-12.172882 ,-1.912323 ,1.1798096 ,0.21836853 ,0.82684326 ,1.982666 ,-9.529114 ,15.452576 ,8.755493 ,Andar
-11.794403 ,-2.033722 ,1.3892822 ,-1.5519867 ,0.2980194 ,0.78349304 ,-13.182068 ,17.567444 ,5.593872 ,Andar
-11.2612 ,-2.1146545 ,1.5083008 ,1.5965576 ,-0.5322876 ,-1.3574371 ,-12.768555 ,16.88385 ,5.395508 ,Andar
-10.887482 ,-2.1717834 ,1.5297241 ,0.6331787 ,-1.1390381 ,-2.0400696 ,-8.100891 ,11.923218 ,7.574463 ,Andar
-10.62088 ,-2.1575012 ,1.6749268 ,-0.14692688 ,-0.291214 ,-0.5925598 ,0.66833496 ,16.474915 ,14.015198 ,Andar
-10.451874 ,-2.014679 ,1.6439819 ,-0.50634766 ,0.7640381 ,1.5612946 ,-1.9668579 ,15.46936 ,11.933899 ,Andar
-10.351898 ,-1.8813782 ,1.6535034 ,-0.5125427 ,0.6967468 ,2.0127869 ,-9.942627 ,16.85028 ,8.157349 ,Andar
-10.125763 ,-1.7909241 ,1.8296509 ,-0.20690918 ,0.33651733 ,0.5633087 ,-14.111328 ,17.770386 ,6.892395 ,Andar
-9.937714 ,-1.6457214 ,1.8225098 ,1.3934631 ,-0.89224243 ,-1.4016113 ,-13.044739 ,18.180847 ,7.2906494 ,Andar
-9.725861 ,-1.5576477 ,1.9439087 ,0.020980835 ,-1.2579193 ,-1.9975128 ,-8.409119 ,10.932922 ,8.740234 ,Andar
-9.52829 ,-1.495758 ,2.010559 ,-0.9182129 ,-0.1065979 ,-0.13845825 ,-0.021362305 ,14.701843 ,14.147949 ,Andar
-9.311676 ,-1.6219177 ,2.131958 ,0.31054688 ,0.9567261 ,2.263153 ,-6.0165405 ,14.530945 ,8.48999 ,Andar
-9.216461 ,-1.8004456 ,2.1200562 ,-0.7039032 ,0.7958679 ,1.6529999 ,-12.579346 ,17.822266 ,8.540344 ,Andar
-9.20694 ,-1.9646912 ,2.2390747 ,0.032043457 ,-0.40518188 ,-0.81243896 ,-14.595032 ,18.043518 ,6.3934326 ,Andar
-9.204559 ,-2.117035 ,2.1105347 ,0.4830475 ,-1.0264587 ,-2.392334 ,-10.821533 ,14.002991 ,3.9474487 ,Andar
-9.218842 ,-2.2027283 ,2.105774 ,0.028305054 ,-0.41981506 ,-1.474823 ,-0.39978027 ,12.553406 ,12.083435 ,Andar
-9.2117 ,-2.2098694 ,2.074829 ,-0.2479248 ,0.69903564 ,1.6895294 ,0.44403076 ,15.911865 ,11.434937 ,Andar
-9.223602 ,-2.226532 ,1.9772339 ,0.24560547 ,0.76852417 ,1.9756165 ,-7.7209473 ,17.071533 ,8.673096 ,Andar
-9.156952 ,-2.2550964 ,1.9082031 ,-1.0714874 ,0.5502014 ,1.0778656 ,-12.338257 ,19.21997 ,7.3745728 ,Andar
-9.121246 ,-2.3265076 ,1.9605713 ,0.5703125 ,-0.5220947 ,-1.5960083 ,-12.390137 ,18.112183 ,5.793762 ,Andar
-9.164093 ,-2.431244 ,2.029602 ,0.5556793 ,-1.1969299 ,-2.4991455 ,-8.047485 ,12.826538 ,5.760193 ,Andar
-9.247406 ,-2.5812073 ,2.1152954 ,-0.114349365 ,-0.25752258 ,-0.58322144 ,0.5645752 ,13.746643 ,13.182068 ,Andar
-9.504486 ,-2.6359558 ,2.1367188 ,-0.1638031 ,0.805954 ,2.0052643 ,-1.6921997 ,13.865662 ,9.938049 ,Andar
-9.771088 ,-2.72641 ,2.2890625 ,-0.1793518 ,0.8097534 ,1.880127 ,-9.667969 ,17.156982 ,8.2901 ,Andar
-10.151947 ,-2.6359558 ,2.3604736 ,-0.8655548 ,0.27430725 ,0.7730255 ,-13.88855 ,17.173767 ,6.9091797 ,Andar
-10.497101 ,-2.5740662 ,2.4509277 ,1.0830078 ,-0.7871399 ,-1.979248 ,-12.631226 ,17.601013 ,6.060791 ,Andar
-10.768463 ,-2.5169373 ,2.4366455 ,-0.2677307 ,-0.93870544 ,-2.3915405 ,-8.840942 ,9.996033 ,4.296875 ,Andar
-10.925568 ,-2.5050354 ,2.4628296 ,0.23246765 ,0.2082367 ,0.033309937 ,0.3753662 ,11.650085 ,12.567139 ,Andar
-11.115997 ,-2.476471 ,2.536621 ,0.12336731 ,0.85284424 ,1.8714294 ,-4.0863037 ,13.882446 ,9.454346 ,Andar
-11.249298 ,-2.502655 ,2.4318848 ,-0.6471863 ,0.75927734 ,1.9606628 ,-10.322571 ,17.39502 ,8.68988 ,Andar
-11.32785 ,-2.5835876 ,2.4485474 ,-0.02381897 ,-0.0011138916 ,0.01322937 ,-14.646912 ,17.889404 ,7.9071045 ,Andar
-11.273102 ,-2.6526184 ,2.3961792 ,0.47969055 ,-1.0652771 ,-2.1915894 ,-10.769653 ,17.019653 ,6.2927246 ,Andar
-11.339752 ,-2.7406921 ,2.234314 ,0.5438843 ,-0.55862427 ,-1.9264221 ,-3.552246 ,11.990356 ,10.702515 ,Andar
-11.568268 ,-2.8382874 ,2.1081543 ,-0.59858704 ,0.30410767 ,0.60020447 ,0.3753662 ,17.582703 ,14.097595 ,Andar
-12.296661 ,-2.9787292 ,1.9105835 ,0.19674683 ,0.71073914 ,2.0012512 ,-6.3949585 ,15.861511 ,8.721924 ,Andar
-13.417816 ,-3.123932 ,1.8248901 ,-0.32006836 ,0.021850586 ,-0.2650299 ,-11.993408 ,14.820862 ,1.651001 ,Andar
-14.450897 ,-3.221527 ,1.7249146 ,-0.19718933 ,0.61860657 ,2.039383 ,-4.017639 ,8.494568 ,11.584473 ,Andar
-14.993622 ,-3.2834167 ,1.6654053 ,-1.2757721 ,0.3794098 ,1.9720917 ,-0.6591797 ,13.285828 ,11.90033 ,Andar
-15.212616 ,-3.2096252 ,1.7296753 ,0.41656494 ,0.017578125 ,0.18278503 ,-7.5149536 ,14.480591 ,6.742859 ,Andar
-14.860321 ,-2.843048 ,1.6939697 ,0.9918976 ,-0.8855133 ,-2.374771 ,-12.286377 ,16.577148 ,6.2927246 ,Andar
-14.005768 ,-2.5621643 ,1.6487427 ,-0.039627075 ,-0.56988525 ,-2.1219482 ,-14.7491455 ,17.071533 ,5.7769775 ,Andar
-12.889374 ,-2.2598572 ,1.5106812 ,-0.3516388 ,0.344635 ,0.9273224 ,-10.426331 ,15.759277 ,3.8970947 ,Andar
-11.832489 ,-1.995636 ,1.3916626 ,-0.09806824 ,0.5514221 ,2.0689697 ,-4.1381836 ,7.080078 ,9.837341 ,Andar
-10.913666 ,-1.9147034 ,1.1488647 ,-1.2556305 ,0.3101349 ,1.4945984 ,-4.171753 ,11.001587 ,9.27124 ,Andar
-10.280487 ,-1.8789978 ,0.8751221 ,0.97647095 ,-0.13163757 ,-0.58717346 ,-9.133911 ,15.742493 ,7.2418213 ,Andar
-9.85202 ,-1.8885193 ,0.59661865 ,1.0521393 ,-0.79493713 ,-2.1392975 ,-13.354492 ,17.430115 ,5.593872 ,Andar
-9.742523 ,-1.8908997 ,0.4537964 ,-0.26506042 ,-0.371109 ,-0.9093628 ,-13.595581 ,18.487549 ,6.3598633 ,Andar
-10.180511 ,-1.8504333 ,0.28479004 ,-0.038619995 ,0.55270386 ,1.359314 ,-9.460449 ,9.962463 ,5.9265137 ,Andar
-10.9374695 ,-1.7337952 ,0.11816406 ,-0.7882843 ,0.22496033 ,1.5329895 ,1.6326904 ,15.861511 ,13.381958 ,Andar
-11.6492 ,-1.5862122 ,-0.11035156 ,-1.0271149 ,0.2952881 ,0.9320679 ,-1.7959595 ,14.411926 ,11.068726 ,Andar
-12.041962 ,-1.4267273 ,-0.19366455 ,1.9232483 ,-0.16235352 ,-1.3273773 ,-9.599304 ,16.952515 ,7.357788 ,Andar
-12.22287 ,-1.3791199 ,-0.27459717 ,0.77015686 ,-0.9114227 ,-1.8037567 ,-14.7491455 ,17.855835 ,6.010437 ,Andar
-12.275238 ,-1.3148499 ,-0.3460083 ,-0.40846252 ,-0.1539154 ,-0.22444153 ,-12.062073 ,18.333435 ,5.0445557 ,Andar
-12.456146 ,-1.3648376 ,-0.23651123 ,-0.39440918 ,0.5966034 ,1.3618774 ,-6.9976807 ,8.375549 ,7.774353 ,Andar
-12.906036 ,-1.4457703 ,-0.16033936 ,-0.5679779 ,0.5249939 ,1.720932 ,0.49591064 ,15.350342 ,13.082886 ,Andar
-13.5035095 ,-1.4172058 ,-0.074645996 ,0.108566284 ,0.14447021 ,0.58322144 ,-6.3430786 ,14.718628 ,9.172058 ,Andar
-13.972443 ,-1.405304 ,-0.069885254 ,0.9719238 ,-1.0449829 ,-2.1702728 ,-13.043213 ,16.816711 ,5.194092 ,Andar
-13.998627 ,-1.3743591 ,-0.046081543 ,-0.03225708 ,-0.91477966 ,-1.929306 ,-15.145874 ,17.463684 ,5.4275513 ,Andar
-13.546356 ,-1.3172302 ,0.013427734 ,-0.4890442 ,0.23297119 ,0.40415955 ,-10.873413 ,14.906311 ,4.4952393 ,Andar
-12.596588 ,-1.3576965 ,0.18481445 ,-0.15766907 ,0.6675873 ,1.9130249 ,0.030517578 ,11.956787 ,9.47113 ,Andar
-11.563507 ,-1.579071 ,0.387146 ,-0.79437256 ,0.6552429 ,1.9048615 ,-0.5722046 ,13.371277 ,9.887695 ,Andar
-10.5589905 ,-1.7052307 ,0.36572266 ,0.37249756 ,-0.22029114 ,-0.5064697 ,-9.063721 ,15.878296 ,7.574463 ,Andar
-9.887726 ,-1.82901 ,0.32763672 ,0.4967804 ,-1.0834961 ,-2.4039764 ,-13.88855 ,16.867065 ,5.078125 ,Andar
-9.352142 ,-1.9147034 ,0.31097412 ,0.12005615 ,-0.64230347 ,-1.617096 ,-13.801575 ,17.39502 ,4.562378 ,Andar
-9.121246 ,-1.9456482 ,0.15386963 ,-0.38186646 ,0.5733185 ,1.2334442 ,-8.221436 ,9.9609375 ,5.2612305 ,Andar
-9.08316 ,-2.067047 ,0.13006592 ,-0.021743774 ,0.7939453 ,2.3436432 ,2.1850586 ,15.246582 ,13.015747 ,Andar
-9.259308 ,-2.0170593 ,-0.08654785 ,-1.3127747 ,0.38282776 ,1.0545349 ,-3.1738281 ,13.696289 ,9.970093 ,Andar
-9.416412 ,-1.9789734 ,-0.4031372 ,1.3392029 ,-0.33981323 ,-1.1798096 ,-11.131287 ,15.911865 ,6.9747925 ,Andar
-9.197418 ,-1.9623108 ,-0.5745239 ,0.57048035 ,-1.0822601 ,-2.1565552 ,-14.7491455 ,17.753601 ,4.4784546 ,Andar
-8.668976 ,-1.848053 ,-0.7006836 ,-0.24124146 ,-0.38082886 ,-0.89767456 ,-12.579346 ,15.093994 ,2.9144287 ,Andar
-7.9858093 ,-1.783783 ,-0.6983032 ,0.015533447 ,0.86668396 ,1.8082428 ,-2.3971558 ,9.587097 ,8.555603 ,Andar
-7.3193054 ,-1.7909241 ,-0.6078491 ,-0.705719 ,0.8002472 ,2.005371 ,3.338623 ,15.605164 ,11.401367 ,Andar
-6.733734 ,-1.7290344 ,-0.4697876 ,-0.3083191 ,0.15664673 ,0.3640442 ,-5.4122925 ,12.399292 ,7.940674 ,Andar
-6.3266907 ,-1.76474 ,-0.43408203 ,0.93037415 ,-0.9604492 ,-2.14357 ,-11.631775 ,16.37268 ,4.663086 ,Andar
-6.102936 ,-1.7695007 ,-0.38409424 ,0.25538635 ,-0.852829 ,-1.873764 ,-13.768005 ,17.634583 ,3.6636353 ,Andar
-5.9458313 ,-1.8028259 ,-0.25317383 ,-0.45817566 ,0.2061615 ,0.46733093 ,-12.078857 ,13.201904 ,1.499939 ,Andar
-5.8768005 ,-1.8028259 ,-0.2388916 ,0.26863098 ,0.8828583 ,2.0611725 ,-2.760315 ,8.477783 ,11.235046 ,Andar
-5.9458313 ,-1.8028259 ,-0.14129639 ,-1.3016663 ,0.44680786 ,1.3652496 ,-2.3468018 ,12.705994 ,10.668945 ,Andar
-6.0101013 ,-1.8409119 ,-0.17938232 ,0.1557312 ,-0.0667572 ,-0.4142456 ,-9.53064 ,15.383911 ,6.9259644 ,Andar
-6.022003 ,-1.8623352 ,-0.08654785 ,1.4450989 ,-0.8362732 ,-2.0424194 ,-12.785339 ,17.071533 ,4.4799805 ,Andar
-5.9720154 ,-1.8528137 ,0.056274414 ,-0.014587402 ,-0.5980835 ,-1.1753235 ,-12.664795 ,17.192078 ,3.5644531 ,Andar
-5.7792053 ,-1.9980164 ,0.3204956 ,-0.6883545 ,0.20028687 ,0.85105896 ,-8.030701 ,11.61499 ,7.2418213 ,Andar
-5.662567 ,-2.1479797 ,0.36810303 ,-0.4656067 ,0.46624756 ,1.7848053 ,-0.39978027 ,13.9175415 ,14.680481 ,Andar
-5.7554016 ,-2.2812805 ,0.5275879 ,-1.1520233 ,0.4028473 ,1.4784088 ,-4.740906 ,13.9175415 ,11.750793 ,Andar
-5.9720154 ,-2.3883972 ,0.63708496 ,0.99954224 ,-0.11871338 ,-0.8208771 ,-10.546875 ,17.071533 ,7.974243 ,Andar
-6.360016 ,-2.4431458 ,0.7061157 ,0.9286194 ,-1.0249023 ,-2.1680298 ,-14.76593 ,17.87262 ,6.3598633 ,Andar
-6.7742004 ,-2.4455261 ,0.7965698 ,-0.28033447 ,-0.54852295 ,-0.8512573 ,-12.69989 ,18.35022 ,6.2591553 ,Andar
-7.169342 ,-2.4978943 ,0.848938 ,-0.23606873 ,0.57551575 ,1.555481 ,-4.483032 ,9.637451 ,10.037231 ,Andar
-7.623993 ,-2.5335999 ,1.0084229 ,-0.59233093 ,0.7477417 ,1.9558105 ,1.2710571 ,15.093994 ,13.531494 ,Andar
-7.9881897 ,-2.476471 ,1.0274658 ,-1.0686035 ,0.28588867 ,0.59246826 ,-5.705261 ,14.053345 ,8.48999 ,Andar
-8.30954 ,-2.4526672 ,1.1679077 ,1.6990509 ,-0.46969604 ,-1.6414032 ,-12.062073 ,17.140198 ,7.774353 ,Andar
-8.523773 ,-2.3907776 ,1.4011841 ,0.7251892 ,-0.7484741 ,-2.0288086 ,-14.6987915 ,18.452454 ,5.9936523 ,Andar
-8.721344 ,-2.2693787 ,1.541626 ,-0.5573578 ,-0.13565063 ,-0.0099487305 ,-10.443115 ,14.172363 ,4.1137695 ,Andar
-8.883209 ,-2.1098938 ,1.6320801 ,0.12768555 ,0.8029175 ,1.8406677 ,-1.6235352 ,11.888123 ,11.634827 ,Andar
-9.056976 ,-1.9599304 ,1.708252 ,-0.9690094 ,0.666626 ,1.6298676 ,1.5472412 ,15.434265 ,12.998962 ,Andar
-9.228363 ,-1.7290344 ,1.791565 ,-0.23483276 ,-0.16731262 ,-0.58343506 ,-8.772278 ,14.428711 ,8.357239 ,Andar
-9.306915 ,-1.533844 ,1.7868042 ,1.2344666 ,-0.871521 ,-2.0827942 ,-13.319397 ,17.83905 ,6.1935425 ,Andar
-9.597321 ,-1.367218 ,1.8106079 ,-0.11024475 ,-0.6182251 ,-1.0160217 ,-13.267517 ,17.41333 ,5.278015 ,Andar
-10.071014 ,-1.1863098 ,1.5987549 ,-0.9680939 ,0.39959717 ,1.2949677 ,-11.993408 ,12.467957 ,3.2806396 ,Andar
-10.820831 ,-1.0434875 ,1.4464111 ,-0.16220093 ,0.5100403 ,1.5556335 ,-3.0349731 ,9.057617 ,13.465881 ,Andar
-11.794403 ,-0.9673157 ,1.2797852 ,-1.0029144 ,0.17459106 ,1.1075134 ,-4.0512085 ,11.393738 ,9.754944 ,Andar
-12.8013 ,-0.93637085 ,1.3012085 ,1.0307312 ,-0.3210144 ,-1.000534 ,-10.56366 ,17.294312 ,8.222961 ,Andar
-13.710602 ,-0.8744812 ,1.4678345 ,0.68711853 ,-0.79649353 ,-2.0362854 ,-14.302063 ,17.378235 ,6.2438965 ,Andar
-14.198578 ,-0.860199 ,1.772522 ,-0.33337402 ,-0.2939453 ,-0.48484802 ,-11.579895 ,17.822266 ,5.4779053 ,Andar
-14.034332 ,-0.97683716 ,2.1629028 ,-0.37454224 ,0.5707092 ,1.4901123 ,-8.479309 ,8.000183 ,8.174133 ,Andar
-13.446381 ,-1.1767883 ,2.5723267 ,-0.85076904 ,0.5604553 ,2.0860596 ,-1.58844 ,12.70752 ,14.164734 ,Andar
-12.817963 ,-1.3719788 ,2.612793 ,0.4388275 ,0.0012969971 ,0.2859192 ,-7.0144653 ,13.780212 ,8.555603 ,Andar
-12.270477 ,-1.3362732 ,2.548523 ,1.2112885 ,-1.0153961 ,-2.3483887 ,-11.837769 ,17.565918 ,7.824707 ,Andar
-11.870575 ,-1.2505798 ,2.6794434 ,0.27001953 ,-0.6379242 ,-1.5342712 ,-13.768005 ,17.703247 ,5.760193 ,Andar
-11.356415 ,-1.0958557 ,2.7175293 ,-0.29037476 ,0.40701294 ,0.86750793 ,-10.046387 ,15.895081 ,5.6610107 ,Andar
-10.670868 ,-0.9220886 ,2.6937256 ,-0.06933594 ,0.91218567 ,2.177658 ,-3.8452148 ,11.053467 ,10.353088 ,Andar
-10.011505 ,-0.80545044 ,2.631836 ,-1.3295441 ,0.66267395 ,1.1822205 ,-2.5878906 ,13.798523 ,11.767578 ,Andar
-9.33786 ,-0.61026 ,2.5009155 ,1.8670654 ,-0.6053009 ,-1.5464935 ,-7.9803467 ,15.690613 ,7.2250366 ,Andar
-8.785614 ,-0.4960022 ,2.3652344 ,0.65789795 ,-0.9743805 ,-2.5178375 ,-11.64856 ,16.731262 ,5.545044 ,Andar
-8.576141 ,-0.315094 ,2.0629272 ,0.061035156 ,-0.35568237 ,-0.6055908 ,-13.73291 ,16.986084 ,4.362488 ,Andar
-8.718964 ,-0.2246399 ,1.7891846 ,-0.625824 ,0.56744385 ,1.7908325 ,-9.358215 ,16.508484 ,6.991577 ,Andar
-9.064117 ,-0.18417358 ,1.477356 ,-0.6226196 ,0.70422363 ,2.087616 ,-5.1712036 ,11.001587 ,8.406067 ,Andar
-9.561615 ,-0.24606323 ,1.2155151 ,-0.5205536 ,0.21923828 ,0.56217957 ,-5.378723 ,13.014221 ,7.408142 ,Andar
-9.971039 ,-0.27700806 ,1.0322266 ,1.5551147 ,-0.7854309 ,-1.8219147 ,-10.9939575 ,16.184998 ,7.4417114 ,Andar
-10.209076 ,-0.4222107 ,0.9869995 ,0.30563354 ,-0.96450806 ,-2.0602112 ,-14.111328 ,16.918945 ,4.0634155 ,Andar
-10.247162 ,-0.44363403 ,1.0322266 ,-0.524292 ,0.03227234 ,0.30781555 ,-13.267517 ,16.731262 ,4.412842 ,Andar
-10.135284 ,-0.39364624 ,1.1083984 ,-0.26185608 ,0.74742126 ,2.009369 ,-8.876038 ,11.631775 ,3.5308838 ,Andar
-9.882965 ,-0.462677 ,1.3059692 ,-1.1902161 ,0.50367737 ,1.3824463 ,-2.0706177 ,9.944153 ,11.502075 ,Andar
-9.606842 ,-0.5602722 ,1.3964233 ,0.46377563 ,-0.041763306 ,-0.24531555 ,-6.704712 ,12.109375 ,7.0251465 ,Andar
-9.409271 ,-0.7840271 ,1.5701904 ,1.5594482 ,-1.0068054 ,-2.0480804 ,-11.785889 ,16.867065 ,7.107544 ,Andar
-9.20694 ,-0.9958801 ,1.6368408 ,0.2828827 ,-0.9615631 ,-1.3217621 ,-14.094543 ,17.4469 ,4.5791626 ,Andar
-8.930817 ,-1.2148743 ,1.7463379 ,-1.0897522 ,0.02633667 ,0.7571106 ,-10.081482 ,16.40625 ,2.8656006 ,Andar
-8.721344 ,-1.3743591 ,1.920105 ,-0.89086914 ,0.7655792 ,2.551117 ,-9.185791 ,4.0618896 ,4.5288086 ,Andar
-8.530914 ,-1.5576477 ,2.0177002 ,-1.6187897 ,0.2853546 ,1.4242554 ,-6.3430786 ,8.306885 ,4.7454834 ,Andar
-8.371429 ,-1.7218933 ,2.093872 ,1.1007385 ,-0.14665222 ,-1.7838898 ,-8.892822 ,15.093994 ,4.3792725 ,Andar
-8.261932 ,-1.8432922 ,2.1462402 ,1.1552734 ,-0.5496521 ,-1.8958282 ,-12.785339 ,16.90216 ,3.7475586 ,Andar
-8.195282 ,-1.9456482 ,2.1748047 ,-0.22714233 ,-0.059387207 ,-0.3116455 ,-14.060974 ,16.4917 ,3.2806396 ,Andar
-7.978668 ,-1.9099426 ,2.0653076 ,-0.3562317 ,0.5492401 ,1.5609283 ,-10.183716 ,14.735413 ,3.9962769 ,Andar
-7.9096375 ,-1.8147278 ,2.041504 ,-0.89749146 ,0.5864105 ,2.1037903 ,-4.776001 ,9.2453 ,6.726074 ,Andar
-7.828705 ,-1.7575989 ,2.0177002 ,0.97198486 ,-0.049606323 ,-0.11244202 ,-4.878235 ,11.495972 ,4.928589 ,Andar
-7.850128 ,-1.6266785 ,1.9343872 ,1.8508759 ,-1.1723633 ,-2.3053436 ,-11.010742 ,15.997314 ,4.928589 ,Andar
-8.002472 ,-1.4909973 ,1.7891846 ,-0.16625977 ,-0.9994354 ,-1.5250244 ,-15.370178 ,17.515564 ,3.0151367 ,Andar
-8.211945 ,-1.4172058 ,1.5797119 ,-0.24311829 ,0.40290833 ,0.52923584 ,-11.837769 ,16.986084 ,5.0613403 ,Andar
-8.335724 ,-1.3815002 ,1.4797363 ,-0.92051697 ,0.659256 ,1.8838196 ,-6.4804077 ,10.081482 ,6.010437 ,Andar
-8.288116 ,-1.3886414 ,1.3988037 ,-1.180542 ,0.5508423 ,1.7122192 ,-2.5527954 ,10.899353 ,10.270691 ,Andar
-8.176239 ,-1.4005432 ,1.394043 ,1.4156189 ,-0.28507996 ,-0.49713135 ,-9.150696 ,14.428711 ,6.7596436 ,Andar
-8.2690735 ,-1.4552917 ,1.3345337 ,1.128891 ,-0.8305664 ,-1.9012756 ,-14.7491455 ,17.208862 ,5.345154 ,Andar
-8.4809265 ,-1.4981384 ,1.5083008 ,-0.57588196 ,-0.45292664 ,-0.8477936 ,-14.576721 ,17.822266 ,4.6783447 ,Andar
-8.849884 ,-1.488617 ,1.4440308 ,-0.50730896 ,0.44621277 ,1.2381897 ,-8.323669 ,11.222839 ,5.7266235 ,Andar
-9.20694 ,-1.4100647 ,1.4559326 ,-0.7281494 ,0.67196655 ,1.900589 ,2.545166 ,16.322327 ,13.964844 ,Andar
-9.459259 ,-1.3553162 ,1.4416504 ,-0.13763428 ,0.029647827 ,0.1907959 ,-1.7089844 ,14.872742 ,12.150574 ,Andar
-9.525909 ,-1.3100891 ,1.3226318 ,1.2641602 ,-0.83595276 ,-1.8815155 ,-9.770203 ,16.03241 ,7.991028 ,Andar
-9.65683 ,-1.4148254 ,1.3202515 ,-0.050857544 ,-0.41218567 ,-1.3960571 ,-14.86969 ,17.088318 ,5.6274414 ,Andar
-9.861542 ,-1.6242981 ,1.3440552 ,-0.39953613 ,0.2101593 ,1.281723 ,-12.1658325 ,17.378235 ,6.942749 ,Andar
-10.290009 ,-1.8742371 ,1.4011841 ,-0.9386749 ,0.18869019 ,0.9055786 ,-7.600403 ,13.064575 ,8.123779 ,Andar
-10.8541565 ,-1.9789734 ,1.4559326 ,-2.0012817 ,-0.5740509 ,0.6431427 ,-1.2786865 ,13.354492 ,11.767578 ,Andar
-11.630157 ,-2.1075134 ,1.4321289 ,-0.23547363 ,-0.91830444 ,-0.9949188 ,-6.3430786 ,15.162659 ,8.273315 ,Andar
-12.215729 ,-2.1194153 ,1.2988281 ,-0.6856384 ,-0.65426636 ,-1.1799164 ,-11.528015 ,17.874146 ,7.5912476 ,Andar
-12.639435 ,-2.105133 ,1.3392944 ,1.8295135 ,-0.8475952 ,0.04649353 ,-14.094543 ,17.378235 ,5.545044 ,Andar
-12.584686 ,-1.9623108 ,1.4821167 ,0.6951752 ,-0.5322418 ,-0.026611328 ,-10.098267 ,16.833496 ,6.842041 ,Andar
-12.199066 ,-1.8171082 ,1.6820679 ,0.22665405 ,-0.3395996 ,-0.41931152 ,-4.7576904 ,13.456726 ,12.799072 ,Andar
-11.703949 ,-1.6695251 ,1.9248657 ,0.0027160645 ,-0.13131714 ,-0.07255554 ,-0.7614136 ,15.434265 ,12.89978 ,Andar
-11.401642 ,-1.4838562 ,2.1629028 ,-0.17800903 ,0.47842407 ,-0.15106201 ,-7.4798584 ,15.229797 ,7.473755 ,Andar
-11.430206 ,-1.3005676 ,2.1914673 ,0.32635498 ,-0.09233093 ,-0.1577301 ,-13.990784 ,16.9693 ,3.3813477 ,Andar
-11.620636 ,-1.1672668 ,1.9796143 ,0.04550171 ,-0.07064819 ,0.22898865 ,-13.423157 ,17.054749 ,1.133728 ,Andar
-11.789642 ,-1.1625061 ,1.9129639 ,-0.13368225 ,0.115371704 ,0.13574219 ,-10.700989 ,16.748047 ,2.0004272 ,Andar
-12.382355 ,-1.2077332 ,1.9224854 ,0.048812866 ,0.03338623 ,-0.17086792 ,-8.013916 ,7.814026 ,3.2653809 ,Andar
-12.891754 ,-1.4743347 ,1.9320068 ,0.13554382 ,-0.036468506 ,-0.048080444 ,-6.790161 ,13.423157 ,5.743408 ,Andar
-13.210724 ,-1.8385315 ,1.9629517 ,0.11332703 ,-0.07096863 ,-0.020584106 ,-11.390686 ,15.725708 ,5.5618286 ,Andar
-13.013153 ,-2.1194153 ,2.086731 ,0.10322571 ,0.082092285 ,-0.09637451 ,-16.07666 ,17.49878 ,3.7963867 ,Andar
-12.539459 ,-2.245575 ,2.2914429 ,-0.0025634766 ,0.117126465 ,-0.049423218 ,-12.097168 ,16.867065 ,6.4102173 ,Andar
