-0.0392266 ,4.834678 ,6.1978025 ,-0.14486246 ,-0.6248284 ,-0.83252275 ,-10.3 ,25.2 ,23.0 ,?
-5.491724 ,11.365907 ,5.8153434 ,0.66148037 ,-0.36651945 ,-0.06981323 ,-10.900001 ,23.9 ,23.0 ,?
-1.3827376 ,3.9422731 ,3.6578803 ,-0.37699145 ,1.176353 ,0.41015273 ,-12.0 ,22.4 ,22.4 ,?
1.5690639 ,11.434553 ,3.0596747 ,0.7888895 ,-1.7453308 ,-0.44156867 ,-12.900001 ,21.2 ,22.2 ,?
4.148213 ,17.573517 ,0.6668522 ,0.8569574 ,3.9549196 ,1.9076465 ,-11.8 ,20.1 ,22.800001 ,?
-8.629851 ,4.658159 ,-0.8727918 ,-0.3001969 ,2.047273 ,1.4259353 ,-11.7 ,19.6 ,23.2 ,?
3.049868 ,19.819239 ,-2.9616082 ,1.5376364 ,-7.12444 ,-2.9932423 ,-12.8 ,19.4 ,22.2 ,?
3.8736267 ,2.098623 ,-0.2353596 ,-1.1798435 ,-1.1885703 ,0.67195237 ,-12.6 ,19.4 ,22.2 ,?
2.3634026 ,18.632635 ,10.247949 ,-0.99483854 ,3.857181 ,2.1031237 ,-11.400001 ,19.5 ,22.1 ,?
-4.864098 ,-1.9417167 ,-1.5200307 ,0.696387 ,0.86044806 ,1.2147502 ,-11.5 ,20.0 ,22.300001 ,?
10.954028 ,19.819239 ,8.159133 ,0.29845157 ,-5.979503 ,-2.6075242 ,-11.900001 ,20.9 ,21.800001 ,?
5.629017 ,-1.7651969 ,-1.706357 ,-1.3788112 ,-0.7801629 ,0.8342681 ,-10.5 ,21.800001 ,22.4 ,?
7.4432473 ,19.819239 ,9.071151 ,0.061086576 ,3.2707498 ,2.326526 ,-10.2 ,21.5 ,22.4 ,?
-5.6682434 ,-1.2160245 ,-2.1770763 ,1.0786144 ,-0.39095408 ,0.232129 ,-10.7 ,21.2 ,22.5 ,?
9.100571 ,19.819239 ,6.9921412 ,0.39269942 ,-2.7139893 ,-1.8919386 ,-10.6 ,21.4 ,23.0 ,?
6.796008 ,-2.3045628 ,-0.30400613 ,-1.4364072 ,-0.12915447 ,0.97913057 ,-10.0 ,21.300001 ,23.2 ,?
9.404577 ,19.819239 ,7.021561 ,0.40491673 ,3.2515512 ,1.7418401 ,-9.900001 ,21.0 ,23.1 ,?
-4.756225 ,-2.5791488 ,-2.7654753 ,0.28797957 ,-0.39444476 ,-0.35604748 ,-9.7 ,21.1 ,23.0 ,?
6.972528 ,19.819239 ,6.6194887 ,1.1972969 ,-3.6180706 ,-1.37183 ,-9.400001 ,21.0 ,23.0 ,?
8.629851 ,-3.6284604 ,1.7946169 ,-1.4364072 ,-0.6579897 ,0.62308306 ,-9.400001 ,21.2 ,23.0 ,?
6.03109 ,19.819239 ,5.060231 ,-0.07330389 ,4.525643 ,1.8744853 ,-9.1 ,21.2 ,23.0 ,?
-4.2462792 ,-0.39226598 ,-2.5006957 ,0.9093173 ,-0.9267706 ,-0.6579897 ,-9.7 ,21.2 ,22.5 ,?
5.776117 ,19.819239 ,5.4328837 ,1.1065397 ,-2.211334 ,-1.609195 ,-9.7 ,21.300001 ,22.7 ,?
8.051259 ,-2.2849493 ,3.2950344 ,-1.0541798 ,0.20769437 ,0.35604748 ,-10.2 ,21.800001 ,22.7 ,?
5.7565036 ,19.819239 ,5.325011 ,-0.13439047 ,3.6337786 ,1.0402172 ,-10.6 ,21.7 ,22.5 ,?
-5.1386843 ,-1.0689248 ,-2.5006957 ,1.0541798 ,-0.90059066 ,-0.4258607 ,-10.6 ,21.7 ,22.1 ,?
2.883155 ,19.819239 ,4.648352 ,0.11868249 ,-1.7750014 ,-1.3892833 ,-10.6 ,21.800001 ,22.300001 ,?
6.2762556 ,-2.1182363 ,2.353596 ,-0.6126111 ,0.16580643 ,0.6457724 ,-11.0 ,21.9 ,22.2 ,?
4.030533 ,19.0249 ,4.403186 ,0.12740915 ,3.6582131 ,0.89360934 ,-11.6 ,21.9 ,22.1 ,?
-5.236751 ,0.6668522 ,-2.8341217 ,0.696387 ,-1.4067366 ,-1.097813 ,-11.2 ,21.9 ,22.0 ,?
1.5298374 ,18.309015 ,3.80498 ,0.15533444 ,-1.6929709 ,-1.0646517 ,-11.1 ,21.5 ,22.1 ,?
5.933023 ,0.56878567 ,1.8926834 ,-0.34383017 ,0.7696909 ,0.53232586 ,-11.1 ,20.800001 ,22.1 ,?
-1.176798 ,14.072542 ,2.2064962 ,0.23561965 ,3.3964136 ,1.1013037 ,-11.5 ,20.800001 ,22.2 ,?
-4.393379 ,3.9618864 ,-2.5301156 ,0.56897783 ,-2.5499282 ,-1.082105 ,-11.8 ,21.300001 ,22.1 ,?
2.0495899 ,11.101128 ,3.5794272 ,-0.055850584 ,-0.5497792 ,-0.10471985 ,-11.5 ,20.9 ,22.6 ,?
4.9523582 ,5.88399 ,3.5794272 ,-0.35255682 ,2.448699 ,0.7976161 ,-11.400001 ,20.6 ,22.7 ,?
-4.001113 ,8.580818 ,-0.1372931 ,-0.3630288 ,2.5115309 ,0.6178471 ,-12.3 ,20.800001 ,22.4 ,?
-1.9122967 ,19.819239 ,-0.7256921 ,0.0907572 ,-4.914851 ,-2.6424308 ,-12.7 ,20.800001 ,21.9 ,?
0.9610517 ,6.0114765 ,1.8338435 ,-0.6126111 ,-0.12391848 ,0.20769437 ,-12.1 ,20.6 ,22.300001 ,?
-7.7178335 ,12.219086 ,6.3743224 ,0.50789124 ,2.6930454 ,1.3962646 ,-12.7 ,19.9 ,22.4 ,?
-5.1779113 ,3.3146477 ,0.6864655 ,0.2775076 ,1.3264514 ,0.6283191 ,-13.900001 ,19.7 ,22.0 ,?
0.5295591 ,15.916193 ,8.119906 ,0.87092006 ,-2.2549672 ,-1.0716331 ,-14.3 ,19.2 ,21.800001 ,?
4.226666 ,1.4415776 ,0.84337187 ,-0.3577928 ,-2.1834087 ,0.21642101 ,-14.8 ,19.300001 ,22.4 ,?
-4.511059 ,19.005287 ,8.129713 ,-0.3001969 ,0.7435109 ,0.80285215 ,-14.900001 ,18.7 ,22.4 ,?
-4.226666 ,0.1372931 ,0.2941995 ,0.7696909 ,2.0228384 ,0.51836324 ,-15.3 ,18.300001 ,22.2 ,?
-2.324176 ,19.819239 ,3.697107 ,1.2182409 ,-2.2200608 ,-1.1885703 ,-15.7 ,18.300001 ,22.4 ,?
8.531785 ,0.0392266 ,-0.84337187 ,-1.3369234 ,-2.443463 ,0.7504922 ,-15.6 ,18.5 ,22.4 ,?
2.8145084 ,19.819239 ,10.777508 ,-0.41713405 ,2.5342202 ,2.3335073 ,-15.1 ,18.7 ,22.5 ,?
-5.1582975 ,-4.393379 ,-2.4712758 ,0.83252275 ,-0.12566382 ,0.3054329 ,-15.2 ,18.9 ,22.1 ,?
6.384129 ,19.819239 ,5.1582975 ,0.50789124 ,-3.5692015 ,-2.2986007 ,-15.0 ,19.4 ,22.1 ,?
8.051259 ,-2.2555294 ,-1.1964113 ,-1.4940032 ,-1.9565158 ,0.7871442 ,-13.7 ,19.4 ,21.7 ,?
8.541592 ,19.819239 ,10.453889 ,0.5567605 ,2.417283 ,2.801256 ,-12.8 ,19.7 ,21.5 ,?
-3.9815 ,-3.000835 ,-3.3244543 ,0.7487469 ,-0.06981323 ,0.19198638 ,-12.7 ,20.0 ,21.4 ,?
7.4432473 ,19.819239 ,4.5993185 ,0.3804821 ,-3.698356 ,-2.2898738 ,-12.2 ,20.300001 ,21.800001 ,?
9.522257 ,-3.7755601 ,-0.2745862 ,-1.5987229 ,-0.73129356 ,1.0053105 ,-11.5 ,20.6 ,21.800001 ,?
7.72764 ,19.819239 ,8.992698 ,0.34732082 ,3.2323525 ,2.5115309 ,-10.7 ,20.7 ,21.800001 ,?
-5.76631 ,-4.148213 ,-3.4421341 ,0.7470016 ,0.057595916 ,0.35430214 ,-10.7 ,20.800001 ,22.1 ,?
9.551677 ,19.819239 ,4.344346 ,0.96865857 ,-3.2480605 ,-2.4940777 ,-10.5 ,20.7 ,22.4 ,?
8.13952 ,-4.9131317 ,-0.60801226 ,-2.1275582 ,-0.88313735 ,0.902336 ,-10.0 ,21.1 ,22.300001 ,?
7.198081 ,19.819239 ,8.531785 ,0.5637418 ,2.068217 ,2.2654393 ,-10.3 ,20.7 ,22.4 ,?
-4.6875787 ,-5.060231 ,-2.4124358 ,1.1013037 ,0.19373171 ,1.0367265 ,-10.7 ,20.800001 ,22.4 ,?
6.217416 ,19.819239 ,1.9809432 ,0.84997606 ,-5.0108447 ,-2.4085565 ,-10.900001 ,20.800001 ,22.0 ,?
7.737447 ,-3.667687 ,-2.2064962 ,-2.031565 ,-1.1047944 ,0.84299475 ,-11.0 ,21.0 ,21.5 ,?
7.2961473 ,19.593687 ,14.631521 ,0.3577928 ,2.1764274 ,3.134614 ,-11.0 ,21.1 ,21.5 ,?
-5.236751 ,-3.049868 ,-2.4026291 ,1.2042782 ,-0.3682648 ,0.9529506 ,-10.0 ,21.1 ,21.800001 ,?
7.7178335 ,19.819239 ,3.7559469 ,0.95469594 ,-3.7192998 ,-2.9984782 ,-10.2 ,20.800001 ,21.7 ,?
6.1193495 ,-3.1479347 ,-1.343511 ,-1.9093919 ,-0.37699145 ,1.0995584 ,-10.5 ,20.9 ,21.7 ,?
9.708583 ,19.26026 ,13.935249 ,0.39619008 ,2.501059 ,2.680828 ,-10.3 ,21.5 ,21.7 ,?
-4.0403395 ,-2.0397832 ,-2.098623 ,1.0157825 ,-0.2042037 ,0.649263 ,-9.3 ,21.5 ,22.4 ,?
6.0703163 ,19.819239 ,4.844485 ,1.0698878 ,-4.775225 ,-1.567307 ,-9.2 ,21.5 ,22.5 ,?
3.9618864 ,-2.0005565 ,-2.5791488 ,-1.5952322 ,-1.1466823 ,0.32812217 ,-9.2 ,21.5 ,22.800001 ,?
4.2364726 ,17.24009 ,11.081514 ,0.10297451 ,1.5917417 ,2.8152184 ,-9.3 ,21.7 ,22.7 ,?
-6.2566423 ,-0.9904716 ,-1.2356379 ,0.8377588 ,0.83252275 ,1.2863088 ,-9.3 ,21.800001 ,23.0 ,?
4.2953124 ,19.819239 ,4.481639 ,0.74525625 ,-4.1399245 ,-2.6354494 ,-9.2 ,22.1 ,23.1 ,?
3.4029074 ,-0.0784532 ,-1.0296983 ,-1.2828181 ,-0.46076733 ,0.86393875 ,-9.2 ,21.9 ,23.300001 ,?
6.766588 ,15.112047 ,9.973363 ,-0.232129 ,1.815144 ,2.4556804 ,-9.3 ,21.800001 ,23.0 ,?
-4.726805 ,1.2258313 ,-0.088259846 ,1.0960677 ,0.453786 ,1.3910286 ,-8.7 ,21.6 ,23.2 ,?
2.3143694 ,19.819239 ,1.0591182 ,0.7941255 ,-5.8712926 ,-2.406811 ,-8.5 ,21.6 ,23.2 ,?
1.1571847 ,3.6480737 ,0.4511059 ,-0.8045975 ,-1.1833342 ,-0.080285214 ,-8.8 ,21.5 ,23.1 ,?
9.247671 ,19.819239 ,1.2258313 ,0.83252275 ,2.3474698 ,2.759368 ,-8.6 ,21.6 ,23.0 ,?
-6.1683826 ,4.834678 ,-1.7553903 ,0.76270956 ,1.5987229 ,1.1449369 ,-8.1 ,21.5 ,23.1 ,?
2.9223816 ,19.819239 ,-4.6091256 ,0.85346675 ,-6.091204 ,-3.7384984 ,-8.1 ,21.2 ,23.0 ,?
2.8439283 ,4.4914455 ,1.5690639 ,-1.1274836 ,-1.1676263 ,0.5707232 ,-8.5 ,21.5 ,22.7 ,?
5.1582975 ,17.298931 ,1.372931 ,0.4363327 ,1.7086788 ,2.5726175 ,-8.400001 ,21.9 ,22.9 ,?
-6.0703163 ,5.79573 ,-2.2555294 ,0.75572824 ,1.3107435 ,1.3980099 ,-8.5 ,21.6 ,23.1 ,?
0.9610517 ,19.819239 ,-2.4516625 ,0.9756399 ,-5.6548715 ,-2.9914968 ,-8.8 ,21.300001 ,23.1 ,?
1.8240368 ,4.0403395 ,1.5788707 ,-0.66148037 ,-1.609195 ,0.54279786 ,-8.8 ,21.300001 ,23.300001 ,?
6.639102 ,19.819239 ,1.3042845 ,0.8587027 ,2.3544512 ,2.5691268 ,-8.6 ,21.300001 ,23.6 ,?
-5.76631 ,6.03109 ,-1.3925443 ,1.0192732 ,1.4276806 ,1.097813 ,-8.900001 ,21.5 ,23.6 ,?
-0.588399 ,19.662333 ,-2.6281822 ,0.5515245 ,-5.244719 ,-2.1031237 ,-8.900001 ,21.800001 ,23.800001 ,?
1.9711366 ,6.864655 ,1.4906107 ,-0.89710003 ,-1.6074497 ,0.043633267 ,-8.5 ,21.9 ,23.800001 ,?
5.8055367 ,10.728475 ,3.0694814 ,0.7714362 ,1.9338264 ,2.3125632 ,-8.7 ,21.6 ,23.7 ,?
-4.9425516 ,8.208166 ,-0.4511059 ,0.5777045 ,2.3125632 ,1.1309743 ,-8.5 ,22.2 ,23.5 ,?
-3.559814 ,13.05265 ,-2.2457228 ,0.41538873 ,-4.454084 ,-1.9059012 ,-8.3 ,22.2 ,23.6 ,?
2.2555294 ,10.071429 ,1.7848103 ,-0.7103496 ,-0.92153466 ,-0.30194223 ,-8.5 ,22.2 ,23.4 ,?
5.521144 ,6.1781893 ,2.8635418 ,0.06283191 ,2.8413985 ,1.8081627 ,-8.7 ,22.1 ,23.4 ,?
-5.9232163 ,9.129991 ,-0.06864655 ,0.32812217 ,2.981025 ,1.0349811 ,-8.900001 ,21.9 ,23.4 ,?
-4.9523582 ,7.5217004 ,-3.9422731 ,0.9093173 ,-4.707157 ,-1.9600065 ,-9.0 ,21.800001 ,23.4 ,?
1.1571847 ,12.170053 ,1.8142302 ,-0.87092006 ,-0.39968073 ,-0.23038366 ,-9.400001 ,21.5 ,23.6 ,?
7.6589932 ,3.3931007 ,2.775282 ,-0.09424786 ,2.792529 ,1.8867025 ,-9.1 ,21.800001 ,23.9 ,?
-6.2468357 ,10.875574 ,0.1176798 ,0.14311711 ,3.909541 ,0.7784175 ,-9.3 ,21.5 ,23.800001 ,?
-5.0210047 ,5.521144 ,-3.4617474 ,1.1117756 ,-3.7297719 ,-1.6336296 ,-9.5 ,21.7 ,23.6 ,?
0.84337187 ,12.591739 ,1.2356379 ,-0.67369765 ,-0.9477146 ,-0.38746342 ,-9.5 ,21.5 ,23.7 ,?
6.6292953 ,2.265336 ,2.0790098 ,0.12566382 ,2.3963392 ,1.3735753 ,-9.5 ,21.6 ,24.0 ,?
-3.3244543 ,11.836626 ,-0.12748645 ,-0.07155856 ,4.5937104 ,1.0018198 ,-8.900001 ,21.7 ,24.2 ,?
-5.6192102 ,4.7758384 ,-2.6183755 ,0.7574735 ,-3.1834834 ,-1.0088012 ,-8.6 ,21.7 ,24.0 ,?
1.5788707 ,14.533455 ,1.7946169 ,-0.5218539 ,-0.6300644 ,-0.9669132 ,-8.8 ,21.7 ,23.7 ,?
6.462582 ,1.3042845 ,2.0201697 ,-0.07330389 ,2.4731336 ,0.8848827 ,-9.1 ,21.300001 ,23.5 ,?
-1.7750036 ,15.935806 ,1.0983448 ,-0.22514766 ,5.640909 ,1.3700846 ,-9.5 ,21.7 ,24.0 ,?
-5.991863 ,3.0596747 ,-2.7850885 ,1.1466823 ,-2.0769436 ,-1.7208961 ,-9.400001 ,21.4 ,24.2 ,?
1.8534569 ,16.759565 ,1.4709975 ,-0.7208216 ,-1.1205024 ,-0.73827493 ,-10.0 ,21.2 ,23.6 ,?
7.394214 ,-0.56878567 ,2.0593965 ,-0.34906614 ,1.7959453 ,1.0053105 ,-10.0 ,21.0 ,23.300001 ,?
2.1672697 ,17.495064 ,2.7850885 ,-0.36651945 ,5.393072 ,1.1449369 ,-10.2 ,20.9 ,23.300001 ,?
-4.481639 ,1.2160245 ,-2.9321883 ,1.0576705 ,-1.8291066 ,-0.9564412 ,-10.0 ,21.1 ,23.9 ,?
2.2849493 ,19.819239 ,3.5696206 ,0.28972492 ,-1.9530251 ,-1.5201831 ,-10.8 ,20.800001 ,23.7 ,?
7.2373075 ,-2.2261095 ,2.3045628 ,-0.9477146 ,0.9162986 ,0.46251264 ,-10.900001 ,21.0 ,23.7 ,?
5.8937964 ,19.819239 ,5.1681046 ,-0.17278774 ,6.0510616 ,1.6807535 ,-10.400001 ,20.6 ,23.5 ,?
-4.579705 ,-1.4808041 ,-2.3143694 ,1.2514021 ,-0.8045975 ,-1.1309743 ,-10.3 ,20.800001 ,23.300001 ,?
4.3639593 ,19.819239 ,5.991863 ,0.47996596 ,-1.0925771 ,-2.2165701 ,-10.3 ,21.0 ,23.4 ,?
9.306511 ,-3.4813607 ,2.353596 ,-1.4800404 ,0.14660779 ,0.42935136 ,-10.7 ,21.5 ,23.5 ,?
8.13952 ,19.819239 ,7.5118937 ,-0.37175545 ,5.0370245 ,1.9216092 ,-10.6 ,21.5 ,23.300001 ,?
-4.815065 ,-3.1969678 ,-2.2751427 ,1.0890864 ,-0.3857181 ,-0.45204067 ,-10.900001 ,20.800001 ,22.800001 ,?
5.962443 ,19.819239 ,5.962443 ,0.7103496 ,-2.4050658 ,-2.1275582 ,-10.6 ,21.0 ,22.6 ,?
9.610517 ,-3.6578803 ,0.83356524 ,-1.9722238 ,-0.5742138 ,0.5846858 ,-10.900001 ,21.2 ,22.5 ,?
7.3157606 ,19.819239 ,9.100571 ,-0.696387 ,3.5063696 ,2.0612357 ,-10.900001 ,20.9 ,22.2 ,?
-3.9128532 ,-2.0397832 ,-1.4121575 ,1.0454531 ,0.04886926 ,0.6300644 ,-10.900001 ,20.6 ,22.4 ,?
4.7954516 ,19.819239 ,6.3252892 ,0.9145533 ,-3.3196192 ,-2.7087533 ,-11.2 ,20.5 ,22.2 ,?
9.57129 ,-3.6186538 ,0.4511059 ,-1.329942 ,-0.4886926 ,0.9197893 ,-11.400001 ,20.4 ,22.1 ,?
4.6875787 ,19.819239 ,10.444082 ,-0.1535891 ,2.1834087 ,2.1746821 ,-11.6 ,20.300001 ,22.1 ,?
-5.1681046 ,-2.775282 ,-0.97085834 ,1.2339488 ,0.7295483 ,0.7487469 ,-11.5 ,20.300001 ,22.1 ,?
0.38245934 ,19.819239 ,3.0106416 ,1.0960677 ,-2.13803 ,-2.7715852 ,-11.8 ,20.2 ,21.800001 ,?
10.228335 ,-3.559814 ,0.3334261 ,-1.2322035 ,-1.2182409 ,1.4695685 ,-12.1 ,20.0 ,21.800001 ,?
4.226666 ,17.91675 ,10.130269 ,-0.11519183 ,1.9757144 ,2.6406853 ,-12.6 ,20.1 ,21.800001 ,?
-5.374044 ,-1.5102241 ,-0.71588546 ,1.4276806 ,0.4834566 ,0.63704574 ,-12.7 ,20.0 ,21.6 ,?
-0.14709975 ,19.819239 ,2.8047018 ,1.5952322 ,-2.5202577 ,-2.3335073 ,-12.8 ,19.9 ,21.6 ,?
7.8747396 ,-1.9515233 ,0.42168593 ,-1.1205024 ,-1.2514021 ,1.3823019 ,-13.0 ,19.7 ,21.6 ,?
5.423077 ,19.397552 ,13.356657 ,-0.2949609 ,2.1886446 ,2.5499282 ,-12.900001 ,19.7 ,21.5 ,?
-4.785645 ,-1.7455837 ,-1.3631244 ,1.2915448 ,0.3752461 ,0.6824243 ,-13.1 ,19.9 ,21.300001 ,?
-0.51975244 ,19.819239 ,4.6189322 ,1.1013037 ,-2.1572287 ,-2.2392592 ,-12.7 ,20.0 ,21.7 ,?
4.7169986 ,-1.2944778 ,-0.61781895 ,-1.2479115 ,-1.31947 ,1.1309743 ,-12.900001 ,20.1 ,21.800001 ,?
4.785645 ,15.259147 ,12.160246 ,-0.72431225 ,1.0297451 ,2.6947906 ,-12.400001 ,20.300001 ,22.1 ,?
-4.6189322 ,-0.42168593 ,-1.6279038 ,1.3648486 ,0.44156867 ,1.3247061 ,-12.400001 ,20.2 ,22.4 ,?
1.4023509 ,19.819239 ,2.6183755 ,1.350886 ,-5.4314694 ,-1.8954293 ,-12.5 ,20.300001 ,22.5 ,?
3.1381278 ,-0.65704554 ,-1.343511 ,-1.2269676 ,-1.7313681 ,0.71209496 ,-12.1 ,20.6 ,22.5 ,?
4.962165 ,11.836626 ,11.718946 ,-0.7400202 ,1.2060236 ,2.3736498 ,-12.0 ,20.9 ,22.6 ,?
-5.315204 ,2.3830159 ,-0.88259846 ,0.7103496 ,1.31947 ,1.2531475 ,-10.6 ,20.800001 ,23.300001 ,?
0.4314926 ,19.819239 ,6.5312285 ,1.1658809 ,-4.6355987 ,-2.3666685 ,-11.0 ,20.6 ,23.0 ,?
3.7657535 ,2.1476562 ,-0.84337187 ,-1.3334327 ,-1.6318842 ,0.55326986 ,-11.3 ,20.2 ,22.800001 ,?
3.9128532 ,14.180415 ,10.963835 ,-0.685915 ,1.2095143 ,1.9303358 ,-11.2 ,20.300001 ,22.800001 ,?
-3.6873002 ,2.0201697 ,-0.16671304 ,1.0873411 ,1.0245092 ,1.2793274 ,-10.1 ,20.1 ,23.300001 ,?
-0.20593965 ,19.819239 ,6.9921412 ,0.99134785 ,-4.269079 ,-2.352706 ,-10.3 ,19.7 ,23.2 ,?
2.824315 ,1.4219642 ,0.24516624 ,-0.5846858 ,-1.4433886 ,0.7574735 ,-10.8 ,19.6 ,23.5 ,?
0.6374322 ,16.641884 ,5.5897903 ,-0.30892354 ,1.9512798 ,2.7139893 ,-10.6 ,19.300001 ,23.6 ,?
-5.344624 ,3.7069137 ,-2.2457228 ,0.63704574 ,1.8011813 ,1.4800404 ,-10.6 ,19.1 ,23.9 ,?
2.8439283 ,19.819239 ,1.1866046 ,0.6684617 ,-5.7752995 ,-3.038621 ,-10.6 ,18.9 ,24.4 ,?
1.7553903 ,4.8739047 ,0.5982056 ,-0.4939286 ,-2.0542543 ,0.35255682 ,-10.2 ,19.300001 ,24.5 ,?
4.589512 ,19.015095 ,4.403186 ,0.43807802 ,1.2810727 ,2.2252967 ,-10.0 ,19.2 ,24.5 ,?
-5.462304 ,3.1479347 ,-1.0885382 ,0.6579897 ,1.5219284 ,1.6493375 ,-9.6 ,19.6 ,24.800001 ,?
2.2849493 ,19.819239 ,2.5497289 ,0.82030547 ,-5.8119516 ,-2.516767 ,-9.2 ,19.7 ,24.800001 ,?
2.294756 ,2.0005565 ,0.57859236 ,-0.76270956 ,-1.2007875 ,0.39269942 ,-8.900001 ,19.7 ,24.5 ,?
4.4129925 ,19.819239 ,5.4524975 ,0.006981323 ,2.2724206 ,2.5394561 ,-9.1 ,20.0 ,24.7 ,?
-5.1386843 ,3.697107 ,-0.40207264 ,0.79238015 ,0.99832916 ,1.2374395 ,-9.3 ,20.300001 ,24.4 ,?
-1.6180972 ,19.819239 ,1.8142302 ,-0.34732082 ,-5.6426544 ,-2.5604002 ,-9.3 ,20.300001 ,24.4 ,?
1.9221034 ,3.5794272 ,0.9610517 ,-0.22514766 ,-0.7225669 ,0.04188794 ,-9.1 ,20.0 ,24.5 ,?
2.3437893 ,19.70156 ,2.9812214 ,0.5515245 ,3.1747565 ,2.258458 ,-9.0 ,19.800001 ,24.300001 ,?
-5.7368903 ,4.9719715 ,-1.8240368 ,0.33161286 ,2.4766243 ,1.2252222 ,-9.2 ,19.9 ,24.300001 ,?
-1.8828768 ,17.073378 ,0.89240515 ,0.31939554 ,-4.228936 ,-2.3631778 ,-9.400001 ,19.800001 ,24.300001 ,?
1.2944778 ,5.0210047 ,1.735777 ,-0.17278774 ,-1.5533444 ,0.019198637 ,-9.900001 ,19.5 ,24.2 ,?
3.2852278 ,10.895188 ,4.6091256 ,0.07155856 ,3.0159316 ,2.4085565 ,-9.7 ,19.5 ,24.0 ,?
-5.7172766 ,7.8845463 ,-1.4906107 ,0.54279786 ,2.7000268 ,1.2566382 ,-9.8 ,19.2 ,24.1 ,?
-3.383294 ,12.807485 ,0.2745862 ,0.0226893 ,-4.600692 ,-2.5307295 ,-9.900001 ,19.300001 ,23.800001 ,?
1.5886773 ,7.982613 ,2.8733485 ,-0.46774864 ,-1.0384718 ,-0.40666208 ,-10.3 ,19.4 ,23.4 ,?
4.2364726 ,4.864098 ,4.883712 ,0.38920876 ,2.1711915 ,2.1659555 ,-11.2 ,19.5 ,23.300001 ,?
-4.7954516 ,9.80665 ,0.2941995 ,0.17802374 ,3.831001 ,1.2461661 ,-11.400001 ,19.4 ,23.1 ,?
-4.7464185 ,6.550842 ,-2.353596 ,0.6195924 ,-3.794349 ,-2.4626617 ,-11.7 ,19.6 ,22.7 ,?
2.2163029 ,11.2384205 ,3.9422731 ,-0.50789124 ,-1.9600065 ,-0.27925292 ,-11.8 ,19.4 ,22.6 ,?
5.521144 ,1.8044236 ,0.55897903 ,0.19373171 ,1.9879317 ,2.0612357 ,-12.1 ,19.1 ,22.7 ,?
-0.5491724 ,13.837183 ,3.4519408 ,-0.085521206 ,4.1765766 ,0.35255682 ,-12.1 ,19.1 ,22.7 ,?
-5.5603704 ,3.6284604 ,-3.7363336 ,1.3753207 ,-2.4626617 ,-1.7907094 ,-12.1 ,18.9 ,23.0 ,?
1.176798 ,17.034151 ,3.9520798 ,-0.28972492 ,-1.4451338 ,-1.103049 ,-12.7 ,18.800001 ,22.7 ,?
7.080401 ,0.60801226 ,2.1966896 ,-0.19896771 ,0.8185601 ,1.0855957 ,-12.400001 ,19.2 ,22.800001 ,?
-1.7553903 ,14.994368 ,2.3437893 ,-0.73478425 ,5.1050925 ,1.0489438 ,-12.2 ,19.0 ,22.7 ,?
-4.589512 ,0.60801226 ,-2.9321883 ,1.6266483 ,-2.6895547 ,-1.4992391 ,-11.900001 ,18.800001 ,23.0 ,?
1.0787314 ,19.819239 ,3.6284604 ,0.3001969 ,-1.836088 ,-1.3212154 ,-12.0 ,19.300001 ,23.1 ,?
6.1389627 ,-1.3140911 ,1.9122967 ,-0.5811951 ,1.0541798 ,1.0786144 ,-12.1 ,20.0 ,22.7 ,?
2.0495899 ,18.524761 ,3.7363336 ,-0.37873676 ,5.30406 ,1.0838504 ,-11.8 ,20.0 ,22.800001 ,?
-5.060231 ,-0.18632634 ,-2.6772153 ,1.1047944 ,-1.5481083 ,-1.1152663 ,-11.7 ,20.1 ,22.7 ,?
3.3146477 ,19.819239 ,5.7270837 ,0.48520195 ,-1.2130048 ,-2.1432662 ,-11.6 ,20.2 ,22.7 ,?
7.923773 ,-3.3931007 ,1.6965504 ,-1.0437078 ,-0.010471985 ,0.24260098 ,-11.8 ,20.6 ,22.800001 ,?
7.3255672 ,19.819239 ,7.590347 ,-0.8220508 ,4.4505935 ,1.7645293 ,-11.3 ,20.4 ,23.0 ,?
-5.1582975 ,-2.432049 ,-2.745862 ,1.0210185 ,-0.32114086 ,-0.40666208 ,-11.2 ,20.2 ,23.5 ,?
5.6094036 ,19.819239 ,6.0899296 ,1.1955515 ,-2.4574256 ,-2.0821795 ,-11.8 ,19.7 ,23.0 ,?
9.522257 ,-3.4323275 ,-0.06864655 ,-1.6842442 ,-0.891864 ,0.24260098 ,-12.1 ,19.7 ,23.2 ,?
4.4620256 ,19.819239 ,10.993255 ,-0.23736498 ,2.3474698 ,1.9757144 ,-11.8 ,20.0 ,23.300001 ,?
-4.9229383 ,-1.6180972 ,-1.6475172 ,0.88662803 ,0.453786 ,1.160645 ,-11.8 ,19.6 ,23.7 ,?
0.16671304 ,19.819239 ,1.8044236 ,1.5184377 ,-3.5273135 ,-1.8378333 ,-12.1 ,19.7 ,23.6 ,?
5.6388235 ,-1.8240368 ,-1.1179581 ,-1.4748045 ,-0.881392 ,0.8063428 ,-12.2 ,19.6 ,23.5 ,?
5.982056 ,14.396162 ,14.415775 ,-0.73827493 ,1.2880541 ,2.3492153 ,-12.2 ,20.0 ,23.5 ,?
-5.76631 ,0.12748645 ,-1.539644 ,0.9424786 ,0.39095408 ,1.4416432 ,-11.8 ,20.0 ,23.800001 ,?
-0.5491724 ,19.819239 ,5.6976633 ,0.97214925 ,-3.2777312 ,-2.0141118 ,-11.8 ,20.2 ,23.800001 ,?
2.9518015 ,1.0100849 ,-0.8727918 ,-1.0908318 ,-1.6790081 ,0.8482307 ,-11.5 ,20.0 ,24.1 ,?
5.746697 ,18.220755 ,7.2863407 ,-0.106465176 ,1.0908318 ,2.4521897 ,-11.1 ,19.7 ,23.800001 ,?
-5.6878567 ,2.7262487 ,-1.3827376 ,0.7539829 ,1.3857926 ,1.335178 ,-10.0 ,19.7 ,24.1 ,?
0.24516624 ,19.819239 ,0.2157463 ,1.2897995 ,-4.586729 ,-2.579599 ,-9.8 ,19.5 ,24.0 ,?
2.4516625 ,4.324733 ,1.3827376 ,-0.8953547 ,-1.7453308 ,0.40491673 ,-9.8 ,19.5 ,23.800001 ,?
4.9719715 ,15.141467 ,5.79573 ,0.459022 ,1.9966583 ,2.696536 ,-9.6 ,19.4 ,23.6 ,?
-5.6192102 ,5.8153434 ,-1.0296983 ,0.9320066 ,1.4800404 ,0.9093173 ,-9.1 ,19.6 ,23.5 ,?
-0.2157463 ,15.386634 ,-0.4314926 ,0.39444476 ,-4.2673335 ,-2.2986007 ,-9.2 ,19.4 ,23.0 ,?
0.89240515 ,10.855961 ,2.5497289 ,-0.038397275 ,-2.4469538 ,0.50789124 ,-9.400001 ,19.9 ,22.6 ,?
4.736612 ,4.030533 ,1.6573238 ,-0.15707977 ,2.3143086 ,1.5289097 ,-9.7 ,20.300001 ,22.5 ,?
-5.119071 ,12.179859 ,1.1179581 ,-0.22340234 ,4.3999786 ,1.0663971 ,-9.400001 ,20.6 ,22.6 ,?
-5.874183 ,4.8052583 ,-3.5892339 ,1.2932901 ,-3.029894 ,-1.7872187 ,-9.5 ,20.4 ,22.5 ,?
-0.0588399 ,16.690918 ,2.7066352 ,-0.27925292 ,-1.1850796 ,-0.83950406 ,-9.8 ,20.5 ,22.4 ,?
6.2468357 ,1.7848103 ,1.0100849 ,-0.5393072 ,1.7086788 ,1.2426755 ,-9.7 ,20.6 ,22.4 ,?
0.5099458 ,15.827932 ,4.0795665 ,-0.1308998 ,5.09113 ,1.2164955 ,-9.3 ,20.6 ,22.7 ,?
-5.70747 ,1.1277647 ,-2.3437893 ,1.0629064 ,-1.4119725 ,-1.0035652 ,-9.2 ,20.6 ,23.0 ,?
0.9120184 ,19.819239 ,3.2852278 ,-0.066322565 ,-0.918044 ,-1.7435855 ,-9.900001 ,20.4 ,22.9 ,?
7.050981 ,-1.6867437 ,2.1770763 ,-0.68067896 ,0.8953547 ,0.5340712 ,-9.900001 ,20.6 ,23.0 ,?
5.344624 ,19.819239 ,6.305676 ,-0.33335817 ,4.4837546 ,1.0873411 ,-10.0 ,20.6 ,22.9 ,?
-5.2269444 ,-2.0397832 ,-1.99075 ,1.2042782 ,-0.56897783 ,-0.43807802 ,-10.0 ,20.6 ,23.2 ,?
5.3544307 ,19.819239 ,6.6489086 ,0.031415954 ,-1.2706008 ,-2.1764274 ,-10.3 ,20.300001 ,23.1 ,?
9.77723 ,-4.7660317 ,1.0591182 ,-1.4713138 ,-0.21816635 ,0.0052359924 ,-10.6 ,20.300001 ,23.2 ,?
11.150161 ,19.819239 ,10.032203 ,0.036651947 ,3.794349 ,2.2549672 ,-10.400001 ,20.2 ,23.4 ,?
-4.8542914 ,-2.5105023 ,-1.9809432 ,1.176353 ,-0.46076733 ,0.33859417 ,-10.3 ,20.0 ,23.6 ,?
4.1285996 ,19.819239 ,5.776117 ,0.74525625 ,-3.5692015 ,-1.788964 ,-10.7 ,19.7 ,23.300001 ,?
7.0705943 ,-3.80498 ,-1.1866046 ,-1.4486245 ,-0.98436654 ,0.51836324 ,-11.1 ,19.4 ,23.300001 ,?
7.5118937 ,15.808319 ,15.043401 ,-0.1815144 ,1.7034428 ,2.6057787 ,-10.7 ,19.0 ,23.6 ,?
-4.815065 ,-1.2160245 ,-1.6671305 ,1.2444208 ,0.034906615 ,1.1885703 ,-9.400001 ,18.5 ,24.2 ,?
2.0397832 ,19.819239 ,7.031368 ,0.2617996 ,-3.5884001 ,-2.1135955 ,-9.900001 ,18.5 ,23.800001 ,?
5.0994577 ,-2.1574628 ,-1.6671305 ,-1.4172086 ,-1.5201831 ,0.57595915 ,-10.6 ,18.800001 ,23.7 ,?
6.2860627 ,13.415497 ,17.426416 ,-0.6422817 ,1.2496568 ,2.5656362 ,-10.3 ,19.0 ,23.6 ,?
-3.9128532 ,0.49033248 ,-1.9221034 ,1.3857926 ,0.6003938 ,1.3020167 ,-9.2 ,18.800001 ,24.300001 ,?
1.1571847 ,19.819239 ,7.404021 ,0.696387 ,-6.216868 ,-2.1921353 ,-9.400001 ,18.800001 ,23.9 ,?
2.4516625 ,1.8730701 ,0.0588399 ,-0.73129356 ,-1.377066 ,0.2617996 ,-9.900001 ,19.300001 ,23.7 ,?
2.4810824 ,17.06357 ,4.677772 ,0.13962646 ,1.3596127 ,2.4993136 ,-9.7 ,19.1 ,23.6 ,?
-6.8058147 ,5.0308113 ,-2.324176 ,0.6422817 ,2.8605971 ,1.530655 ,-9.2 ,19.4 ,23.9 ,?
-0.1372931 ,19.819239 ,-0.20593965 ,0.7766722 ,-5.244719 ,-2.5132763 ,-9.7 ,19.2 ,23.7 ,?
1.8926834 ,7.198081 ,2.353596 ,-0.28972492 ,-1.825616 ,-0.036651947 ,-10.0 ,18.800001 ,23.5 ,?
4.256086 ,7.4922805 ,3.80498 ,0.21816635 ,2.284638 ,2.1572287 ,-10.1 ,18.800001 ,23.7 ,?
-4.3149257 ,10.326403 ,0.6668522 ,0.453786 ,3.4313202 ,1.2304581 ,-9.7 ,18.6 ,24.1 ,?
-5.187718 ,7.3746004 ,-1.7455837 ,0.68766034 ,-2.912957 ,-1.7139148 ,-9.6 ,18.5 ,24.300001 ,?
1.8240368 ,13.81757 ,4.3835726 ,-0.82554144 ,-1.4154632 ,-0.5113819 ,-10.2 ,18.4 ,23.7 ,?
6.266449 ,1.3925443 ,1.4219642 ,0.27401692 ,2.0228384 ,1.4800404 ,-10.3 ,18.800001 ,23.7 ,?
-0.06864655 ,13.797956 ,3.9815 ,-0.33859417 ,4.9672112 ,0.8115788 ,-10.3 ,18.800001 ,23.7 ,?
-5.3053975 ,1.7455837 ,-2.2359161 ,1.3631033 ,-1.567307 ,-1.2531475 ,-9.8 ,18.5 ,24.0 ,?
0.57859236 ,19.593687 ,4.658159 ,0.04886926 ,-1.4294258 ,-1.155409 ,-10.3 ,18.9 ,23.6 ,?
6.580262 ,-2.7164419 ,1.5592573 ,-0.67369765 ,0.7260576 ,0.24609163 ,-11.0 ,19.1 ,23.6 ,?
4.962165 ,19.819239 ,6.2762556 ,-0.4834566 ,4.457575 ,1.5707977 ,-10.6 ,19.4 ,23.6 ,?
-4.3541527 ,-2.6183755 ,-0.9610517 ,1.0157825 ,-0.34906614 ,-0.34732082 ,-10.1 ,19.2 ,23.800001 ,?
6.0703163 ,19.819239 ,5.040618 ,0.38746342 ,-3.324855 ,-2.021093 ,-10.6 ,19.1 ,23.6 ,?
8.080679 ,-5.3053975 ,-0.34323275 ,-1.6737722 ,-0.696387 ,-0.02094397 ,-10.8 ,19.2 ,23.300001 ,?
9.492837 ,18.210949 ,14.837461 ,0.16057043 ,2.834417 ,2.284638 ,-10.900001 ,18.7 ,23.0 ,?
-3.8245933 ,-0.5491724 ,-1.0983448 ,1.0402172 ,-0.0226893 ,0.64402705 ,-10.3 ,18.800001 ,23.4 ,?
2.128043 ,19.819239 ,8.747532 ,0.6789337 ,-2.9059758 ,-1.8901932 ,-10.400001 ,18.4 ,23.2 ,?
5.5113373 ,-1.2944778 ,-0.6374322 ,-1.3753207 ,-0.85346675 ,0.5986484 ,-10.400001 ,18.7 ,22.9 ,?
5.374044 ,13.601823 ,14.180415 ,-0.30892354 ,0.11868249 ,2.3457246 ,-10.6 ,18.6 ,22.800001 ,?
-4.6973853 ,1.8632635 ,-1.99075 ,1.103049 ,0.58643115 ,1.4748045 ,-9.900001 ,18.5 ,23.4 ,?
2.9027684 ,19.14258 ,8.992698 ,-0.055850584 ,-4.6774864 ,-1.4067366 ,-9.8 ,18.4 ,23.4 ,?
2.4222424 ,2.2457228 ,1.2650578 ,0.11868249 ,-2.1991167 ,-0.3351035 ,-9.7 ,18.800001 ,23.9 ,?
2.3339827 ,19.819239 ,2.186883 ,0.62657374 ,1.329942 ,2.1572287 ,-9.400001 ,19.1 ,24.1 ,?
-5.599597 ,6.521422 ,-0.70607877 ,0.46774864 ,2.0612357 ,1.6074497 ,-8.6 ,19.4 ,24.5 ,?
-3.8834333 ,10.434276 ,-0.7649187 ,0.1867504 ,-4.019497 ,-1.7732561 ,-8.8 ,19.4 ,24.6 ,?
1.6573238 ,11.209001 ,3.8736267 ,-0.39269942 ,-0.70511365 ,-0.24783696 ,-8.8 ,19.1 ,24.5 ,?
4.9719715 ,1.7553903 ,2.0005565 ,-0.019198637 ,1.5690523 ,1.1414464 ,-8.8 ,19.4 ,24.300001 ,?
-2.4810824 ,13.454723 ,1.6867437 ,-0.5375619 ,4.9689565 ,0.912808 ,-8.400001 ,19.300001 ,24.5 ,?
-4.785645 ,3.1185145 ,-1.8436501 ,0.8587027 ,-2.1938808 ,-1.8273613 ,-8.400001 ,19.1 ,24.800001 ,?
1.8338435 ,15.268953 ,5.119071 ,-0.33684883 ,-1.3892833 ,-0.6422817 ,-9.400001 ,18.5 ,24.2 ,?
6.2958694 ,1.147378 ,2.324176 ,-0.33859417 ,1.530655 ,0.6178471 ,-9.7 ,18.9 ,24.300001 ,?
-0.1569064 ,15.13166 ,4.2364726 ,-0.7470016 ,5.1679244 ,1.2339488 ,-10.0 ,18.5 ,24.1 ,?
-4.579705 ,-0.36284605 ,-1.8338435 ,1.9390625 ,-1.392774 ,-1.5742884 ,-10.0 ,18.300001 ,24.0 ,?
1.4808041 ,19.819239 ,5.3544307 ,-0.54628855 ,-1.4660778 ,-1.6196669 ,-11.2 ,18.5 ,23.800001 ,?
7.247114 ,-3.4323275 ,2.1182363 ,-0.67195237 ,-0.0907572 ,0.06283191 ,-12.0 ,18.2 ,24.1 ,?
5.011198 ,19.819239 ,8.963278 ,-0.8237961 ,3.460991 ,1.5097111 ,-12.2 ,18.0 ,23.800001 ,?
-5.5603704 ,-3.3931007 ,-1.1179581 ,1.139701 ,-0.87092006 ,0.19198638 ,-12.400001 ,17.7 ,23.800001 ,?
1.7750036 ,19.819239 ,4.0403395 ,0.6003938 ,-2.7471507 ,-2.0123663 ,-12.7 ,18.1 ,23.4 ,?
8.316039 ,-4.3149257 ,-0.20593965 ,-1.6109403 ,-0.9756399 ,-0.054105252 ,-13.0 ,17.9 ,23.2 ,?
7.8257065 ,19.819239 ,13.5037565 ,0.04712393 ,2.8728144 ,2.4923322 ,-12.8 ,17.7 ,23.2 ,?
-4.3345394 ,-2.9812214 ,-3.0694814 ,0.7295483 ,-0.22340234 ,0.1535891 ,-12.7 ,17.4 ,23.300001 ,?
6.2958694 ,19.819239 ,7.4628606 ,0.928516 ,-3.3632524 ,-2.073453 ,-12.5 ,17.300001 ,23.0 ,?
5.550564 ,-3.1479347 ,-0.9022118 ,-1.6685362 ,-0.7295483 ,0.4886926 ,-12.400001 ,17.9 ,22.7 ,?
8.0120325 ,17.602936 ,16.994925 ,-0.0907572 ,1.2077689 ,1.963497 ,-11.8 ,17.9 ,22.800001 ,?
-4.0795665 ,-0.88259846 ,-1.343511 ,1.160645 ,0.76270956 ,1.2322035 ,-11.400001 ,17.800001 ,23.300001 ,?
1.0885382 ,19.819239 ,9.149604 ,0.696387 ,-3.5884001 ,-2.0490184 ,-11.5 ,17.800001 ,23.0 ,?
2.775282 ,0.6472389 ,0.1569064 ,-0.9424786 ,-0.6894056 ,0.696387 ,-11.7 ,17.9 ,23.1 ,?
5.6682434 ,15.896579 ,9.198637 ,0.28099826 ,0.3298675 ,1.8291066 ,-11.400001 ,18.2 ,23.300001 ,?
-4.3639593 ,3.1283212 ,-0.49033248 ,0.7836535 ,1.4957484 ,1.2723461 ,-10.6 ,18.5 ,23.9 ,?
1.2748644 ,19.819239 ,1.6475172 ,0.39968073 ,-4.979429 ,-1.9879317 ,-10.7 ,18.5 ,23.800001 ,?
1.539644 ,4.2168593 ,0.9120184 ,-0.6283191 ,-0.8883734 ,0.120427825 ,-10.7 ,18.6 ,23.9 ,?
4.305119 ,14.739394 ,5.295591 ,0.6998776 ,1.1833342 ,2.1921353 ,-10.900001 ,18.300001 ,23.7 ,?
-6.1978025 ,6.433162 ,-1.1571847 ,0.5375619 ,1.7453308 ,1.4381526 ,-10.0 ,18.6 ,23.9 ,?
-4.2953124 ,10.738281 ,-1.2454445 ,0.63355505 ,-2.9478636 ,-1.4782951 ,-10.0 ,18.5 ,24.1 ,?
1.0885382 ,9.355544 ,2.265336 ,-0.6824243 ,-1.6598096 ,-0.12915447 ,-9.8 ,19.0 ,23.9 ,?
5.1681046 ,2.9616082 ,3.5696206 ,0.17976907 ,2.0717075 ,1.6441016 ,-9.7 ,18.9 ,23.800001 ,?
-3.3538742 ,10.640215 ,1.6965504 ,-0.043633267 ,3.893833 ,0.88313735 ,-9.400001 ,18.6 ,23.7 ,?
-5.550564 ,4.991585 ,-2.7262487 ,1.1222477 ,-2.8623424 ,-1.4067366 ,-9.5 ,18.6 ,23.7 ,?
1.2258313 ,17.35777 ,4.059953 ,-0.28448892 ,-0.59341246 ,-1.0786144 ,-9.7 ,18.9 ,23.4 ,?
5.64863 ,0.7256921 ,1.3140911 ,-0.4206247 ,0.7871442 ,0.86044806 ,-9.7 ,19.6 ,23.4 ,?
2.2849493 ,16.88705 ,3.7951734 ,-0.45029533 ,5.61822 ,1.0768691 ,-9.1 ,19.4 ,23.5 ,?
-6.668522 ,-1.5298374 ,-2.520309 ,1.2636194 ,-0.26354495 ,-0.74525625 ,-8.7 ,18.800001 ,23.9 ,?
4.5502853 ,19.819239 ,5.0308113 ,0.34383017 ,-1.9600065 ,-2.4033206 ,-10.5 ,18.5 ,22.9 ,?
8.021839 ,-4.5698986 ,1.7848103 ,-1.3491406 ,0.029670622 ,0.017453307 ,-11.2 ,19.300001 ,22.800001 ,?
6.5704556 ,19.819239 ,12.827098 ,0.22165701 ,2.13803 ,2.0769436 ,-10.3 ,19.300001 ,22.9 ,?
-5.040618 ,-3.5107806 ,-2.010363 ,1.0576705 ,0.5340712 ,0.8185601 ,-9.400001 ,18.9 ,23.6 ,?
4.393379 ,19.819239 ,7.78648 ,0.21991168 ,-3.382451 ,-2.5656362 ,-10.400001 ,18.9 ,22.9 ,?
5.599597 ,-0.84337187 ,-1.5200307 ,-1.5324004 ,-0.87092006 ,0.7836535 ,-10.8 ,19.4 ,23.0 ,?
8.453332 ,16.808598 ,13.719503 ,-0.47298464 ,1.1047944 ,2.4836056 ,-10.5 ,19.7 ,23.2 ,?
-4.4424124 ,1.6082906 ,-2.0495899 ,1.3491406 ,0.8272868 ,1.4887671 ,-9.400001 ,19.6 ,23.5 ,?
3.108708 ,19.819239 ,1.0100849 ,1.2130048 ,-5.4105253 ,-2.7244613 ,-9.3 ,19.5 ,23.9 ,?
2.6674087 ,5.540757 ,0.8727918 ,-0.62308306 ,-2.8623424 ,0.226893 ,-9.6 ,19.7 ,23.7 ,?
4.3541527 ,13.121298 ,4.2070527 ,0.33161286 ,1.1222477 ,2.4661524 ,-9.5 ,20.300001 ,24.0 ,?
-5.79573 ,6.5704556 ,-1.343511 ,0.76445484 ,2.1101048 ,1.2391849 ,-8.900001 ,19.800001 ,24.2 ,?
-2.9321883 ,11.209001 ,-0.6864655 ,0.232129 ,-3.1363595 ,-1.6563189 ,-8.8 ,19.4 ,24.4 ,?
1.8926834 ,7.8747396 ,4.393379 ,0.043633267 ,-1.2042782 ,0.32812217 ,-9.400001 ,19.4 ,24.1 ,?
0.9904716 ,10.748088 ,2.3339827 ,-1.7086788 ,3.0089502 ,-0.5567605 ,-9.7 ,19.6 ,24.0 ,?
-6.8156214 ,12.925164 ,2.6379888 ,0.20769437 ,1.392774 ,1.6458468 ,-10.0 ,19.6 ,23.9 ,?
2.0593965 ,6.6194887 ,2.824315 ,-0.86044806 ,1.7086788 ,0.059341244 ,-9.7 ,19.2 ,24.2 ,?
-1.90249 ,9.522257 ,3.9913065 ,0.2949609 ,-1.7802373 ,0.5061459 ,-10.6 ,18.4 ,23.6 ,?
-0.0784532 ,7.913966 ,7.7472534 ,-0.71733093 ,2.1624649 ,-0.9704039 ,-12.400001 ,18.0 ,23.0 ,?
