-4.7464185 ,9.767424 ,1.4709975 ,-0.19722238 ,0.18325973 ,0.15009844 ,-23.5 ,9.5 ,8.3 ,Correr
-5.011198 ,9.2378645 ,2.0593965 ,-0.49916458 ,0.0907572 ,0.027925292 ,-23.0 ,9.7 ,6.6 ,Correr
-4.4326057 ,8.414105 ,2.7654753 ,-0.685915 ,-0.12566382 ,-0.08203054 ,-22.800001 ,9.8 ,5.0 ,Correr
-3.8245933 ,8.502365 ,2.7948952 ,-0.9965839 ,0.07679455 ,0.35430214 ,-22.4 ,10.0 ,3.5 ,Correr
-3.8245933 ,8.806372 ,2.3634026 ,0.6073751 ,-1.9547704 ,0.9320066 ,-22.1 ,10.3 ,2.2 ,Correr
-4.1874394 ,8.531785 ,2.0692031 ,-1.1850796 ,2.801256 ,-0.8185601 ,-21.800001 ,10.8 ,1.4 ,Correr
-4.0109196 ,7.864933 ,2.128043 ,1.0227638 ,-3.5709467 ,0.6073751 ,-21.800001 ,11.8 ,0.7 ,Correr
-3.7755601 ,8.649466 ,2.0397832 ,0.7225669 ,4.3982334 ,0.057595916 ,-21.7 ,12.7 ,-0.6 ,Correr
-4.481639 ,9.0515375 ,2.128043 ,2.9618263 ,-4.19403 ,0.90408134 ,-21.5 ,13.1 ,0.2 ,Correr
-4.991585 ,8.286619 ,2.2359161 ,-0.012217315 ,-1.8116534 ,0.39269942 ,-21.5 ,13.6 ,0.5 ,Correr
-4.7464185 ,8.080679 ,2.3732092 ,-1.1693716 ,4.8258395 ,0.6248284 ,-21.9 ,13.6 ,1.5 ,Correr
-4.2953124 ,8.629851 ,2.9812214 ,-0.9093173 ,4.480264 ,2.021093 ,-21.9 ,13.900001 ,2.9 ,Correr
-3.6088471 ,8.669079 ,3.3636808 ,2.342234 ,-8.799957 ,-4.5657854 ,-21.7 ,14.6 ,3.2 ,Correr
-3.0890946 ,8.727919 ,3.5205872 ,0.21293035 ,-3.124142 ,0.7190763 ,-20.300001 ,15.400001 ,2.4 ,Correr
-2.6968286 ,8.698499 ,3.0694814 ,-1.5690523 ,2.0961423 ,4.2359176 ,-20.6 ,14.2 ,2.7 ,Correr
-2.490889 ,9.120184 ,3.0106416 ,-0.12566382 ,3.06131 ,2.9932423 ,-21.0 ,13.3 ,3.3 ,Correr
-2.7850885 ,9.433997 ,3.3931007 ,1.5411271 ,-6.045826 ,-3.3754697 ,-20.7 ,13.5 ,2.6000001 ,Correr
-3.216581 ,9.698776 ,3.4911673 ,-0.34383017 ,-1.1815889 ,-0.2670356 ,-19.9 ,14.2 ,2.3 ,Correr
-3.8245933 ,9.404577 ,3.2263877 ,-0.21118502 ,0.7888895 ,1.984441 ,-19.5 ,14.2 ,2.7 ,Correr
-3.9520798 ,8.875018 ,3.1577413 ,0.8063428 ,1.1571543 ,0.4939286 ,-19.7 ,14.1 ,2.3 ,Correr
-3.1185145 ,8.463139 ,2.520309 ,0.29321557 ,-2.6982813 ,-3.0246582 ,-19.2 ,14.400001 ,1.7 ,Correr
-3.0106416 ,9.139797 ,2.4810824 ,0.20769437 ,0.21467568 ,0.8220508 ,-20.5 ,13.900001 ,1.9 ,Correr
-3.3734875 ,9.757616 ,2.4712758 ,-1.8657585 ,5.1382537 ,3.3929229 ,-20.6 ,13.900001 ,2.0 ,Correr
-3.6873002 ,9.5320635 ,2.4516625 ,1.9198638 ,-1.6283937 ,-0.57595915 ,-20.6 ,14.1 ,1.8000001 ,Correr
-3.4225209 ,8.727919 ,3.0302548 ,-0.3228862 ,-2.7262065 ,-2.0071304 ,-19.6 ,14.8 ,1.7 ,Correr
-2.883155 ,8.580818 ,2.883155 ,0.08203054 ,3.1730113 ,0.94073325 ,-20.2 ,14.3 ,1.9 ,Correr
-2.7066352 ,8.963278 ,2.8439283 ,-2.122322 ,7.220433 ,2.448699 ,-20.300001 ,14.2 ,2.2 ,Correr
-2.853735 ,9.129991 ,2.5889556 ,1.2810727 ,-4.096291 ,-1.2915448 ,-20.2 ,14.5 ,1.9 ,Correr
-3.0890946 ,8.678885 ,2.824315 ,-0.7103496 ,-1.5376364 ,-0.6387911 ,-19.4 ,15.0 ,1.8000001 ,Correr
-2.9223816 ,8.16894 ,3.3146477 ,1.3072528 ,0.37175545 ,0.6248284 ,-19.5 ,15.1 ,2.4 ,Correr
-2.8341217 ,8.119906 ,3.6873002 ,-0.55850583 ,5.7054863 ,1.9442985 ,-19.4 ,15.8 ,2.7 ,Correr
-3.1283212 ,8.659272 ,3.6578803 ,2.24275 ,-8.452637 ,-4.0020432 ,-18.9 ,16.6 ,2.7 ,Correr
-3.8147867 ,8.875018 ,3.2656143 ,-0.040142607 ,-1.8552866 ,-0.02094397 ,-18.7 ,16.2 ,2.4 ,Correr
-3.8540134 ,8.659272 ,4.324733 ,0.79587084 ,0.6387911 ,-0.052359924 ,-19.4 ,15.8 ,3.2 ,Correr
-3.8344 ,8.276813 ,5.148491 ,-0.7504922 ,5.8119516 ,2.4103017 ,-19.5 ,16.300001 ,2.9 ,Correr
-4.020726 ,8.208166 ,5.060231 ,2.115341 ,-7.4159102 ,-3.7716599 ,-19.4 ,16.800001 ,2.9 ,Correr
-4.324733 ,8.414105 ,4.373766 ,0.13439047 ,-3.0525835 ,0.74525625 ,-19.5 ,16.4 ,2.9 ,Correr
-4.5404787 ,8.178746 ,4.6385455 ,-0.4834566 ,1.7453308 ,2.062981 ,-19.800001 ,15.5 ,3.2 ,Correr
-4.560092 ,7.5511203 ,5.236751 ,-0.44505933 ,5.646145 ,3.3545258 ,-19.6 ,15.5 ,3.2 ,Correr
-4.560092 ,7.3746004 ,5.1288776 ,2.1572287 ,-7.2483587 ,-3.455755 ,-19.7 ,15.400001 ,2.8 ,Correr
-4.7169986 ,7.1784678 ,4.736612 ,-0.16755176 ,-2.6005428 ,-0.099483855 ,-19.4 ,15.7 ,2.9 ,Correr
-4.9229383 ,7.0607877 ,5.187718 ,-0.7888895 ,3.092726 ,3.2637684 ,-18.9 ,15.900001 ,2.6000001 ,Correr
-4.4620256 ,7.050981 ,4.991585 ,-0.5235992 ,5.7177033 ,2.211334 ,-18.9 ,16.0 ,2.2 ,Correr
-4.0991797 ,6.7862015 ,4.530672 ,2.1659555 ,-7.4019475 ,-3.0578194 ,-18.9 ,16.1 ,2.0 ,Correr
-3.8344 ,6.796008 ,4.6679654 ,-0.43458736 ,-2.7558773 ,0.013962646 ,-18.9 ,16.4 ,2.0 ,Correr
-3.275421 ,7.0411744 ,5.1582975 ,-0.63355505 ,2.965317 ,3.5308042 ,-18.7 ,16.9 ,1.7 ,Correr
-2.8635418 ,6.825428 ,5.5799837 ,-0.649263 ,4.501208 ,2.8745596 ,-19.0 ,16.800001 ,1.7 ,Correr
-2.687022 ,6.1389627 ,6.3743224 ,1.3596127 ,-6.483904 ,-3.9915714 ,-18.9 ,16.9 ,1.7 ,Correr
-2.3830159 ,6.109543 ,6.7567816 ,-0.7696909 ,-0.75223756 ,-0.17976907 ,-19.4 ,16.9 ,2.0 ,Correr
-2.2849493 ,7.2667274 ,7.502087 ,0.031415954 ,0.7295483 ,2.3701591 ,-20.0 ,17.300001 ,2.6000001 ,Correr
-2.824315 ,7.109821 ,6.7273617 ,-0.13962646 ,3.9252489 ,2.2986007 ,-20.0 ,17.7 ,2.7 ,Correr
-3.4421341 ,6.746975 ,6.3154826 ,0.5515245 ,-5.6810517 ,-1.9198638 ,-19.4 ,17.7 ,2.3 ,Correr
-3.8540134 ,7.2961473 ,6.697942 ,-0.2391103 ,-0.7714362 ,-0.14137179 ,-19.4 ,17.2 ,2.2 ,Correr
-4.726805 ,7.384407 ,7.472667 ,-0.6213378 ,1.2479115 ,1.2479115 ,-19.7 ,17.0 ,2.4 ,Correr
-5.1582975 ,8.041452 ,9.208445 ,0.66671634 ,1.9600065 ,0.9669132 ,-18.9 ,17.5 ,2.5 ,Correr
-5.148491 ,7.5413136 ,9.5320635 ,-0.29670623 ,-2.3876126 ,-2.5918162 ,-18.4 ,17.800001 ,2.0 ,Correr
-5.5309505 ,6.1389627 ,9.257478 ,-0.2670356 ,1.340414 ,0.4764753 ,-18.800001 ,17.1 ,2.0 ,Correr
-5.746697 ,4.8052583 ,7.9924197 ,-0.907572 ,4.9218326 ,1.9931678 ,-18.6 ,16.300001 ,2.0 ,Correr
-4.118793 ,4.2168593 ,9.0515375 ,1.7191508 ,-1.5812696 ,-0.8848827 ,-18.300001 ,16.0 ,1.6 ,Correr
-1.7750036 ,4.6189322 ,7.247114 ,-1.1641356 ,-0.9669132 ,-1.2810727 ,-17.6 ,16.6 ,1.2 ,Correr
-0.5982056 ,4.579705 ,4.3345394 ,0.16755176 ,2.670356 ,0.7539829 ,-18.9 ,15.900001 ,1.4 ,Correr
0.44129923 ,3.7069137 ,3.667687 ,-1.0925771 ,6.9481616 ,1.7959453 ,-19.1 ,15.8 ,1.8000001 ,Correr
3.0890946 ,3.2558076 ,4.2070527 ,0.8080881 ,-3.5552387 ,-1.5114565 ,-19.4 ,15.6 ,0.8 ,Correr
4.3639593 ,3.079288 ,4.4129925 ,-0.7470016 ,-0.65100837 ,-1.0384718 ,-18.5 ,15.7 ,0.4 ,Correr
5.1582975 ,2.441856 ,4.452219 ,0.30368754 ,2.0821795 ,1.155409 ,-19.1 ,15.7 ,0.7 ,Correr
5.207331 ,2.353596 ,6.187996 ,-0.5602512 ,6.843442 ,1.9984037 ,-19.1 ,15.7 ,0.8 ,Correr
3.9913065 ,4.707192 ,6.187996 ,1.7331134 ,-8.518959 ,-3.7454798 ,-19.0 ,16.2 ,0.90000004 ,Correr
1.9613299 ,9.277091 ,6.3449025 ,-0.7592189 ,-1.340414 ,-0.015707977 ,-18.7 ,16.1 ,1.0 ,Correr
0.2549729 ,12.493671 ,8.3846855 ,-0.14660779 ,3.583164 ,0.8220508 ,-18.800001 ,16.300001 ,1.7 ,Correr
-2.7066352 ,11.463974 ,8.806372 ,-0.9197893 ,5.684542 ,1.8640132 ,-18.300001 ,16.800001 ,1.7 ,Correr
-4.6973853 ,11.954306 ,13.945056 ,1.0140371 ,-4.5972013 ,-1.3648486 ,-18.2 ,16.9 ,1.4 ,Correr
-9.943943 ,17.034151 ,12.425025 ,-1.1833342 ,-2.485351 ,-0.27925292 ,-18.2 ,17.0 ,1.3000001 ,Correr
-14.317709 ,12.454445 ,8.835792 ,0.22340234 ,1.4905125 ,1.1693716 ,-18.7 ,16.800001 ,1.9 ,Correr
-11.29726 ,6.8744617 ,8.629851 ,0.4258607 ,2.9740436 ,0.82554144 ,-18.4 ,16.9 ,1.7 ,Correr
-5.9428296 ,3.0989013 ,7.423634 ,0.0226893 ,-5.262172 ,-2.1537383 ,-17.9 ,17.2 ,0.8 ,Correr
-1.5592573 ,3.2263877 ,5.1092644 ,0.26354495 ,-1.4276806 ,-0.36128345 ,-18.2 ,16.9 ,0.5 ,Correr
-0.89240515 ,4.8248715 ,4.020726 ,-0.5096366 ,2.342234 ,1.6318842 ,-18.5 ,16.6 ,1.2 ,Correr
0.9120184 ,4.5502853 ,2.5006957 ,1.1205024 ,0.18325973 ,0.3124142 ,-18.5 ,16.6 ,0.8 ,Correr
4.785645 ,2.9223816 ,1.735777 ,-0.5410525 ,-2.8693237 ,-1.9774598 ,-17.2 ,17.5 ,0.5 ,Correr
9.610517 ,1.8534569 ,2.8341217 ,-0.057595916 ,2.495823 ,0.8848827 ,-18.800001 ,16.4 ,1.8000001 ,Correr
11.4247465 ,1.6180972 ,4.864098 ,-0.82554144 ,5.454159 ,1.8762306 ,-18.9 ,16.0 ,2.5 ,Correr
10.228335 ,0.4118793 ,4.6973853 ,0.95120525 ,-3.3475444 ,-1.6196669 ,-18.800001 ,16.9 ,2.0 ,Correr
8.727919 ,-0.12748645 ,3.5990405 ,-0.52883524 ,-0.75223756 ,-1.0908318 ,-18.0 ,17.1 ,1.9 ,Correr
8.767145 ,1.1081514 ,3.5696206 ,0.21816635 ,2.6057787 ,0.7208216 ,-19.6 ,16.300001 ,3.2 ,Correr
7.0607877 ,2.3732092 ,3.246001 ,-0.84997606 ,6.5100837 ,1.9966583 ,-19.2 ,16.300001 ,3.3 ,Correr
4.511059 ,2.8439283 ,1.8730701 ,1.9163731 ,-8.960528 ,-3.6337786 ,-18.800001 ,16.800001 ,2.6000001 ,Correr
1.4415776 ,4.256086 ,4.560092 ,-0.1815144 ,-1.4957484 ,0.0680679 ,-19.5 ,16.300001 ,2.6000001 ,Correr
-1.8926834 ,7.678607 ,7.482474 ,-0.8517214 ,2.9408822 ,2.6773374 ,-19.800001 ,16.300001 ,2.6000001 ,Correr
-5.540757 ,13.209558 ,10.042009 ,-0.97913057 ,5.893982 ,2.3282712 ,-19.7 ,16.5 ,2.2 ,Correr
-10.120462 ,15.435667 ,11.875853 ,1.530655 ,-7.3757677 ,-0.9826212 ,-18.800001 ,16.6 ,1.7 ,Correr
-11.287454 ,13.935249 ,10.718668 ,-0.7836535 ,-2.4940777 ,-0.7138403 ,-20.2 ,15.900001 ,2.1000001 ,Correr
-10.630408 ,11.101128 ,8.090487 ,0.45029533 ,1.1571543 ,0.8080881 ,-20.0 ,16.0 ,2.3 ,Correr
-9.767424 ,8.933858 ,6.0408964 ,0.79936147 ,1.0960677 ,1.0594158 ,-20.1 ,16.6 ,1.7 ,Correr
-9.208445 ,8.325846 ,4.7758384 ,-0.50789124 ,-1.6580642 ,-2.6110148 ,-19.2 ,16.800001 ,1.2 ,Correr
-9.316318 ,9.0515375 ,3.5303938 ,0.26878095 ,0.9634226 ,0.5497792 ,-20.0 ,15.900001 ,2.2 ,Correr
-9.022118 ,7.678607 ,1.6965504 ,-0.48694727 ,4.2079926 ,1.5044751 ,-19.800001 ,16.0 ,2.6000001 ,Correr
-6.864655 ,4.9229383 ,0.57859236 ,1.1938063 ,-2.9408822 ,-0.5218539 ,-19.4 ,16.6 ,2.1000001 ,Correr
-3.9030466 ,2.4026291 ,0.26477954 ,-1.1990422 ,-0.50789124 ,-1.0210185 ,-19.1 ,16.5 ,1.8000001 ,Correr
-1.2454445 ,0.32361946 ,0.1569064 ,0.027925292 ,1.3334327 ,0.84648544 ,-19.1 ,16.5 ,2.5 ,Correr
1.343511 ,-0.60801226 ,0.088259846 ,-0.44505933 ,6.9481616 ,1.4940032 ,-18.9 ,16.5 ,2.4 ,Correr
2.1574628 ,-0.92182505 ,-0.7747253 ,0.8220508 ,-6.216868 ,-2.32129 ,-18.2 ,16.6 ,2.0 ,Correr
1.2258313 ,1.2356379 ,-0.97085834 ,-0.30368754 ,-1.6563189 ,-0.4817113 ,-18.2 ,16.4 ,2.0 ,Correr
0.2157463 ,8.090487 ,-2.2163029 ,1.1746076 ,3.541276 ,0.8168148 ,-18.2 ,16.4 ,2.3 ,Correr
2.883155 ,19.819239 ,-5.0308113 ,-0.83252275 ,6.415836 ,1.6074497 ,-18.2 ,16.6 ,2.0 ,Correr
-7.560927 ,19.819239 ,1.4709975 ,1.9250998 ,-8.38806 ,-3.2707498 ,-17.300001 ,17.0 ,1.7 ,Correr
-2.3634026 ,18.485535 ,3.0890946 ,-0.3124142 ,-1.9792051 ,0.4188794 ,-17.9 ,16.9 ,1.7 ,Correr
0.88259846 ,19.819239 ,0.61781895 ,-1.1257384 ,3.5465121 ,4.162614 ,-18.0 ,16.4 ,1.7 ,Correr
-1.8632635 ,19.819239 ,2.0790098 ,-0.42760605 ,5.0893846 ,2.359687 ,-18.0 ,16.300001 ,1.7 ,Correr
-5.7565036 ,19.819239 ,2.353596 ,1.8954293 ,-7.5520463 ,-3.0333848 ,-17.5 ,16.6 ,1.5 ,Correr
-4.589512 ,18.779734 ,0.56878567 ,-0.54279786 ,-1.514947 ,0.65624434 ,-18.7 ,16.2 ,1.8000001 ,Correr
-0.9610517 ,14.121575 ,0.3334261 ,0.46774864 ,1.0960677 ,1.387538 ,-18.7 ,16.1 ,2.3 ,Correr
1.5788707 ,9.228058 ,1.3631244 ,0.8447401 ,1.7523121 ,1.0349811 ,-18.7 ,16.2 ,1.9 ,Correr
3.412714 ,6.4037423 ,0.56878567 ,-0.79587084 ,-3.2271166 ,-2.1973715 ,-18.1 ,16.5 ,1.5 ,Correr
6.109543 ,4.9523582 ,-1.9417167 ,0.24260098 ,0.57944983 ,-0.052359924 ,-19.0 ,15.7 ,2.3 ,Correr
8.159133 ,3.0400615 ,-3.2852278 ,-0.4886926 ,2.965317 ,1.9565158 ,-18.800001 ,15.8 ,2.6000001 ,Correr
8.257199 ,0.088259846 ,-1.8828768 ,1.6737722 ,-1.7208961 ,-0.42237005 ,-18.7 ,16.300001 ,2.1000001 ,Correr
8.051259 ,-2.353596 ,0.5099458 ,-1.4538605 ,-1.6598096 ,-1.150173 ,-17.9 ,16.6 ,1.7 ,Correr
6.894075 ,-3.3146477 ,0.55897903 ,0.1867504 ,2.2514768 ,0.7295483 ,-18.2 ,15.900001 ,2.3 ,Correr
5.315204 ,-3.049868 ,-1.2356379 ,-0.4363327 ,5.7595916 ,1.9024105 ,-18.2 ,16.300001 ,1.9 ,Correr
3.8147867 ,-1.2160245 ,-0.36284605 ,1.2287128 ,-5.2743897 ,-2.469643 ,-17.800001 ,16.4 ,1.4 ,Correr
3.500974 ,8.002226 ,2.5889556 ,-0.6981323 ,-0.9477146 ,-0.6073751 ,-17.9 ,16.1 ,1.4 ,Correr
1.1866046 ,19.819239 ,-1.0983448 ,-0.12915447 ,2.9932423 ,1.4922578 ,-18.1 ,15.900001 ,2.0 ,Correr
-11.41494 ,12.846711 ,3.2852278 ,-0.32812217 ,6.3826747 ,1.6633002 ,-18.300001 ,16.1 ,1.7 ,Correr
4.844485 ,16.01426 ,10.032203 ,1.9931678 ,-9.28516 ,-3.7053373 ,-17.9 ,16.5 ,1.3000001 ,Correr
8.688692 ,17.936363 ,7.482474 ,-0.44680467 ,-2.443463 ,0.37175545 ,-18.800001 ,16.300001 ,1.2 ,Correr
2.991028 ,19.819239 ,2.2849493 ,-1.0629064 ,4.5500774 ,3.223626 ,-19.1 ,16.4 ,1.5 ,Correr
-0.24516624 ,18.711088 ,3.1773546 ,-0.40142608 ,5.729921 ,2.5656362 ,-19.0 ,16.300001 ,1.4 ,Correr
-0.51975244 ,13.621436 ,4.305119 ,1.9355718 ,-7.5031767 ,-2.8204546 ,-18.7 ,16.800001 ,1.0 ,Correr
-1.1669914 ,10.610795 ,3.86382 ,-0.8342681 ,-3.0735273 ,0.25132763 ,-20.0 ,16.9 ,1.5 ,Correr
-2.7164419 ,8.051259 ,2.5791488 ,0.226893 ,2.0141118 ,1.8814665 ,-20.0 ,16.9 ,1.7 ,Correr
-4.8542914 ,5.2759776 ,1.5298374 ,-0.39619008 ,2.0333104 ,2.1083596 ,-19.7 ,16.9 ,1.3000001 ,Correr
-6.6783285 ,2.520309 ,0.0392266 ,-0.459022 ,-2.675592 ,-2.417283 ,-18.800001 ,17.0 ,1.0 ,Correr
-7.7178335 ,0.32361946 ,-1.2748644 ,0.12740915 ,0.43807802 ,0.052359924 ,-19.7 ,16.300001 ,1.8000001 ,Correr
-8.286619 ,-1.9122967 ,-2.0005565 ,-0.4817113 ,4.80315 ,1.8343426 ,-19.4 ,16.800001 ,2.6000001 ,Correr
-7.864933 ,-3.2950344 ,-2.2261095 ,1.836088 ,-4.228936 ,-1.5044751 ,-19.300001 ,17.2 ,2.5 ,Correr
-7.5217004 ,-1.9809432 ,-3.4029074 ,-0.43458736 ,-0.07330389 ,-0.39444476 ,-18.300001 ,17.2 ,2.3 ,Correr
-7.021561 ,2.0888164 ,-3.6873002 ,-0.11170117 ,2.0874157 ,1.0035652 ,-18.7 ,15.7 ,3.0 ,Correr
-5.629017 ,8.041452 ,-3.0400615 ,-0.79587084 ,8.026776 ,1.8325973 ,-18.5 ,15.900001 ,3.0 ,Correr
-2.294756 ,18.191336 ,-2.4614692 ,0.83950406 ,-6.284936 ,-2.907721 ,-17.7 ,16.9 ,2.9 ,Correr
0.10787315 ,19.819239 ,0.20593965 ,-0.44331402 ,-2.628468 ,-0.6283191 ,-17.6 ,16.800001 ,2.6000001 ,Correr
1.6671305 ,19.819239 ,2.745862 ,-0.3682648 ,3.6861386 ,1.3648486 ,-17.9 ,16.9 ,2.7 ,Correr
7.6001534 ,19.819239 ,0.5295591 ,-1.2636194 ,6.1976695 ,2.221806 ,-17.800001 ,16.9 ,2.5 ,Correr
7.453054 ,19.819239 ,0.3138128 ,1.4154632 ,-7.0459003 ,-3.2707498 ,-16.800001 ,17.300001 ,1.9 ,Correr
3.0596747 ,19.819239 ,0.51975244 ,-0.5899218 ,-3.387687 ,0.39095408 ,-17.800001 ,17.2 ,2.2 ,Correr
-1.5298374 ,19.113161 ,-0.40207264 ,0.6824243 ,1.5044751 ,1.4922578 ,-17.6 ,18.1 ,2.4 ,Correr
-1.735777 ,15.504313 ,-0.40207264 ,0.65100837 ,1.0786144 ,0.918044 ,-17.6 ,18.2 ,1.8000001 ,Correr
-0.7354987 ,13.209558 ,0.0392266 ,-0.3700101 ,-3.8170383 ,-1.2967807 ,-17.0 ,18.4 ,0.8 ,Correr
-0.84337187 ,10.375436 ,-0.18632634 ,0.07679455 ,-1.2130048 ,0.19198638 ,-18.5 ,17.800001 ,1.1 ,Correr
1.7651969 ,7.9335794 ,-2.3339827 ,-0.30892354 ,3.567456 ,1.3386687 ,-18.300001 ,17.800001 ,1.8000001 ,Correr
6.5116153 ,5.070038 ,-2.5791488 ,1.6824988 ,-3.2882032 ,-1.0437078 ,-18.300001 ,18.1 ,0.90000004 ,Correr
10.149882 ,1.372931 ,-2.432049 ,-0.8883734 ,0.31590486 ,-1.1519183 ,-17.7 ,18.0 ,0.6 ,Correr
11.846433 ,-2.9223816 ,-1.0296983 ,0.0017453308 ,1.9163731 ,1.7331134 ,-18.7 ,17.2 ,1.5 ,Correr
11.169774 ,-4.8052583 ,1.2944778 ,-0.35604748 ,6.6357474 ,2.0943968 ,-18.800001 ,16.9 ,2.0 ,Correr
9.2378645 ,-2.441856 ,2.3732092 ,1.5079658 ,-7.017975 ,-3.440047 ,-18.800001 ,17.2 ,2.0 ,Correr
7.2078876 ,1.4709975 ,1.0198916 ,-0.31939554 ,-1.3334327 ,0.84648544 ,-18.6 ,16.800001 ,2.0 ,Correr
4.6973853 ,3.7069137 ,0.12748645 ,0.30194223 ,2.5429468 ,-0.019198637 ,-18.9 ,16.2 ,3.0 ,Correr
5.8447633 ,11.669913 ,2.6968286 ,-0.52883524 ,7.4909596 ,1.9600065 ,-19.300001 ,15.8 ,2.7 ,Correr
3.108708 ,19.819239 ,-0.18632634 ,1.1868249 ,-7.0842977 ,-3.494152 ,-18.7 ,15.7 ,2.0 ,Correr
-8.247393 ,19.819239 ,2.9812214 ,-0.232129 ,-1.535891 ,0.3804821 ,-19.2 ,15.7 ,2.0 ,Correr
2.7360554 ,17.897137 ,6.8744617 ,-1.1327196 ,3.9339755 ,2.9356463 ,-19.0 ,15.5 ,1.9 ,Correr
6.639102 ,16.739952 ,5.599597 ,-0.24260098 ,4.5291333 ,2.0594902 ,-18.800001 ,15.7 ,0.90000004 ,Correr
4.9425516 ,19.760399 ,3.246001 ,0.65449905 ,-5.646145 ,-3.487171 ,-17.5 ,16.300001 ,0.2 ,Correr
6.433162 ,19.819239 ,2.5791488 ,-0.7208216 ,-0.4084074 ,0.5986484 ,-19.1 ,15.7 ,0.90000004 ,Correr
7.168661 ,17.318544 ,1.4415776 ,0.0 ,1.9949131 ,1.5079658 ,-19.300001 ,16.300001 ,1.4 ,Correr
3.4911673 ,13.366464 ,-0.32361946 ,0.6894056 ,-2.1589742 ,-0.21467568 ,-18.6 ,16.9 ,0.8 ,Correr
-0.69627213 ,10.581375 ,-1.7848103 ,-1.4049913 ,-0.42760605 ,-1.8133986 ,-17.1 ,17.4 ,0.8 ,Correr
-4.0501466 ,8.973084 ,-2.6968286 ,0.7103496 ,1.1815889 ,1.1728623 ,-18.1 ,17.0 ,1.9 ,Correr
-6.9333014 ,6.237029 ,-2.8439283 ,-0.62308306 ,7.223924 ,1.9774598 ,-18.0 ,17.4 ,2.3 ,Correr
-8.816178 ,1.735777 ,-2.5399222 ,1.5987229 ,-6.4873943 ,-3.4906616 ,-17.300001 ,18.1 ,2.0 ,Correr
-8.512172 ,-2.265336 ,-1.8142302 ,-1.1449369 ,-0.46076733 ,1.0070559 ,-17.5 ,17.800001 ,2.1000001 ,Correr
-7.1882744 ,-3.6873002 ,-1.5690639 ,1.1850796 ,2.8745596 ,-0.5497792 ,-17.6 ,17.6 ,2.6000001 ,Correr
-5.9428296 ,-2.824315 ,-1.2944778 ,-0.51836324 ,6.6043315 ,2.1729367 ,-17.2 ,17.6 ,2.4 ,Correr
-5.1092644 ,0.36284605 ,-0.46091253 ,1.3578674 ,-6.970851 ,-2.5446923 ,-16.4 ,17.9 ,2.0 ,Correr
-4.5404787 ,2.6477954 ,-0.46091253 ,-1.129229 ,-1.624903 ,0.029670622 ,-18.2 ,17.2 ,2.3 ,Correr
-5.3642373 ,5.011198 ,-0.6766588 ,-0.30368754 ,1.862268 ,2.326526 ,-18.4 ,16.9 ,2.2 ,Correr
-4.6385455 ,14.994368 ,0.8041453 ,-0.41538873 ,4.7438087 ,1.9303358 ,-18.300001 ,17.2 ,1.4 ,Correr
-2.1378496 ,19.819239 ,1.5200307 ,1.1449369 ,-5.344203 ,-2.036801 ,-18.5 ,17.0 ,1.3000001 ,Correr
0.14709975 ,19.819239 ,3.697107 ,-0.18500505 ,-1.8814665 ,0.1535891 ,-18.6 ,17.2 ,1.3000001 ,Correr
3.9128532 ,19.819239 ,3.2950344 ,-0.099483855 ,1.3316873 ,0.7731815 ,-18.800001 ,17.2 ,1.2 ,Correr
5.3642373 ,19.819239 ,0.18632634 ,1.1100304 ,-0.3176502 ,0.226893 ,-18.800001 ,17.300001 ,1.4 ,Correr
6.2860627 ,19.819239 ,-1.5200307 ,-1.1746076 ,-2.29511 ,-1.2095143 ,-19.300001 ,17.2 ,1.4 ,Correr
5.344624 ,18.328629 ,-1.9809432 ,0.89710003 ,1.8884479 ,1.5324004 ,-19.0 ,17.9 ,1.1 ,Correr
3.000835 ,14.788428 ,-1.3631244 ,-0.8220508 ,6.5362635 ,1.9198638 ,-19.1 ,17.5 ,1.3000001 ,Correr
1.343511 ,11.924886 ,-0.951245 ,1.6999521 ,-5.3302402 ,-3.2532966 ,-18.5 ,18.0 ,1.2 ,Correr
0.9904716 ,10.316595 ,-1.8436501 ,0.3577928 ,-0.0017453308 ,0.5410525 ,-17.9 ,18.5 ,0.8 ,Correr
1.6671305 ,7.913966 ,-1.8044236 ,1.3596127 ,-1.6685362 ,-0.7784175 ,-19.4 ,16.9 ,1.8000001 ,Correr
4.0403395 ,5.8937964 ,-3.1577413 ,-0.6091204 ,6.25352 ,2.9688077 ,-19.1 ,16.9 ,1.7 ,Correr
7.531507 ,3.89324 ,-4.226666 ,1.4608419 ,-9.4876175 ,-4.4191775 ,-17.800001 ,17.5 ,0.2 ,Correr
10.512729 ,0.32361946 ,-2.520309 ,-0.19373171 ,-4.016006 ,-0.11519183 ,-17.9 ,17.2 ,0.5 ,Correr
10.689248 ,-3.0302548 ,0.3138128 ,-1.2147502 ,4.712393 ,5.239483 ,-18.800001 ,16.1 ,2.0 ,Correr
8.884825 ,-3.667687 ,1.8730701 ,-0.5305805 ,4.120726 ,2.7506413 ,-18.800001 ,16.0 ,2.3 ,Correr
6.4821954 ,-1.6475172 ,1.3533176 ,0.9093173 ,-6.0859685 ,-3.4644816 ,-19.1 ,15.900001 ,2.0 ,Correr
4.677772 ,0.5393657 ,0.36284605 ,-0.09599319 ,1.8483052 ,0.11868249 ,-18.6 ,15.5 ,1.8000001 ,Correr
4.020726 ,3.2361944 ,1.8828768 ,-0.5986484 ,1.0088012 ,2.1083596 ,-18.300001 ,15.7 ,1.9 ,Correr
6.384129 ,19.534847 ,2.9223816 ,1.2042782 ,0.30368754 ,0.099483855 ,-18.6 ,15.5 ,1.8000001 ,Correr
-3.4911673 ,19.819239 ,-0.74530536 ,-1.0140371 ,-1.6528282 ,-2.785548 ,-19.1 ,15.6 ,2.4 ,Correr
-3.4029074 ,17.867716 ,3.0890946 ,0.11693716 ,2.1572287 ,0.94422394 ,-19.4 ,15.5 ,2.1000001 ,Correr
6.3449025 ,19.819239 ,8.600431 ,-0.9197893 ,5.1347632 ,2.3073273 ,-19.6 ,15.400001 ,1.9 ,Correr
6.864655 ,19.819239 ,4.7660317 ,1.2723461 ,-2.5918162 ,-1.129229 ,-19.300001 ,15.8 ,1.4 ,Correr
4.167826 ,19.819239 ,1.6965504 ,-0.5044006 ,-0.7155856 ,-2.6232321 ,-18.2 ,16.2 ,1.2 ,Correr
4.707192 ,19.819239 ,2.128043 ,-0.09250253 ,2.6092694 ,1.6912255 ,-19.300001 ,15.8 ,1.6 ,Correr
5.0210047 ,14.690361 ,2.2163029 ,-1.0314904 ,6.808535 ,2.1240675 ,-19.300001 ,16.0 ,2.0 ,Correr
3.000835 ,11.091321 ,0.8727918 ,1.3002714 ,-5.2342467 ,-2.6354494 ,-18.9 ,16.6 ,2.0 ,Correr
0.3138128 ,8.933858 ,0.12748645 ,-0.52534455 ,-1.5987229 ,-0.27925292 ,-18.2 ,17.0 ,1.8000001 ,Correr
-2.1966896 ,6.8058147 ,-0.8531785 ,0.9320066 ,0.7190763 ,0.5951578 ,-18.5 ,16.9 ,2.4 ,Correr
-4.677772 ,3.7853668 ,-2.0397832 ,-0.5497792 ,5.6653438 ,2.1293035 ,-18.6 ,17.5 ,2.8 ,Correr
-5.962443 ,0.4118793 ,-2.5791488 ,2.3160539 ,-9.911734 ,-4.284787 ,-18.7 ,18.1 ,2.7 ,Correr
-6.3939357 ,-2.5987623 ,-2.5497289 ,-0.7190763 ,-2.9618263 ,0.47996596 ,-18.300001 ,18.300001 ,2.6000001 ,Correr
-6.609682 ,-4.1089864 ,-1.539644 ,-0.29147023 ,3.1974459 ,3.8135476 ,-18.800001 ,17.800001 ,3.2 ,Correr
-6.9333014 ,-2.8145084 ,-1.5690639 ,-0.5375619 ,5.2953334 ,2.6459215 ,-18.800001 ,18.4 ,3.2 ,Correr
-7.3157606 ,-0.17651969 ,-2.1770763 ,1.5184377 ,-8.2048 ,-4.014261 ,-18.300001 ,18.5 ,3.0 ,Correr
-7.3746004 ,2.7262487 ,-2.128043 ,-0.6248284 ,-1.5899963 ,0.95469594 ,-18.5 ,18.4 ,2.5 ,Correr
-6.462582 ,8.4925585 ,-0.16671304 ,0.017453307 ,1.1205024 ,1.7400948 ,-18.9 ,18.1 ,3.1000001 ,Correr
-4.8739047 ,19.819239 ,-0.92182505 ,1.3159794 ,-1.0716331 ,0.50789124 ,-18.7 ,18.4 ,2.8 ,Correr
-4.6091256 ,19.819239 ,0.84337187 ,-1.2845634 ,-0.8848827 ,-1.9216092 ,-17.6 ,18.7 ,2.0 ,Correr
-3.6284604 ,19.819239 ,3.8834333 ,0.4188794 ,1.0489438 ,1.0838504 ,-18.5 ,18.2 ,1.8000001 ,Correr
1.372931 ,19.819239 ,1.5298374 ,-0.87615603 ,5.5937853 ,2.3073273 ,-18.5 ,18.4 ,2.1000001 ,Correr
4.530672 ,19.819239 ,-0.56878567 ,1.6598096 ,-3.7367532 ,-2.0402915 ,-18.4 ,18.2 ,1.5 ,Correr
3.9913065 ,19.819239 ,-0.55897903 ,-1.2147502 ,-0.5044006 ,-0.9669132 ,-17.0 ,19.2 ,1.3000001 ,Correr
2.4026291 ,19.250454 ,-0.40207264 ,0.907572 ,1.5289097 ,1.1117756 ,-18.300001 ,18.4 ,2.0 ,Correr
1.4808041 ,14.759007 ,-1.2160245 ,-1.0175278 ,7.0371737 ,2.1589742 ,-18.2 ,18.4 ,2.2 ,Correr
1.1081514 ,11.552234 ,-1.2944778 ,2.3806312 ,-10.36901 ,-4.227191 ,-17.9 ,18.2 ,1.7 ,Correr
0.46091253 ,8.8652115 ,-0.8041453 ,-0.7208216 ,-2.6406853 ,0.40142608 ,-17.5 ,18.4 ,1.7 ,Correr
-0.69627213 ,6.7567816 ,-0.7747253 ,0.33859417 ,1.551599 ,2.7471507 ,-18.800001 ,17.6 ,3.4 ,Correr
0.1176798 ,6.413549 ,-3.1381278 ,0.4084074 ,3.2777312 ,2.3509605 ,-18.6 ,17.6 ,3.3 ,Correr
3.2558076 ,5.3348174 ,-4.422799 ,0.32114086 ,-5.4000535 ,-2.6982813 ,-17.1 ,18.5 ,2.3 ,Correr
6.4233556 ,2.4810824 ,-4.373766 ,-0.28972492 ,-1.3439047 ,0.16755176 ,-19.1 ,17.2 ,2.6000001 ,Correr
9.18883 ,-1.0198916 ,-1.4808041 ,0.35953814 ,0.2391103 ,0.9372426 ,-19.2 ,16.6 ,3.8 ,Correr
10.296982 ,-3.2950344 ,0.6668522 ,0.16755176 ,0.9773852 ,1.9495344 ,-18.800001 ,16.9 ,3.2 ,Correr
10.130269 ,-2.1476562 ,0.97085834 ,-0.34208483 ,-2.5237482 ,-2.3125632 ,-17.4 ,17.5 ,2.3 ,Correr
9.669356 ,-0.10787315 ,0.75511205 ,0.49741927 ,1.5376364 ,0.73478425 ,-18.9 ,16.2 ,2.9 ,Correr
8.963278 ,2.5595355 ,3.000835 ,-0.49916458 ,5.9812484 ,1.8587773 ,-18.800001 ,16.0 ,2.9 ,Correr
10.650022 ,18.730701 ,4.2364726 ,1.3631033 ,-4.1538873 ,-1.0646517 ,-18.4 ,16.6 ,2.1000001 ,Correr
-4.8935184 ,19.819239 ,-5.393657 ,-1.0594158 ,-0.0034906615 ,-1.082105 ,-17.9 ,16.5 ,2.2 ,Correr
-7.923773 ,19.819239 ,-1.0689248 ,0.026179962 ,1.7819827 ,1.0838504 ,-18.2 ,16.300001 ,2.3 ,Correr
4.020726 ,19.819239 ,8.825985 ,-0.69464165 ,6.269228 ,1.841324 ,-17.800001 ,16.6 ,2.0 ,Correr
6.6194887 ,19.819239 ,7.531507 ,1.0786144 ,-4.9218326 ,-2.2898738 ,-18.0 ,16.6 ,2.1000001 ,Correr
5.903603 ,19.819239 ,3.550007 ,-0.57595915 ,-1.857032 ,-0.7260576 ,-18.1 ,16.6 ,2.0 ,Correr
6.2566423 ,19.819239 ,0.36284605 ,0.3752461 ,1.82038 ,-0.12391848 ,-17.9 ,17.0 ,2.0 ,Correr
5.325011 ,17.553904 ,0.92182505 ,-1.113521 ,7.752759 ,2.1135955 ,-18.0 ,17.1 ,2.1000001 ,Correr
2.6477954 ,13.140911 ,0.0784532 ,1.8727399 ,-7.698654 ,-3.5744374 ,-18.5 ,16.800001 ,2.9 ,Correr
0.4118793 ,10.120462 ,-1.6475172 ,-0.68766034 ,-2.9740436 ,0.1308998 ,-18.9 ,16.9 ,2.9 ,Correr
-1.8534569 ,7.001948 ,-3.559814 ,-0.68067896 ,5.2534456 ,2.4033206 ,-18.6 ,16.800001 ,2.9 ,Correr
-4.589512 ,3.8344 ,-4.785645 ,-1.0873411 ,6.3966374 ,2.1205769 ,-18.7 ,16.800001 ,3.2 ,Correr
-6.8058147 ,-0.22555295 ,-5.1288776 ,1.4486245 ,-6.438525 ,-3.4993882 ,-18.5 ,16.9 ,2.9 ,Correr
-7.2961473 ,-4.6973853 ,-4.658159 ,-0.81332415 ,-2.3247805 ,-0.20769437 ,-18.300001 ,17.1 ,2.9 ,Correr
-6.413549 ,-5.64863 ,-2.9518015 ,0.4834566 ,1.9512798 ,2.3230352 ,-18.7 ,16.9 ,3.2 ,Correr
-6.413549 ,-3.5303938 ,-2.6477954 ,-0.04712393 ,3.0525835 ,2.1519928 ,-18.6 ,17.2 ,3.3 ,Correr
-6.4723887 ,-0.5393657 ,-2.6379888 ,0.63704574 ,-6.681126 ,-2.9792795 ,-16.9 ,17.800001 ,2.0 ,Correr
-6.03109 ,2.2849493 ,-2.8047018 ,0.19198638 ,-0.6579897 ,0.670207 ,-18.5 ,16.9 ,2.7 ,Correr
-6.462582 ,4.991585 ,-1.0198916 ,0.2391103 ,1.7767467 ,1.6144309 ,-19.0 ,16.9 ,3.5 ,Correr
-6.1389627 ,12.915358 ,2.3045628 ,1.4625871 ,-2.1921353 ,-0.16231576 ,-18.800001 ,17.4 ,2.6000001 ,Correr
-6.492002 ,19.328907 ,3.7167203 ,-0.7888895 ,-1.2374395 ,-2.0559995 ,-17.0 ,17.800001 ,2.1000001 ,Correr
-5.9722495 ,19.436779 ,6.384129 ,0.6684617 ,0.84648544 ,0.8744107 ,-18.7 ,16.6 ,3.1000001 ,Correr
-3.2950344 ,19.819239 ,4.501252 ,-0.3246315 ,6.204651 ,2.0821795 ,-18.800001 ,16.2 ,3.8 ,Correr
-1.7455837 ,19.819239 ,1.6082906 ,1.4940032 ,-4.2987494 ,-1.4067366 ,-18.300001 ,16.6 ,2.9 ,Correr
-1.0689248 ,19.819239 ,-0.30400613 ,-0.7208216 ,-1.3055074 ,-1.4206992 ,-18.5 ,16.7 ,2.9 ,Correr
2.7262487 ,19.819239 ,-3.6774936 ,-0.099483855 ,1.7156601 ,1.3753207 ,-18.7 ,16.4 ,3.2 ,Correr
4.3541527 ,19.691753 ,-3.6774936 ,-0.7714362 ,7.182036 ,1.9722238 ,-18.300001 ,16.300001 ,3.4 ,Correr
4.393379 ,14.602101 ,-2.2064962 ,1.7174054 ,-5.948087 ,-2.8728144 ,-18.0 ,16.5 ,2.9 ,Correr
2.745862 ,11.209001 ,-2.010363 ,-0.33161286 ,-2.6022882 ,-0.664971 ,-18.7 ,16.4 ,2.8 ,Correr
2.3143694 ,9.031924 ,-2.6674087 ,-0.4886926 ,3.525568 ,0.73827493 ,-19.0 ,16.300001 ,2.9 ,Correr
2.7948952 ,6.5998755 ,-3.1381278 ,-1.2077689 ,6.9795775 ,2.4242644 ,-18.800001 ,16.4 ,2.6000001 ,Correr
4.3149257 ,3.667687 ,-4.5502853 ,1.1780982 ,-7.4228916 ,-4.3371468 ,-17.9 ,16.7 ,2.0 ,Correr
7.2373075 ,-0.12748645 ,-4.4326057 ,-0.19547704 ,-3.1433406 ,1.3369234 ,-19.0 ,16.2 ,2.2 ,Correr
11.434553 ,-3.6578803 ,-2.3143694 ,0.82030547 ,1.7715107 ,3.5482574 ,-19.0 ,16.0 ,2.8 ,Correr
13.778343 ,-4.501252 ,0.9414384 ,0.6143564 ,2.2252967 ,1.7715107 ,-18.9 ,17.0 ,2.0 ,Correr
12.189666 ,-2.3928225 ,1.5984839 ,-1.3945193 ,-2.417283 ,-2.850125 ,-17.800001 ,17.6 ,2.0 ,Correr
9.365351 ,0.32361946 ,-0.2157463 ,0.75223756 ,0.9320066 ,0.61610174 ,-19.0 ,16.9 ,2.5 ,Correr
6.492002 ,2.353596 ,-1.3337044 ,-0.39095408 ,5.256936 ,1.6964614 ,-18.7 ,17.0 ,2.8 ,Correr
7.60996 ,7.8845463 ,2.5105023 ,1.34565 ,-3.3074017 ,-1.5132017 ,-18.1 ,17.800001 ,2.4 ,Correr
8.414105 ,19.819239 ,-0.3334261 ,-0.87092006 ,-0.53581655 ,-1.2915448 ,-17.6 ,17.800001 ,2.2 ,Correr
-11.699333 ,19.819239 ,-1.4709975 ,0.5846858 ,1.329942 ,1.2566382 ,-18.1 ,17.2 ,2.9 ,Correr
-0.84337187 ,19.819239 ,6.021283 ,-0.36477414 ,7.192508 ,1.7802373 ,-18.1 ,17.7 ,3.1000001 ,Correr
7.6001534 ,16.455559 ,7.109821 ,1.3578674 ,-8.244943 ,-3.619816 ,-17.7 ,17.6 ,2.9 ,Correr
6.590069 ,18.926834 ,2.6968286 ,-0.3176502 ,-1.9355718 ,0.35255682 ,-18.2 ,17.0 ,2.3 ,Correr
6.0408964 ,19.819239 ,0.5982056 ,0.28099826 ,1.3107435 ,0.4886926 ,-18.6 ,16.6 ,2.7 ,Correr
6.109543 ,17.642162 ,1.3533176 ,-0.5777045 ,5.646145 ,2.1677008 ,-18.5 ,16.9 ,2.5 ,Correr
4.305119 ,14.494228 ,0.92182505 ,1.841324 ,-7.8121004 ,-2.5586548 ,-18.0 ,17.2 ,1.6 ,Correr
0.6766588 ,12.483865 ,-0.60801226 ,-1.1362103 ,-2.6773374 ,0.2617996 ,-19.4 ,16.6 ,1.8000001 ,Correr
-3.0204482 ,11.012868 ,-1.9515233 ,0.27401692 ,2.0821795 ,2.0141118 ,-19.6 ,16.9 ,2.4 ,Correr
-6.9038815 ,8.208166 ,-2.9616082 ,0.12566382 ,2.8693237 ,1.82038 ,-19.300001 ,16.9 ,1.8000001 ,Correr
-8.757339 ,3.8540134 ,-3.9324665 ,0.3228862 ,-5.1382537 ,-3.6948652 ,-18.1 ,17.5 ,1.1 ,Correr
-9.404577 ,-0.5295591 ,-3.7853668 ,0.23561965 ,-1.171117 ,0.65624434 ,-18.2 ,18.300001 ,1.4 ,Correr
-8.953471 ,-3.471554 ,-3.0400615 ,0.04188794 ,1.7226415 ,1.8238707 ,-18.2 ,18.4 ,1.5 ,Correr
-8.580818 ,-4.226666 ,-2.7360554 ,1.6458468 ,-2.6633747 ,0.106465176 ,-18.2 ,18.4 ,1.6 ,Correr
-8.472945 ,-2.3437893 ,-3.559814 ,-0.34906614 ,-1.3613579 ,-2.2671847 ,-17.7 ,18.4 ,1.7 ,Correr
-7.8551264 ,0.2941995 ,-3.334261 ,0.6318097 ,0.54803383 ,1.0786144 ,-17.4 ,18.800001 ,1.7 ,Correr
-6.129156 ,2.4614692 ,-1.2944778 ,-0.6318097 ,5.1190553 ,1.8901932 ,-17.4 ,18.6 ,1.8000001 ,Correr
-3.1283212 ,8.365072 ,2.128043 ,1.4468791 ,-4.5797477 ,-1.8989198 ,-17.5 ,18.7 ,1.7 ,Correr
0.16671304 ,17.759842 ,1.8828768 ,-0.108210504 ,-1.5376364 ,-0.78190815 ,-17.9 ,18.5 ,1.6 ,Correr
0.60801226 ,19.819239 ,1.2454445 ,-0.017453307 ,2.29511 ,1.8378333 ,-18.800001 ,17.300001 ,2.0 ,Correr
0.8531785 ,19.819239 ,6.8548484 ,-0.7976161 ,6.942926 ,1.9338264 ,-18.9 ,17.2 ,2.6000001 ,Correr
4.658159 ,19.819239 ,4.9523582 ,2.7000268 ,-10.971149 ,-4.084074 ,-18.6 ,17.5 ,2.2 ,Correr
5.5113373 ,19.819239 ,0.2157463 ,-0.57944983 ,-2.823945 ,-0.11519183 ,-18.4 ,17.5 ,2.1000001 ,Correr
6.021283 ,19.819239 ,-1.5592573 ,-1.4800404 ,4.946267 ,4.047422 ,-18.9 ,16.9 ,2.8 ,Correr
6.129156 ,19.819239 ,-1.99075 ,-0.75572824 ,4.832821 ,1.8483052 ,-18.7 ,16.7 ,2.9 ,Correr
3.5205872 ,14.219642 ,-0.19613299 ,0.6003938 ,-4.9357953 ,-3.8118024 ,-18.2 ,17.1 ,2.6000001 ,Correr
3.7853668 ,10.787314 ,-0.69627213 ,-0.36477414 ,-1.3002714 ,0.28274357 ,-19.7 ,15.8 ,3.8 ,Correr
4.6679654 ,9.316318 ,-0.7747253 ,-0.04188794 ,1.4678231 ,1.392774 ,-19.800001 ,15.1 ,5.0 ,Correr
5.991863 ,7.3746004 ,-1.8534569 ,0.8447401 ,0.5096366 ,0.8779014 ,-19.1 ,15.6 ,4.0 ,Correr
6.8744617 ,4.1285996 ,-2.657602 ,-0.82030547 ,-2.2165701 ,-2.7942746 ,-17.9 ,16.0 ,3.3 ,Correr
7.119628 ,0.6374322 ,-2.5006957 ,0.5567605 ,0.65449905 ,0.11868249 ,-19.9 ,14.8 ,4.3 ,Correr
7.423634 ,-2.5693421 ,-1.6573238 ,-0.39619008 ,2.7523866 ,2.1851542 ,-20.0 ,14.2 ,5.3 ,Correr
7.502087 ,-4.2658925 ,-0.16671304 ,1.6580642 ,-2.892013 ,-0.7836535 ,-19.7 ,14.7 ,4.4 ,Correr
6.825428 ,-3.1871612 ,0.4118793 ,-0.83601344 ,-1.0088012 ,-2.4818604 ,-18.5 ,15.400001 ,4.0 ,Correr
5.5799837 ,-0.9904716 ,0.14709975 ,0.28972492 ,1.9739691 ,1.8221253 ,-18.2 ,15.400001 ,4.1 ,Correr
4.4424124 ,0.88259846 ,-0.65704554 ,-0.5497792 ,5.794498 ,2.284638 ,-18.2 ,15.7 ,3.9 ,Correr
5.0013914 ,3.8245933 ,1.5592573 ,1.5376364 ,-5.3319855 ,-2.3439791 ,-18.4 ,16.800001 ,4.2000003 ,Correr
11.463974 ,19.819239 ,2.9518015 ,-0.12566382 ,-1.7697654 ,-0.66671634 ,-18.4 ,16.7 ,4.1 ,Correr
-2.8047018 ,19.819239 ,1.7553903 ,-0.02443463 ,2.9845157 ,0.14137179 ,-18.2 ,16.6 ,4.3 ,Correr
3.4617474 ,19.819239 ,6.0605097 ,-0.96865857 ,6.9045286 ,2.3352525 ,-18.1 ,17.1 ,4.1 ,Correr
13.189944 ,18.750315 ,7.2078876 ,2.26893 ,-9.798286 ,-3.9706275 ,-17.7 ,17.7 ,3.6000001 ,Correr
11.003061 ,18.93664 ,2.5399222 ,-0.34383017 ,-3.2114086 ,0.7487469 ,-18.9 ,17.1 ,3.6000001 ,Correr
8.217973 ,19.819239 ,1.1375713 ,-0.3054329 ,3.19221 ,3.8240197 ,-19.0 ,17.2 ,3.8 ,Correr
6.3449025 ,17.965782 ,1.5690639 ,-0.6248284 ,5.3023148 ,2.9897516 ,-19.1 ,17.300001 ,3.5 ,Correr
4.6875787 ,13.935249 ,0.79433864 ,1.9652424 ,-8.787741 ,-3.1695206 ,-18.0 ,17.2 ,2.3 ,Correr
2.1770763 ,10.610795 ,-0.30400613 ,-0.7295483 ,-2.6092694 ,0.32812217 ,-19.4 ,16.9 ,2.6000001 ,Correr
-0.44129923 ,8.776952 ,-0.92182505 ,0.41015273 ,1.3421594 ,1.7505667 ,-19.6 ,17.0 ,2.5 ,Correr
-3.5990405 ,7.109821 ,-1.8828768 ,0.4834566 ,2.0821795 ,0.86044806 ,-19.4 ,17.5 ,1.7 ,Correr
-5.9232163 ,4.6189322 ,-2.2163029 ,-0.60388446 ,-2.4626617 ,-2.1135955 ,-19.5 ,17.4 ,1.7 ,Correr
-6.7862015 ,0.9120184 ,-2.324176 ,0.80285215 ,0.39269942 ,0.6213378 ,-20.300001 ,16.300001 ,2.5 ,Correr
-7.0705943 ,-2.2359161 ,-1.4906107 ,-0.9354973 ,5.436705 ,2.3457246 ,-20.5 ,16.300001 ,2.9 ,Correr
-7.276534 ,-3.4813607 ,-1.0395049 ,2.2828927 ,-5.452413 ,-1.9425532 ,-19.800001 ,16.7 ,2.2 ,Correr
-7.4922805 ,-2.0397832 ,-0.951245 ,-1.1641356 ,-0.106465176 ,-0.04712393 ,-19.6 ,16.4 ,2.4 ,Correr
-7.502087 ,-0.38245934 ,-1.3140911 ,0.10995584 ,2.0141118 ,1.3805566 ,-20.2 ,15.7 ,3.3 ,Correr
-6.972528 ,1.3140911 ,-1.7161638 ,-0.5061459 ,6.209887 ,1.9355718 ,-19.9 ,15.900001 ,3.7 ,Correr
-6.413549 ,5.3053975 ,-0.4118793 ,3.3335817 ,-10.147353 ,-4.7891874 ,-19.800001 ,16.1 ,3.8 ,Correr
-4.8935184 ,17.779455 ,-0.4118793 ,-0.06283191 ,-2.4993136 ,0.6091204 ,-18.6 ,16.4 ,3.6000001 ,Correr
-3.4421341 ,19.819239 ,0.951245 ,-0.45029533 ,3.0141861 ,2.6371949 ,-18.5 ,16.4 ,3.5 ,Correr
0.30400613 ,19.819239 ,3.697107 ,-0.3577928 ,5.845113 ,2.3544512 ,-18.4 ,16.300001 ,3.2 ,Correr
5.462304 ,19.819239 ,2.3339827 ,2.3544512 ,-7.492705 ,-2.748896 ,-18.6 ,17.2 ,3.5 ,Correr
7.276534 ,19.819239 ,-0.56878567 ,-0.8377588 ,-2.4574256 ,-0.28972492 ,-18.5 ,17.2 ,3.5 ,Correr
8.365072 ,19.819239 ,-2.2849493 ,0.28972492 ,2.1397755 ,1.5812696 ,-18.5 ,17.2 ,3.3 ,Correr
6.4723887 ,19.819239 ,-2.3928225 ,0.5567605 ,1.9390625 ,0.6213378 ,-18.5 ,17.2 ,3.5 ,Correr
4.0403395 ,17.06357 ,-0.10787315 ,-0.23561965 ,-2.659884 ,-2.3823764 ,-18.0 ,17.1 ,2.5 ,Correr
1.735777 ,13.513563 ,0.55897903 ,0.66671634 ,1.1990422 ,0.7487469 ,-19.1 ,16.5 ,2.7 ,Correr
0.35303938 ,10.748088 ,-0.098066494 ,-0.62308306 ,4.117235 ,2.0612357 ,-19.4 ,16.5 ,3.0 ,Correr
1.0591182 ,8.512172 ,-0.951245 ,2.2165701 ,-4.822349 ,-2.015857 ,-19.4 ,16.6 ,2.6000001 ,Correr
3.4617474 ,6.099736 ,-1.9515233 ,-1.0629064 ,0.232129 ,-0.17278774 ,-18.2 ,16.300001 ,1.7 ,Correr
4.579705 ,3.2067745 ,-2.2163029 ,-0.23561965 ,1.9617518 ,1.2618741 ,-19.7 ,15.7 ,2.3 ,Correr
5.1681046 ,-0.22555295 ,-1.1081514 ,-0.5497792 ,6.7736287 ,1.9896771 ,-19.7 ,15.7 ,2.8 ,Correr
5.6388235 ,-3.000835 ,-0.12748645 ,1.583015 ,-7.4159102 ,-2.9408822 ,-19.4 ,15.900001 ,1.9 ,Correr
5.903603 ,-4.0991797 ,0.6864655 ,-0.6475177 ,-0.8290321 ,0.5619965 ,-18.0 ,16.300001 ,1.7 ,Correr
5.85457 ,-2.6477954 ,0.78453195 ,-0.4310967 ,3.604108 ,0.675443 ,-18.7 ,15.900001 ,1.8000001 ,Correr
5.2563643 ,-0.5393657 ,0.20593965 ,-0.9564412 ,5.9009633 ,1.6126856 ,-18.2 ,16.300001 ,1.9 ,Correr
4.6973853 ,1.0296983 ,-0.9022118 ,1.4311712 ,-4.991646 ,-1.4172086 ,-17.6 ,16.9 ,1.6 ,Correr
5.423077 ,2.1770763 ,0.7256921 ,-1.1833342 ,-0.45029533 ,-0.28448892 ,-18.0 ,16.800001 ,1.6 ,Correr
11.669913 ,19.122967 ,5.266171 ,0.4817113 ,0.9477146 ,1.0698878 ,-18.2 ,16.9 ,2.1000001 ,Correr
-1.1669914 ,19.819239 ,0.3138128 ,0.1815144 ,1.5027298 ,1.192061 ,-17.9 ,17.300001 ,1.7 ,Correr
-1.8828768 ,19.67214 ,3.0694814 ,-1.6772629 ,0.085521206 ,-1.6807535 ,-17.6 ,17.7 ,1.1 ,Correr
11.061901 ,19.270067 ,7.9728065 ,-0.078539886 ,1.5847603 ,0.8168148 ,-19.0 ,17.2 ,1.4 ,Correr
11.758173 ,17.485256 ,3.6284604 ,0.04712393 ,4.1242166 ,1.4922578 ,-19.1 ,17.2 ,1.7 ,Correr
9.110377 ,19.819239 ,0.84337187 ,1.2671101 ,-3.2323525 ,-1.350886 ,-19.2 ,17.5 ,1.4 ,Correr
7.1882744 ,19.819239 ,1.4808041 ,-1.176353 ,-0.0226893 ,-2.448699 ,-18.6 ,17.800001 ,0.6 ,Correr
5.658437 ,16.739952 ,1.2160245 ,0.08377588 ,2.548183 ,1.4433886 ,-19.4 ,17.2 ,0.90000004 ,Correr
3.7853668 ,12.758451 ,0.17651969 ,-0.8953547 ,6.78061 ,1.7278775 ,-19.5 ,16.9 ,1.4 ,Correr
0.88259846 ,10.1989155 ,-0.5295591 ,1.9250998 ,-6.159272 ,-2.8047466 ,-18.9 ,17.2 ,0.8 ,Correr
-2.1084297 ,7.8257065 ,-1.0395049 ,-0.7714362 ,-0.17802374 ,-0.34033948 ,-18.300001 ,17.5 ,0.5 ,Correr
-4.4129925 ,4.5993185 ,-2.1770763 ,-0.26529026 ,1.3631033 ,1.350886 ,-19.300001 ,17.2 ,1.1 ,Correr
-5.8349566 ,1.3925443 ,-2.7360554 ,-0.5881765 ,5.586804 ,1.3823019 ,-19.1 ,16.9 ,1.7 ,Correr
-6.864655 ,-1.6180972 ,-2.4026291 ,0.7400202 ,-6.063279 ,-2.4556804 ,-19.0 ,16.800001 ,1.4 ,Correr
-7.080401 ,-3.550007 ,-1.7848103 ,-0.3682648 ,-0.16929708 ,0.017453307 ,-19.2 ,17.2 ,2.0 ,Correr
-6.943108 ,-3.3931007 ,-1.2650578 ,1.3334327 ,1.2130048 ,-0.7714362 ,-19.5 ,17.2 ,2.6000001 ,Correr
-6.8058147 ,-1.3140911 ,-2.0299766 ,-1.1152663 ,6.6985793 ,1.8186346 ,-19.300001 ,17.300001 ,2.0 ,Correr
-6.796008 ,0.78453195 ,-2.7948952 ,2.0874157 ,-8.517214 ,-2.9461184 ,-19.800001 ,17.5 ,2.0 ,Correr
-6.4037423 ,3.0204482 ,-2.1182363 ,-0.7731815 ,-2.099633 ,0.3106689 ,-19.4 ,17.4 ,2.0 ,Correr
-5.0504246 ,9.090764 ,-0.0392266 ,0.0 ,2.5464375 ,2.5028043 ,-19.1 ,17.4 ,2.3 ,Correr
-3.2656143 ,19.819239 ,-0.35303938 ,-0.39095408 ,3.61458 ,0.8587027 ,-19.1 ,18.0 ,1.6 ,Correr
-3.7559469 ,19.534847 ,2.912575 ,-0.07330389 ,-2.3561964 ,-2.808237 ,-18.5 ,18.5 ,1.0 ,Correr
-0.8237586 ,19.819239 ,4.756225 ,0.7696909 ,1.836088 ,1.0192732 ,-19.0 ,17.9 ,0.3 ,Correr
4.1089864 ,19.819239 ,1.2356379 ,-0.9878572 ,6.243048 ,1.7715107 ,-19.4 ,17.4 ,0.5 ,Correr
5.6388235 ,19.819239 ,0.2745862 ,0.7766722 ,-5.8922367 ,-2.954845 ,-18.800001 ,17.7 ,0.3 ,Correr
4.7464185 ,19.819239 ,-0.0588399 ,-0.28448892 ,-0.28448892 ,-0.30194223 ,-17.5 ,18.0 ,-0.2 ,Correr
2.0495899 ,19.819239 ,-1.0002782 ,1.5254191 ,-0.012217315 ,-0.08377588 ,-19.2 ,17.1 ,0.8 ,Correr
1.1669914 ,16.867437 ,-0.56878567 ,-0.11693716 ,4.6635237 ,1.2915448 ,-19.4 ,16.800001 ,1.5 ,Correr
0.9022118 ,13.072264 ,0.2157463 ,2.6947906 ,-12.212079 ,-3.5692015 ,-18.800001 ,17.0 ,1.1 ,Correr
0.22555295 ,10.502922 ,-0.6472389 ,-0.8552121 ,-2.4190285 ,0.8621934 ,-17.9 ,17.0 ,0.90000004 ,Correr
2.1084297 ,8.776952 ,-2.5399222 ,0.5777045 ,-1.7156601 ,1.4992391 ,-18.6 ,16.300001 ,2.2 ,Correr
5.0210047 ,5.374044 ,-1.5004175 ,0.72431225 ,0.21816635 ,0.39968073 ,-18.0 ,16.9 ,2.1000001 ,Correr
6.972528 ,1.5788707 ,-0.83356524 ,-0.8168148 ,-0.9599319 ,-2.965317 ,-17.7 ,17.1 ,1.9 ,Correr
8.973084 ,-2.5791488 ,-0.40207264 ,-0.49741927 ,2.0490184 ,1.2252222 ,-18.7 ,16.9 ,2.5 ,Correr
9.679163 ,-4.8542914 ,0.0784532 ,-0.5567605 ,2.4452083 ,0.902336 ,-18.9 ,16.9 ,2.9 ,Correr
9.169217 ,-3.971693 ,0.5491724 ,1.6074497 ,-3.6390147 ,-1.9041559 ,-18.7 ,17.6 ,2.3 ,Correr
7.502087 ,-1.3042845 ,1.3337044 ,-0.21642101 ,0.25132763 ,-1.5655617 ,-18.1 ,18.1 ,2.1000001 ,Correr
4.511059 ,1.5494506 ,0.26477954 ,-0.7888895 ,4.1294527 ,1.3107435 ,-19.7 ,17.5 ,3.0 ,Correr
2.6674087 ,3.1185145 ,-1.3925443 ,-1.1309743 ,5.599021 ,1.6057043 ,-19.800001 ,17.4 ,3.7 ,Correr
5.3838506 ,7.001948 ,2.7948952 ,1.6266483 ,-6.3512588 ,-2.7314427 ,-19.7 ,17.5 ,3.3 ,Correr
9.551677 ,19.819239 ,3.638267 ,-0.28448892 ,0.1308998 ,-0.20071304 ,-19.0 ,17.800001 ,2.6000001 ,Correr
-7.021561 ,15.151274 ,3.667687 ,-1.2234769 ,4.4715376 ,2.385867 ,-19.7 ,16.800001 ,3.0 ,Correr
6.1683826 ,15.21992 ,5.491724 ,-1.4276806 ,6.464705 ,1.6004683 ,-19.5 ,16.6 ,2.9 ,Correr
15.945613 ,15.700446 ,4.560092 ,1.0053105 ,-4.213228 ,-1.8517959 ,-19.1 ,16.800001 ,2.3 ,Correr
12.248506 ,19.819239 ,1.4808041 ,-0.8412494 ,-2.8431437 ,-0.031415954 ,-19.300001 ,16.4 ,2.3 ,Correr
10.463696 ,19.819239 ,0.22555295 ,0.40491673 ,2.4242644 ,1.551599 ,-19.5 ,16.300001 ,2.6000001 ,Correr
8.639658 ,18.426695 ,0.5982056 ,1.0349811 ,0.58643115 ,0.5044006 ,-19.1 ,16.7 ,2.3 ,Correr
4.4424124 ,14.837461 ,-0.9610517 ,-1.0175278 ,-2.0350556 ,-2.057745 ,-18.2 ,17.2 ,1.8000001 ,Correr
-0.0784532 ,12.817291 ,-1.4906107 ,0.6579897 ,0.19547704 ,0.22340234 ,-19.4 ,16.9 ,1.7 ,Correr
-2.9714148 ,11.130548 ,-1.2160245 ,-0.7679455 ,5.7595916 ,2.195626 ,-19.4 ,17.1 ,2.3 ,Correr
-5.040618 ,7.1294346 ,-1.0787314 ,1.0018198 ,-5.9376154 ,-1.5987229 ,-19.5 ,17.2 ,2.0 ,Correr
-6.080123 ,2.687022 ,-2.4026291 ,-0.52534455 ,-1.1885703 ,-0.16406108 ,-18.7 ,17.5 ,1.7 ,Correr
-6.894075 ,0.00980665 ,-3.5794272 ,0.91106266 ,0.49916458 ,0.7400202 ,-19.9 ,17.2 ,2.5 ,Correr
-7.198081 ,-2.265336 ,-3.4225209 ,-0.8185601 ,6.7160325 ,1.8832119 ,-19.7 ,17.1 ,2.9 ,Correr
-6.913688 ,-3.9913065 ,-1.1081514 ,2.76984 ,-10.096739 ,-3.8711436 ,-19.1 ,17.2 ,2.4 ,Correr
-6.0605097 ,-2.4614692 ,-0.57859236 ,-0.5445432 ,-1.4922578 ,0.8953547 ,-18.5 ,17.2 ,2.3 ,Correr
-6.129156 ,0.6864655 ,-2.3634026 ,-1.0576705 ,4.3458734 ,4.5204067 ,-18.9 ,16.300001 ,3.5 ,Correr
-6.541035 ,3.5107806 ,-3.0302548 ,-0.95120525 ,5.5134997 ,1.9128824 ,-18.7 ,16.300001 ,3.6000001 ,Correr
-6.4821954 ,7.6491866 ,-0.51975244 ,2.7262065 ,-6.6078224 ,-3.6337786 ,-17.800001 ,17.1 ,3.2 ,Correr
-5.4819174 ,14.562875 ,1.6573238 ,-0.91106266 ,-2.32129 ,0.226893 ,-17.9 ,17.1 ,3.4 ,Correr
-3.2852278 ,16.131939 ,3.550007 ,-0.6981323 ,2.8152184 ,2.76984 ,-17.9 ,16.2 ,3.7 ,Correr
-0.84337187 ,19.819239 ,3.2263877 ,-0.3630288 ,2.7349334 ,2.2026074 ,-18.1 ,16.0 ,3.6000001 ,Correr
1.176798 ,19.819239 ,2.6772153 ,0.63355505 ,-4.310967 ,-2.13803 ,-17.9 ,16.6 ,2.7 ,Correr
3.7167203 ,19.819239 ,1.0787314 ,0.24958229 ,-0.6527537 ,0.33161286 ,-19.1 ,16.5 ,3.2 ,Correr
4.8542914 ,19.819239 ,-1.6867437 ,-0.77492684 ,5.440196 ,1.6859895 ,-19.4 ,16.5 ,3.5 ,Correr
6.541035 ,19.819239 ,-2.941995 ,1.9408078 ,-4.396488 ,-1.82038 ,-19.4 ,16.9 ,3.2 ,Correr
5.5015306 ,19.240646 ,-2.0495899 ,-1.6161762 ,1.0419625 ,0.015707977 ,-18.6 ,17.2 ,2.9 ,Correr
2.687022 ,14.602101 ,-2.010363 ,-0.02443463 ,1.9408078 ,1.6441016 ,-19.9 ,16.4 ,3.7 ,Correr
1.6671305 ,12.101406 ,-2.941995 ,-0.1535891 ,5.6234555 ,1.9530251 ,-19.7 ,16.9 ,4.1 ,Correr
2.4712758 ,9.60071 ,-2.6477954 ,1.387538 ,-7.8347898 ,-3.5500028 ,-19.2 ,17.5 ,3.5 ,Correr
4.285506 ,6.9038815 ,-2.186883 ,-0.23561965 ,-1.9687331 ,0.1867504 ,-18.2 ,17.6 ,3.5 ,Correr
5.9526362 ,3.6088471 ,-2.5791488 ,-0.11868249 ,2.7139893 ,1.530655 ,-19.1 ,16.6 ,4.1 ,Correr
7.001948 ,0.71588546 ,-2.6772153 ,-0.41189805 ,6.286681 ,2.1519928 ,-19.0 ,16.6 ,4.1 ,Correr
7.364794 ,-2.3732092 ,-1.8338435 ,2.1415207 ,-8.47358 ,-3.4644816 ,-18.5 ,16.800001 ,3.5 ,Correr
7.6001534 ,-4.2364726 ,-0.8041453 ,-0.7208216 ,-4.2237005 ,0.54279786 ,-18.5 ,17.1 ,3.6000001 ,Correr
7.472667 ,-3.9422731 ,0.36284605 ,0.39793542 ,1.7331134 ,3.2428246 ,-18.800001 ,16.9 ,3.4 ,Correr
6.6194887 ,-1.5004175 ,0.83356524 ,-0.13788113 ,2.4364817 ,1.3439047 ,-18.9 ,16.800001 ,3.4 ,Correr
5.521144 ,0.8237586 ,-0.28439283 ,0.26529026 ,-2.0786889 ,-3.3527803 ,-17.9 ,17.300001 ,2.8 ,Correr
5.6878567 ,0.8727918 ,0.5099458 ,0.22165701 ,2.7296972 ,1.7139148 ,-18.6 ,17.0 ,2.9 ,Correr
10.836348 ,11.62088 ,7.168661 ,-1.1449369 ,4.4767733 ,1.9931678 ,-18.800001 ,17.0 ,3.1000001 ,Correr
5.8643765 ,19.819239 ,1.6769371 ,2.0612357 ,-4.3650723 ,-1.4800404 ,-18.6 ,17.5 ,2.2 ,Correr
-5.187718 ,18.279594 ,0.2745862 ,-0.36477414 ,1.1362103 ,-1.3526313 ,-17.4 ,17.7 ,1.4 ,Correr
6.099736 ,17.91675 ,8.119906 ,-0.20594902 ,1.9216092 ,2.2776566 ,-19.0 ,16.7 ,1.7 ,Correr
11.159967 ,16.504591 ,6.1781893 ,-0.5515245 ,5.9341245 ,2.099633 ,-19.0 ,16.5 ,2.1000001 ,Correr
8.669079 ,19.819239 ,2.8929617 ,2.3649232 ,-8.763306 ,-3.4889162 ,-18.6 ,17.300001 ,1.4 ,Correr
8.188553 ,19.819239 ,1.5788707 ,-0.685915 ,-1.5271645 ,1.0541798 ,-18.300001 ,17.6 ,1.5 ,Correr
7.482474 ,17.759842 ,1.7848103 ,-0.48520195 ,2.8832865 ,2.9216838 ,-19.1 ,16.9 ,2.2 ,Correr
5.217138 ,13.160524 ,1.1081514 ,-0.7190763 ,5.202831 ,1.9390625 ,-18.6 ,16.9 ,2.2 ,Correr
1.9122967 ,10.316595 ,0.088259846 ,3.1398501 ,-7.941255 ,-2.0926516 ,-18.0 ,17.300001 ,2.2 ,Correr
-1.5004175 ,8.561205 ,-0.4314926 ,-1.0105464 ,-1.9495344 ,0.49741927 ,-18.800001 ,17.800001 ,2.7 ,Correr
-4.285506 ,6.207609 ,-1.8338435 ,0.10471985 ,1.2618741 ,2.1240675 ,-18.800001 ,17.4 ,2.9 ,Correr
-6.1389627 ,3.1871612 ,-3.334261 ,-0.031415954 ,3.2759857 ,1.6196669 ,-18.6 ,17.7 ,2.7 ,Correr
-7.0705943 ,-0.0392266 ,-3.500974 ,-0.7295483 ,-1.9059012 ,-2.4155378 ,-17.800001 ,17.800001 ,2.1000001 ,Correr
-7.4432473 ,-2.3928225 ,-1.8044236 ,0.93375194 ,0.8272868 ,0.38397276 ,-18.7 ,16.9 ,1.5 ,Correr
-7.100014 ,-3.3440676 ,-0.00980665 ,-1.3089981 ,5.033534 ,1.8954293 ,-19.1 ,16.9 ,1.6 ,Correr
-6.9921412 ,-2.128043 ,0.049033247 ,1.6755176 ,-6.6078224 ,-2.5918162 ,-19.1 ,17.4 ,1.0 ,Correr
-6.7567816 ,-0.098066494 ,-1.4023509 ,-0.3857181 ,0.3630288 ,-0.31939554 ,-17.9 ,17.7 ,0.5 ,Correr
-6.442969 ,2.0299766 ,-2.2751427 ,0.9459693 ,1.7418401 ,0.033161283 ,-18.800001 ,16.6 ,1.0 ,Correr
-5.2563643 ,6.6194887 ,0.1569064 ,-1.4015006 ,6.6828713 ,1.9774598 ,-19.0 ,16.5 ,1.3000001 ,Correr
-1.4219642 ,19.819239 ,0.89240515 ,1.9041559 ,-9.770362 ,-2.965317 ,-18.5 ,16.9 ,0.90000004 ,Correr
-0.6668522 ,19.819239 ,1.5200307 ,-1.1798435 ,-4.0910554 ,0.9669132 ,-18.0 ,16.9 ,0.8 ,Correr
1.7750036 ,19.819239 ,5.6682434 ,0.4939286 ,2.621487 ,3.2131538 ,-19.1 ,16.1 ,1.8000001 ,Correr
6.3252892 ,19.819239 ,2.8145084 ,-0.20245837 ,4.084074 ,1.6231576 ,-18.7 ,16.300001 ,2.3 ,Correr
8.394492 ,19.819239 ,-0.06864655 ,-0.017453307 ,-3.6582131 ,-3.1049435 ,-18.1 ,17.2 ,2.0 ,Correr
6.8156214 ,19.819239 ,-2.0790098 ,0.62657374 ,0.226893 ,0.99134785 ,-18.9 ,16.800001 ,1.9 ,Correr
3.8245933 ,19.819239 ,0.4707192 ,-0.41713405 ,2.7052627 ,1.5009844 ,-19.2 ,16.4 ,2.0 ,Correr
2.3143694 ,15.210114 ,1.706357 ,1.1519183 ,-2.563891 ,-0.9424786 ,-19.0 ,16.9 ,2.0 ,Correr
1.7750036 ,11.130548 ,-0.0784532 ,-0.9808759 ,0.7941255 ,-1.7051882 ,-18.2 ,17.300001 ,1.1 ,Correr
1.8828768 ,9.267284 ,-1.3140911 ,-0.34557548 ,1.1955515 ,0.85346675 ,-19.5 ,16.9 ,1.7 ,Correr
3.108708 ,7.472667 ,-2.7262487 ,-0.47298464 ,7.403693 ,2.0280743 ,-19.2 ,17.300001 ,2.4 ,Correr
4.962165 ,4.5404787 ,-3.0694814 ,0.84997606 ,-7.515394 ,-3.3335817 ,-19.1 ,17.4 ,2.3 ,Correr
7.0411744 ,0.7649187 ,-2.4124358 ,-0.8883734 ,-0.8726654 ,0.80983347 ,-17.9 ,17.0 ,2.0 ,Correr
8.355266 ,-1.7750036 ,-1.4709975 ,2.0141118 ,-1.0210185 ,1.1222477 ,-18.7 ,16.300001 ,2.9 ,Correr
8.217973 ,-3.5892339 ,-0.70607877 ,-0.1588251 ,4.9270687 ,1.6353749 ,-18.4 ,16.7 ,3.1000001 ,Correr
7.5511203 ,-3.6284604 ,-0.24516624 ,1.609195 ,-10.934497 ,-4.0596395 ,-17.9 ,17.1 ,2.4 ,Correr
6.5116153 ,-2.2261095 ,0.20593965 ,-0.68416965 ,-3.2637684 ,0.0 ,-17.300001 ,17.1 ,2.6000001 ,Correr
5.040618 ,-0.75511205 ,-0.38245934 ,-0.5235992 ,2.3649232 ,3.3266003 ,-17.5 ,16.7 ,2.9 ,Correr
3.9815 ,-0.1569064 ,-0.8727918 ,-0.20594902 ,4.8572555 ,2.6337042 ,-17.4 ,16.6 ,2.9 ,Correr
7.1294346 ,5.3544307 ,4.481639 ,0.8377588 ,-6.077242 ,-2.448699 ,-16.9 ,16.9 ,2.0 ,Correr
13.680277 ,19.819239 ,3.0596747 ,-0.33335817 ,-0.83252275 ,0.63704574 ,-17.300001 ,16.9 ,1.7 ,Correr
-8.659272 ,19.34852 ,3.000835 ,-0.10471985 ,0.9354973 ,1.0105464 ,-17.800001 ,16.7 ,2.0 ,Correr
6.2468357 ,19.819239 ,7.4138274 ,1.1222477 ,-1.6336296 ,0.15707977 ,-17.9 ,16.7 ,2.1000001 ,Correr
9.228058 ,14.660941 ,5.4721107 ,-0.7086043 ,-0.038397275 ,-2.1240675 ,-17.7 ,16.9 ,1.9 ,Correr
6.550842 ,17.073378 ,1.539644 ,0.40142608 ,2.1886446 ,1.1990422 ,-18.800001 ,16.7 ,2.2 ,Correr
6.835235 ,18.789541 ,0.93163174 ,-0.6108658 ,7.2256694 ,2.021093 ,-18.800001 ,16.6 ,2.9 ,Correr
7.031368 ,17.553904 ,0.4707192 ,1.2042782 ,-5.1103287 ,-2.4521897 ,-18.2 ,17.300001 ,1.7 ,Correr
4.815065 ,14.484422 ,0.098066494 ,-0.83601344 ,-1.7261322 ,-0.2548183 ,-17.5 ,17.6 ,1.2 ,Correr
1.8338435 ,12.199472 ,0.14709975 ,1.4172086 ,0.043633267 ,0.7225669 ,-19.1 ,16.6 ,2.6000001 ,Correr
-1.1964113 ,11.444361 ,0.2157463 ,-0.649263 ,6.7038155 ,1.9111372 ,-19.1 ,16.9 ,2.8 ,Correr
-3.5402005 ,10.179302 ,-0.0784532 ,1.6493375 ,-9.927442 ,-2.6511574 ,-18.1 ,17.800001 ,1.6 ,Correr
-5.207331 ,7.3451805 ,-0.7354987 ,-1.123993 ,-3.0211675 ,-0.34208483 ,-18.1 ,17.800001 ,1.4 ,Correr
-6.492002 ,3.8442068 ,-1.706357 ,-1.1205024 ,4.1975203 ,3.2358432 ,-18.800001 ,17.300001 ,2.5 ,Correr
-7.109821 ,0.9610517 ,-1.8534569 ,-1.103049 ,6.0039377 ,2.801256 ,-18.800001 ,17.2 ,2.0 ,Correr
-6.796008 ,-1.735777 ,-0.951245 ,1.139701 ,-8.412495 ,-3.6774118 ,-19.0 ,17.2 ,2.1000001 ,Correr
-6.237029 ,-3.2067745 ,-0.10787315 ,-1.129229 ,-2.4382272 ,0.8848827 ,-18.9 ,17.4 ,2.1000001 ,Correr
-6.1781893 ,-1.4611908 ,-0.79433864 ,0.48520195 ,1.5324004 ,1.4259353 ,-18.9 ,17.300001 ,2.1000001 ,Correr
-6.550842 ,1.3140911 ,-2.4516625 ,0.2391103 ,2.7558773 ,1.6877348 ,-18.5 ,17.2 ,2.3 ,Correr
-6.080123 ,3.9422731 ,-0.06864655 ,0.453786 ,-3.2375886 ,-1.9652424 ,-18.9 ,16.9 ,2.5 ,Correr
-2.9616082 ,10.600988 ,1.6769371 ,0.38746342 ,0.19722238 ,-0.69115096 ,-18.800001 ,16.9 ,2.3 ,Correr
0.24516624 ,17.612743 ,1.0198916 ,-0.28274357 ,2.8518705 ,1.4922578 ,-18.800001 ,16.6 ,2.3 ,Correr
-0.02941995 ,18.897413 ,3.1185145 ,1.3491406 ,-4.1695952 ,-0.7592189 ,-19.1 ,16.7 ,2.3 ,Correr
2.1476562 ,19.819239 ,4.815065 ,-0.7103496 ,-1.1833342 ,-0.99134785 ,-18.5 ,16.9 ,1.5 ,Correr
6.560649 ,19.819239 ,2.490889 ,0.3124142 ,1.5847603 ,1.2583835 ,-20.0 ,16.300001 ,2.1000001 ,Correr
6.688135 ,19.819239 ,0.36284605 ,-0.42935136 ,6.2657375 ,1.562071 ,-19.9 ,16.5 ,2.6000001 ,Correr
6.03109 ,19.819239 ,-1.4808041 ,1.2967807 ,-6.1296015 ,-2.2706754 ,-19.9 ,16.6 ,2.2 ,Correr
5.207331 ,17.671583 ,-1.1571847 ,-0.5811951 ,-2.74366 ,-0.7592189 ,-18.800001 ,16.9 ,1.9 ,Correr
4.275699 ,13.592016 ,0.16671304 ,-0.918044 ,3.4924068 ,2.4469538 ,-19.6 ,16.1 ,2.6000001 ,Correr
3.9618864 ,10.914802 ,-0.6766588 ,-0.7190763 ,5.6705794 ,2.490587 ,-19.4 ,16.0 ,2.9 ,Correr
4.7758384 ,9.316318 ,-0.8531785 ,1.9216092 ,-8.611462 ,-2.907721 ,-19.0 ,16.4 ,2.4 ,Correr
6.2468357 ,6.560649 ,-0.6276256 ,-0.6021391 ,-2.6057787 ,0.87092006 ,-18.7 ,16.300001 ,2.6000001 ,Correr
6.4037423 ,2.6772153 ,-1.4415776 ,0.17976907 ,0.8569574 ,0.7888895 ,-18.9 ,15.7 ,3.0 ,Correr
6.9627213 ,-0.8139519 ,-1.176798 ,0.3700101 ,1.5376364 ,1.7976906 ,-18.800001 ,16.0 ,3.2 ,Correr
7.3157606 ,-2.824315 ,-0.588399 ,-0.6300644 ,-3.5692015 ,-3.1101794 ,-17.9 ,16.300001 ,2.5 ,Correr
6.8744617 ,-3.3636808 ,0.19613299 ,0.8290321 ,0.3630288 ,0.7836535 ,-18.800001 ,16.300001 ,2.9 ,Correr
5.9232163 ,-1.8436501 ,0.79433864 ,-0.2617996 ,3.911286 ,1.6702815 ,-18.9 ,15.900001 ,3.5 ,Correr
4.6679654 ,0.1569064 ,0.12748645 ,1.1868249 ,-2.9949875 ,0.70685893 ,-19.0 ,16.1 ,3.4 ,Correr
4.481639 ,0.84337187 ,0.14709975 ,-1.4695685 ,-2.7314427 ,-2.2619486 ,-18.2 ,16.6 ,2.6000001 ,Correr
7.4432473 ,5.8937964 ,4.2364726 ,0.70511365 ,0.5637418 ,0.81332415 ,-19.0 ,16.4 ,3.2 ,Correr
9.943943 ,19.819239 ,2.824315 ,-0.49218327 ,6.4769225 ,1.76802 ,-19.1 ,16.7 ,3.9 ,Correr
-6.462582 ,17.965782 ,2.0201697 ,1.1658809 ,-4.871218 ,-2.1327941 ,-19.1 ,17.1 ,3.4 ,Correr
3.1577413 ,18.887608 ,6.521422 ,-1.0768691 ,-1.3840473 ,-0.4712393 ,-18.5 ,17.6 ,3.2 ,Correr
9.60071 ,16.965504 ,6.335096 ,1.546363 ,1.9338264 ,-0.8848827 ,-19.300001 ,16.9 ,3.5 ,Correr
8.0120325 ,19.132774 ,3.5303938 ,-0.70685893 ,6.5519714 ,1.7610388 ,-19.1 ,17.300001 ,3.8 ,Correr
8.855405 ,19.819239 ,1.372931 ,1.8954293 ,-9.309594 ,-3.155558 ,-18.800001 ,17.800001 ,3.2 ,Correr
8.316039 ,17.85791 ,0.9120184 ,-0.6789337 ,-2.7349334 ,0.14311711 ,-18.2 ,18.1 ,3.2 ,Correr
5.7368903 ,14.229449 ,0.098066494 ,-0.675443 ,3.8763795 ,3.8763795 ,-18.6 ,17.4 ,3.6000001 ,Correr
1.9809432 ,11.3561 ,-0.56878567 ,-0.5218539 ,5.351184 ,2.1711915 ,-18.2 ,17.6 ,3.2 ,Correr
-1.6573238 ,9.316318 ,-1.4121575 ,0.4817113 ,-5.5641146 ,-3.1590486 ,-17.6 ,17.9 ,2.3 ,Correr
-4.403186 ,6.9823346 ,-2.1084297 ,-0.6475177 ,-1.1117756 ,0.19722238 ,-18.1 ,17.7 ,2.2 ,Correr
-6.2468357 ,3.7657535 ,-2.7556686 ,0.19373171 ,1.2932901 ,1.7121694 ,-18.5 ,17.2 ,2.6000001 ,Correr
-7.5511203 ,0.32361946 ,-2.8341217 ,0.22514766 ,1.8867025 ,1.3491406 ,-18.5 ,17.2 ,2.3 ,Correr
-8.208166 ,-2.4222424 ,-2.0005565 ,-0.51312727 ,-2.375395 ,-2.7419145 ,-18.1 ,17.300001 ,1.5 ,Correr
-8.276813 ,-3.0106416 ,-1.6769371 ,0.7190763 ,0.7365296 ,0.6003938 ,-19.300001 ,16.9 ,2.0 ,Correr
-8.502365 ,-1.4415776 ,-2.0790098 ,0.085521206 ,4.101527 ,1.562071 ,-19.2 ,17.300001 ,2.9 ,Correr
-8.13952 ,0.89240515 ,-2.265336 ,1.7400948 ,-4.712393 ,-0.7400202 ,-19.2 ,17.2 ,2.6000001 ,Correr
-7.7178335 ,2.8439283 ,-2.8047018 ,-1.1990422 ,-0.7888895 ,-0.9704039 ,-18.300001 ,17.5 ,2.3 ,Correr
-7.4432473 ,7.2667274 ,-1.0787314 ,0.09424786 ,1.8727399 ,1.6057043 ,-19.2 ,16.800001 ,2.6000001 ,Correr
-5.040618 ,19.181807 ,-0.83356524 ,0.08203054 ,5.958559 ,1.4538605 ,-18.9 ,16.9 ,3.0 ,Correr
-2.7850885 ,19.819239 ,0.7354987 ,1.314234 ,-6.1488004 ,-2.1659555 ,-18.7 ,17.300001 ,2.7 ,Correr
-1.2062179 ,19.819239 ,4.1384063 ,-1.0698878 ,-0.4084074 ,0.031415954 ,-17.7 ,17.300001 ,2.6000001 ,Correr
5.295591 ,19.819239 ,0.89240515 ,1.3386687 ,1.4032459 ,-0.059341244 ,-17.9 ,16.5 ,2.9 ,Correr
7.394214 ,19.819239 ,-1.5494506 ,-0.4817113 ,6.483904 ,2.0123663 ,-18.300001 ,16.300001 ,2.5 ,Correr
8.217973 ,19.819239 ,-3.0106416 ,1.6475922 ,-10.194477 ,-4.242899 ,-18.2 ,16.6 ,2.2 ,Correr
8.051259 ,19.819239 ,-3.3636808 ,-0.49218327 ,-2.5045497 ,0.89360934 ,-18.5 ,16.6 ,2.4 ,Correr
6.541035 ,15.857352 ,-0.40207264 ,-0.5986484 ,3.176502 ,4.19403 ,-18.800001 ,16.0 ,3.2 ,Correr
4.6875787 ,11.934692 ,-0.0392266 ,-0.2775076 ,5.1801414 ,1.8081627 ,-18.800001 ,16.5 ,2.8 ,Correr
2.8341217 ,8.296426 ,0.1372931 ,0.83252275 ,-6.6619277 ,-2.6040335 ,-18.300001 ,16.800001 ,2.0 ,Correr
3.0204482 ,5.9134097 ,-0.17651969 ,-0.76270956 ,-2.4713883 ,-0.031415954 ,-18.800001 ,16.7 ,1.9 ,Correr
4.256086 ,3.0989013 ,-1.7259704 ,-0.0052359924 ,1.4887671 ,0.5270899 ,-19.0 ,16.9 ,2.1000001 ,Correr
5.2269444 ,-0.78453195 ,-2.0299766 ,1.0332358 ,0.79587084 ,0.4712393 ,-18.6 ,16.9 ,1.7 ,Correr
6.0114765 ,-4.1384063 ,-1.1571847 ,-1.3788112 ,-0.7592189 ,-2.026329 ,-17.800001 ,17.2 ,0.90000004 ,Correr
6.541035 ,-4.6973853 ,0.12748645 ,0.664971 ,1.8343426 ,1.160645 ,-18.9 ,16.6 ,1.1 ,Correr
6.0114765 ,-2.5105023 ,1.0296983 ,-0.11519183 ,5.9184165 ,1.9896771 ,-18.800001 ,16.6 ,1.6 ,Correr
4.6189322 ,0.70607877 ,1.176798 ,1.4346619 ,-5.017826 ,-1.6318842 ,-18.5 ,16.9 ,1.4 ,Correr
3.1871612 ,2.7066352 ,-0.48052585 ,-1.2130048 ,0.0034906615 ,-0.7766722 ,-17.4 ,17.300001 ,1.3000001 ,Correr
4.9131317 ,6.7862015 ,2.5595355 ,-0.44331402 ,2.29511 ,1.577779 ,-18.4 ,16.9 ,2.0 ,Correr
10.718668 ,19.819239 ,3.1185145 ,-0.32637686 ,6.6723995 ,1.8901932 ,-18.5 ,16.9 ,2.6000001 ,Correr
-4.5993185 ,16.798792 ,6.550842 ,1.8675039 ,-9.295631 ,-3.4627361 ,-18.300001 ,17.0 ,2.4 ,Correr
6.0703163 ,15.818126 ,7.109821 ,-0.44505933 ,-3.3527803 ,0.33859417 ,-17.5 ,17.2 ,2.5 ,Correr
11.120741 ,15.406247 ,5.7565036 ,0.29147023 ,3.1398501 ,1.7592934 ,-17.7 ,16.6 ,3.1000001 ,Correr
9.492837 ,19.270067 ,1.4415776 ,-0.95818657 ,6.9813232 ,1.8325973 ,-17.9 ,16.9 ,3.2 ,Correr
8.806372 ,19.191614 ,1.6279038 ,0.97913057 ,-5.61822 ,-2.1240675 ,-17.6 ,16.9 ,2.6000001 ,Correr
9.031924 ,17.544096 ,1.4808041 ,-1.1903156 ,-1.6580642 ,0.012217315 ,-18.4 ,16.5 ,2.4 ,Correr
6.207609 ,14.719781 ,0.5393657 ,0.20594902 ,0.9424786 ,0.6527537 ,-18.800001 ,16.2 ,2.9 ,Correr
2.0299766 ,12.287732 ,-0.1569064 ,0.9477146 ,2.0909061 ,0.64402705 ,-18.5 ,16.5 ,2.4 ,Correr
-0.951245 ,10.130269 ,-0.60801226 ,-1.2636194 ,-0.8168148 ,-1.6685362 ,-18.2 ,16.9 ,1.7 ,Correr
-2.5693421 ,7.5511203 ,-1.2062179 ,0.7103496 ,0.72431225 ,0.06981323 ,-19.800001 ,16.2 ,1.8000001 ,Correr
-4.0991797 ,4.6189322 ,-1.9417167 ,-0.0017453308 ,4.2533712 ,2.0228384 ,-20.0 ,16.6 ,2.2 ,Correr
-5.6682434 ,1.735777 ,-2.3928225 ,1.9565158 ,-4.6303625 ,-0.73478425 ,-19.800001 ,17.300001 ,1.6 ,Correr
-7.198081 ,-1.4808041 ,-1.99075 ,-1.3264514 ,-0.34906614 ,-0.58643115 ,-18.800001 ,17.800001 ,1.2 ,Correr
-8.090487 ,-4.285506 ,-0.9610517 ,-0.232129 ,2.7646039 ,1.5393817 ,-19.6 ,17.1 ,1.8000001 ,Correr
-8.639658 ,-3.8442068 ,-1.9711366 ,-0.099483855 ,5.646145 ,1.6161762 ,-19.5 ,17.1 ,2.3 ,Correr
-8.571012 ,-1.1964113 ,-3.5892339 ,1.1170117 ,-7.8749323 ,-3.2515512 ,-19.5 ,17.2 ,2.0 ,Correr
-8.16894 ,1.0983448 ,-3.8834333 ,-0.43284202 ,-1.6790081 ,-0.08901187 ,-18.6 ,17.5 ,1.9 ,Correr
-8.149326 ,4.815065 ,-1.9613299 ,-0.5445432 ,3.1223967 ,0.8744107 ,-18.800001 ,17.2 ,2.8 ,Correr
-6.5018086 ,16.053486 ,0.098066494 ,-0.7260576 ,6.1662536 ,1.7086788 ,-18.7 ,16.9 ,2.9 ,Correr
-3.4225209 ,19.819239 ,0.7354987 ,1.9355718 ,-6.6846166 ,-2.5830896 ,-18.1 ,16.7 ,2.5 ,Correr
-1.4808041 ,19.819239 ,2.9714148 ,-1.6336296 ,-2.4609163 ,0.71733093 ,-18.300001 ,16.5 ,2.3 ,Correr
4.815065 ,19.819239 ,1.7455837 ,0.46251264 ,1.8535413 ,1.155409 ,-18.800001 ,16.300001 ,3.0 ,Correr
7.472667 ,19.819239 ,-1.7651969 ,-0.25656363 ,3.4383016 ,1.4172086 ,-18.5 ,16.5 ,2.9 ,Correr
5.5897903 ,19.819239 ,-2.5693421 ,0.027925292 ,-3.0264034 ,-2.4295003 ,-17.9 ,16.800001 ,2.2 ,Correr
4.481639 ,19.819239 ,-2.7850885 ,0.6527537 ,-0.3577928 ,0.5375619 ,-19.0 ,16.300001 ,2.0 ,Correr
3.7069137 ,16.141745 ,-2.0299766 ,-0.45204067 ,3.3789604 ,1.8483052 ,-19.2 ,16.1 ,2.0 ,Correr
2.2163029 ,12.699612 ,-0.5393657 ,1.5865057 ,-2.0176024 ,-0.21642101 ,-18.9 ,16.300001 ,1.6 ,Correr
1.0689248 ,9.796844 ,-1.1669914 ,-1.804672 ,0.5742138 ,-1.7592934 ,-18.2 ,16.5 ,0.90000004 ,Correr
1.99075 ,8.119906 ,-2.010363 ,0.29845157 ,1.6004683 ,0.7435109 ,-19.1 ,16.1 ,1.5 ,Correr
5.2759776 ,7.354987 ,-2.2849493 ,-0.27576226 ,6.0336084 ,1.8587773 ,-19.0 ,16.1 ,1.4 ,Correr
6.894075 ,4.373766 ,-1.9515233 ,1.392774 ,-6.38442 ,-2.1101048 ,-18.9 ,16.300001 ,1.0 ,Correr
7.531507 ,0.7354987 ,-1.1375713 ,-0.5515245 ,-0.35430214 ,-0.48694727 ,-17.9 ,16.800001 ,0.8 ,Correr
7.4138274 ,-2.1182363 ,-0.0392266 ,-0.2949609 ,1.8116534 ,1.0890864 ,-18.6 ,16.6 ,1.7 ,Correr
6.9529147 ,-3.1773546 ,0.2941995 ,-0.91106266 ,7.525866 ,2.042037 ,-18.5 ,16.7 ,2.2 ,Correr
5.550564 ,-2.1672697 ,0.9414384 ,0.9704039 ,-7.9552174 ,-3.5133507 ,-18.5 ,16.9 ,1.9 ,Correr
3.9128532 ,-0.32361946 ,0.5295591 ,-0.34383017 ,-2.1746821 ,-0.034906615 ,-18.0 ,16.9 ,1.8000001 ,Correr
2.5987623 ,1.6279038 ,0.28439283 ,0.5515245 ,2.7471507 ,1.3107435 ,-18.4 ,16.800001 ,2.0 ,Correr
5.0210047 ,12.042566 ,3.471554 ,-1.0681424 ,6.6305118 ,2.0176024 ,-18.4 ,16.9 ,2.5 ,Correr
4.1089864 ,19.819239 ,0.5393657 ,1.530655 ,-7.199489 ,-2.3736498 ,-18.4 ,17.0 ,2.0 ,Correr
-3.4617474 ,16.141745 ,4.059953 ,-1.1449369 ,-3.2428246 ,0.13788113 ,-18.800001 ,16.7 ,2.0 ,Correr
8.502365 ,17.740229 ,7.335374 ,0.3228862 ,1.8221253 ,1.9460437 ,-18.800001 ,16.4 ,2.3 ,Correr
12.621159 ,18.573795 ,4.5208654 ,-0.17627841 ,3.5953813 ,1.5481083 ,-19.300001 ,16.800001 ,2.7 ,Correr
9.012311 ,19.819239 ,1.7651969 ,0.2600543 ,-3.2201352 ,-2.083925 ,-18.800001 ,17.2 ,2.3 ,Correr
7.3746004 ,19.819239 ,2.0888164 ,0.19722238 ,-0.26354495 ,-0.6248284 ,-20.0 ,17.0 ,2.4 ,Correr
5.982056 ,16.671305 ,1.3337044 ,-0.23561965 ,1.4503698 ,0.6684617 ,-20.300001 ,16.800001 ,2.9 ,Correr
3.9422731 ,12.679998 ,0.17651969 ,1.0576705 ,-1.1257384 ,0.2548183 ,-20.1 ,17.0 ,2.6000001 ,Correr
1.1964113 ,9.492837 ,-0.5099458 ,-1.2199862 ,-0.24958229 ,-0.9494599 ,-19.4 ,17.2 ,1.7 ,Correr
-1.5788707 ,7.168661 ,-1.3533176 ,0.6195924 ,0.77492684 ,0.64053637 ,-20.300001 ,16.5 ,2.3 ,Correr
-3.8147867 ,4.9425516 ,-2.4026291 ,0.019198637 ,5.082403 ,1.4451338 ,-20.2 ,16.7 ,2.6000001 ,Correr
-5.060231 ,2.5497289 ,-2.8635418 ,1.3648486 ,-6.1156387 ,-0.83077747 ,-19.4 ,16.800001 ,1.6 ,Correr
-6.1487694 ,-0.4314926 ,-2.3339827 ,-0.7574735 ,-1.8430693 ,0.055850584 ,-18.800001 ,16.9 ,1.0 ,Correr
-6.8548484 ,-2.432049 ,-1.2650578 ,0.8290321 ,0.9861119 ,0.4206247 ,-18.800001 ,16.7 ,1.9 ,Correr
-7.894353 ,-3.275421 ,-1.1571847 ,-0.49567392 ,6.2029057 ,1.9285905 ,-18.5 ,17.1 ,2.2 ,Correr
-9.228058 ,-2.5987623 ,-2.2163029 ,2.448699 ,-9.625499 ,-3.2637684 ,-18.300001 ,17.2 ,1.6 ,Correr
-9.120184 ,-0.4118793 ,-3.4617474 ,-0.7679455 ,-2.9688077 ,0.34208483 ,-17.6 ,17.5 ,1.9 ,Correr
-8.316039 ,2.2163029 ,-3.7559469 ,-0.1361358 ,3.9235036 ,1.3386687 ,-17.9 ,17.2 ,2.2 ,Correr
-7.4628606 ,7.6197667 ,-1.9221034 ,-0.7400202 ,6.3931465 ,1.9460437 ,-17.9 ,17.2 ,2.4 ,Correr
-6.1389627 ,19.819239 ,-1.1375713 ,1.514947 ,-7.513649 ,-3.356271 ,-17.7 ,17.300001 ,2.0 ,Correr
-6.2860627 ,19.819239 ,0.93163174 ,-0.98436654 ,-1.1658809 ,0.18500505 ,-17.300001 ,17.4 ,2.2 ,Correr
-2.0201697 ,19.819239 ,2.6772153 ,-0.1588251 ,2.5307295 ,2.3945937 ,-18.2 ,16.9 ,2.1000001 ,Correr
5.187718 ,19.819239 ,-0.7747253 ,-0.2670356 ,3.8118024 ,2.2514768 ,-18.2 ,16.6 ,2.1000001 ,Correr
7.0607877 ,19.819239 ,-2.3437893 ,-0.64402705 ,-2.4103017 ,-2.897249 ,-18.0 ,16.6 ,1.8000001 ,Correr
5.207331 ,19.819239 ,-3.4911673 ,-0.891864 ,-0.74176556 ,-0.33335817 ,-18.800001 ,16.300001 ,1.7 ,Correr
3.80498 ,19.819239 ,-3.559814 ,0.20071304 ,1.113521 ,0.47996596 ,-19.0 ,16.4 ,2.0 ,Correr
3.6873002 ,16.583044 ,-0.69627213 ,0.14486246 ,2.5254936 ,1.0943223 ,-19.0 ,16.300001 ,1.9 ,Correr
2.0790098 ,12.483865 ,0.26477954 ,-0.4310967 ,-3.5500028 ,-1.6982068 ,-18.7 ,16.6 ,1.4 ,Correr
-0.049033247 ,9.071151 ,-0.2745862 ,0.67195237 ,0.86044806 ,0.33684883 ,-19.1 ,16.4 ,1.5 ,Correr
-0.60801226 ,6.6489086 ,-1.706357 ,-0.1134465 ,3.0438569 ,1.113521 ,-18.9 ,16.300001 ,1.7 ,Correr
3.1773546 ,4.7954516 ,-3.971693 ,0.95120525 ,-0.81332415 ,-0.6003938 ,-18.800001 ,16.4 ,1.2 ,Correr
6.972528 ,1.2552512 ,-3.8147867 ,-1.8430693 ,0.010471985 ,-0.27576226 ,-18.2 ,16.7 ,1.0 ,Correr
10.002783 ,-3.1871612 ,-1.7651969 ,0.50789124 ,-0.20769437 ,-0.5113819 ,-18.800001 ,16.300001 ,1.4 ,Correr
10.885382 ,-5.442691 ,0.70607877 ,0.12391848 ,1.2496568 ,-2.4347365 ,-18.800001 ,16.9 ,1.4 ,Correr
10.287175 ,-3.5990405 ,1.147378 ,-0.3752461 ,1.8535413 ,-0.16580643 ,-18.800001 ,16.9 ,1.3000001 ,Correr
8.453332 ,-0.6864655 ,0.049033247 ,-1.4032459 ,2.3998299 ,-0.30194223 ,-19.4 ,15.7 ,2.0 ,Correr
5.903603 ,1.6377105 ,-1.7946169 ,-1.3578674 ,1.1571543 ,-0.76445484 ,-20.800001 ,14.8 ,2.9 ,Correr
5.148491 ,3.471554 ,-0.06864655 ,0.8621934 ,0.30194223 ,0.28448892 ,-20.6 ,15.2 ,2.1000001 ,Correr
9.679163 ,19.819239 ,4.0403395 ,-0.055850584 ,-0.74525625 ,-0.3351035 ,-20.6 ,14.900001 ,1.5 ,Correr
