-6.207609 ,9.100571 ,2.0790098 ,-0.5846858 ,-0.6073751 ,0.31415954 ,-19.5 ,21.7 ,20.0 ,Correr
5.0308113 ,8.472945 ,7.6982203 ,0.28099826 ,0.5044006 ,0.7260576 ,-18.5 ,21.4 ,20.9 ,Correr
-2.1966896 ,9.80665 ,5.2759776 ,-0.8552121 ,2.3055818 ,-0.675443 ,-18.1 ,20.6 ,21.4 ,Correr
3.9520798 ,8.884825 ,5.776117 ,1.329942 ,0.40666208 ,-0.5218539 ,-16.9 ,19.7 ,22.2 ,Correr
-5.393657 ,9.54187 ,4.0109196 ,-0.39619008 ,1.2060236 ,0.25656363 ,-16.800001 ,18.7 ,22.4 ,Correr
-1.4317709 ,2.8929617 ,-1.9417167 ,0.2617996 ,-1.3788112 ,0.10122918 ,-16.300001 ,18.2 ,23.300001 ,Correr
1.2062179 ,8.423912 ,6.0408964 ,-1.2514021 ,3.0072048 ,0.45204067 ,-16.0 ,17.6 ,23.7 ,Correr
0.5295591 ,9.708583 ,2.5006957 ,-0.5707232 ,0.3577928 ,0.1535891 ,-15.5 ,16.800001 ,24.2 ,Correr
-4.020726 ,6.00167 ,-1.6965504 ,2.284638 ,-3.129378 ,-1.8168893 ,-16.0 ,16.4 ,23.1 ,Correr
-4.285506 ,13.78815 ,-1.5004175 ,0.5375619 ,-0.7103496 ,0.44855002 ,-17.0 ,16.1 ,22.1 ,Correr
3.7461402 ,8.061066 ,4.785645 ,-1.1222477 ,2.532475 ,1.387538 ,-17.6 ,16.4 ,21.7 ,Correr
-5.295591 ,19.819239 ,3.5990405 ,-0.7574735 ,0.6195924 ,0.2391103 ,-18.7 ,17.0 ,21.2 ,Correr
-4.589512 ,4.677772 ,-1.6965504 ,2.754132 ,-2.7052627 ,-2.775076 ,-19.4 ,17.5 ,20.6 ,Correr
-5.0210047 ,19.819239 ,-2.2751427 ,-0.34383017 ,-0.28448892 ,0.8848827 ,-19.6 ,17.6 ,19.800001 ,Correr
6.9529147 ,5.4328837 ,4.285506 ,-2.24275 ,2.5761082 ,1.8605226 ,-18.7 ,17.800001 ,20.0 ,Correr
-11.199194 ,17.97559 ,4.6679654 ,0.5340712 ,0.50789124 ,0.14835311 ,-18.9 ,18.2 ,19.9 ,Correr
-7.3746004 ,-1.0100849 ,-3.275421 ,1.6982068 ,-1.6667908 ,-1.0960677 ,-18.800001 ,18.2 ,20.300001 ,Correr
1.6475172 ,19.819239 ,4.5993185 ,-1.1065397 ,0.57246846 ,0.1134465 ,-18.4 ,18.5 ,20.6 ,Correr
4.883712 ,1.3140911 ,3.334261 ,-0.79936147 ,1.3997552 ,0.5235992 ,-18.0 ,19.0 ,20.9 ,Correr
-6.2566423 ,15.112047 ,0.951245 ,0.95818657 ,-0.8587027 ,-0.4258607 ,-18.2 ,18.800001 ,20.6 ,Correr
-9.502644 ,-0.3138128 ,-2.3143694 ,1.9477891 ,-1.2723461 ,0.09599319 ,-18.1 ,18.7 ,20.6 ,Correr
-2.7654753 ,13.297817 ,4.962165 ,-1.2583835 ,0.80285215 ,-0.026179962 ,-17.800001 ,18.800001 ,20.9 ,Correr
4.6679654 ,2.0790098 ,4.167826 ,-0.4258607 ,1.1362103 ,0.12566382 ,-18.2 ,18.9 ,21.0 ,Correr
-4.9523582 ,11.67972 ,-1.706357 ,1.1658809 ,-1.6161762 ,-0.659735 ,-18.5 ,18.800001 ,20.7 ,Correr
-5.64863 ,1.5886773 ,-1.9417167 ,1.192061 ,-2.1921353 ,-0.06981323 ,-18.4 ,19.2 ,20.300001 ,Correr
-0.17651969 ,13.248784 ,-0.1569064 ,-1.3735753 ,2.1921353 ,0.3106689 ,-18.2 ,19.4 ,20.800001 ,Correr
3.7657535 ,3.9422731 ,3.2656143 ,-0.6126111 ,1.0175278 ,-0.23561965 ,-18.1 ,19.1 ,20.800001 ,Correr
-4.932745 ,10.326403 ,-1.539644 ,1.9373171 ,-2.2183154 ,-1.0245092 ,-18.2 ,19.300001 ,20.4 ,Correr
-6.1978025 ,3.7461402 ,-2.7262487 ,0.5619965 ,-1.8989198 ,0.29845157 ,-18.300001 ,19.4 ,20.6 ,Correr
3.246001 ,9.414384 ,2.4810824 ,-1.0908318 ,3.340563 ,0.5218539 ,-18.5 ,19.5 ,20.6 ,Correr
1.3337044 ,13.768537 ,3.7657535 ,-0.7470016 ,0.7155856 ,0.066322565 ,-18.4 ,19.6 ,20.6 ,Correr
-4.6189322 ,5.4721107 ,-3.2361944 ,2.4120471 ,-2.7000268 ,-2.047273 ,-18.300001 ,19.7 ,20.5 ,Correr
-5.1092644 ,19.122967 ,-4.3835726 ,-0.08203054 ,-0.51836324 ,0.6579897 ,-18.4 ,19.2 ,20.4 ,Correr
4.2364726 ,7.9728065 ,4.1384063 ,-1.7523121 ,3.2794764 ,1.1938063 ,-18.7 ,19.1 ,20.300001 ,Correr
-8.502365 ,19.819239 ,0.098066494 ,0.17802374 ,0.5619965 ,0.0680679 ,-18.7 ,18.800001 ,20.6 ,Correr
-5.0308113 ,3.500974 ,-3.1773546 ,1.3596127 ,-1.2915448 ,-1.9792051 ,-18.7 ,18.4 ,20.6 ,Correr
-3.2263877 ,19.819239 ,-3.2067745 ,-0.83252275 ,-0.63355505 ,0.15009844 ,-18.7 ,18.6 ,20.7 ,Correr
4.844485 ,4.393379 ,4.658159 ,-1.4608419 ,2.2933645 ,2.2043529 ,-18.5 ,18.800001 ,20.9 ,Correr
-13.925443 ,14.013702 ,4.579705 ,0.15009844 ,0.13439047 ,0.1361358 ,-19.0 ,18.300001 ,20.5 ,Correr
-6.099736 ,0.42168593 ,-2.490889 ,0.8272868 ,-1.2007875 ,-1.0646517 ,-19.2 ,17.9 ,20.300001 ,Correr
-1.9221034 ,13.856796 ,6.2272224 ,-0.60562974 ,0.12566382 ,0.32114086 ,-19.0 ,18.1 ,20.800001 ,Correr
4.3345394 ,2.1672697 ,3.89324 ,-0.7696909 ,1.7331134 ,0.5986484 ,-18.6 ,18.2 ,21.1 ,Correr
-7.0411744 ,14.925721 ,0.84337187 ,0.7662002 ,-0.72780293 ,-0.4939286 ,-19.2 ,18.300001 ,20.5 ,Correr
-8.433719 ,-1.8240368 ,-2.7654753 ,1.3107435 ,-1.7558028 ,-0.21991168 ,-19.4 ,18.2 ,20.300001 ,Correr
-1.8436501 ,13.592016 ,2.2261095 ,-0.7400202 ,1.6301389 ,-0.16406108 ,-19.300001 ,18.2 ,20.6 ,Correr
6.442969 ,4.1384063 ,4.4914455 ,-0.8080881 ,1.34565 ,-0.32812217 ,-18.9 ,18.2 ,20.9 ,Correr
-5.8055367 ,10.434276 ,-1.1179581 ,1.3020167 ,-2.4242644 ,-0.82030547 ,-19.4 ,18.4 ,20.9 ,Correr
-5.217138 ,4.4914455 ,-2.7850885 ,0.63355505 ,-1.1658809 ,0.40142608 ,-19.5 ,18.6 ,20.6 ,Correr
1.90249 ,10.797121 ,3.9618864 ,-0.82030547 ,2.7646039 ,0.469494 ,-19.0 ,18.7 ,21.2 ,Correr
0.32361946 ,12.375992 ,3.4617474 ,-0.4817113 ,0.74525625 ,-0.10995584 ,-19.0 ,18.5 ,20.9 ,Correr
-3.8344 ,6.8842683 ,-1.7553903 ,1.8814665 ,-2.6529028 ,-1.9250998 ,-19.0 ,18.2 ,20.6 ,Correr
-4.6385455 ,18.250175 ,-2.3928225 ,-0.059341244 ,-0.08203054 ,0.7784175 ,-18.9 ,18.5 ,20.9 ,Correr
2.7654753 ,7.5413136 ,3.8344 ,-1.0175278 ,1.7715107 ,1.5027298 ,-18.4 ,18.5 ,21.4 ,Correr
-12.326959 ,15.112047 ,5.6388235 ,-0.26878095 ,0.37873676 ,0.32637686 ,-18.300001 ,18.800001 ,21.4 ,Correr
-6.207609 ,2.2555294 ,-1.9613299 ,0.46774864 ,-1.4311712 ,-1.0960677 ,-18.300001 ,18.6 ,21.1 ,Correr
-0.60801226 ,18.838573 ,4.285506 ,-0.52534455 ,0.2042037 ,0.06981323 ,-18.1 ,18.5 ,21.4 ,Correr
4.834678 ,2.7654753 ,4.530672 ,-0.5619965 ,1.5498537 ,1.1274836 ,-17.800001 ,18.5 ,21.4 ,Correr
-7.1784678 ,12.189666 ,2.520309 ,0.7295483 ,-0.60562974 ,-0.13788113 ,-18.300001 ,18.300001 ,21.1 ,Correr
-7.482474 ,0.4118793 ,-2.010363 ,1.1065397 ,-1.3212154 ,0.038397275 ,-18.6 ,18.6 ,21.2 ,Correr
-2.9616082 ,12.572125 ,2.9027684 ,-0.64402705 ,1.82038 ,-0.07155856 ,-18.1 ,18.4 ,21.300001 ,Correr
7.4628606 ,5.070038 ,3.9422731 ,-0.9250253 ,0.7435109 ,-0.28099826 ,-17.800001 ,18.4 ,21.4 ,Correr
-6.1487694 ,10.473502 ,-0.28439283 ,1.8465599 ,-1.2077689 ,-0.75223756 ,-18.800001 ,18.2 ,20.6 ,Correr
-5.9428296 ,0.9414384 ,-3.3146477 ,1.0751238 ,-2.0804343 ,0.18849573 ,-19.0 ,18.1 ,20.5 ,Correr
-1.1964113 ,11.444361 ,1.6671305 ,-0.9529506 ,2.0821795 ,0.3630288 ,-19.1 ,18.4 ,20.6 ,Correr
6.364516 ,6.335096 ,4.589512 ,-1.6824988 ,1.113521 ,0.0680679 ,-19.4 ,18.5 ,20.6 ,Correr
-4.9523582 ,9.581097 ,-2.2849493 ,2.1101048 ,-2.0350556 ,-1.0419625 ,-19.7 ,18.4 ,20.0 ,Correr
-6.099736 ,3.2067745 ,-4.324733 ,1.0576705 ,-1.8221253 ,0.02443463 ,-20.2 ,18.300001 ,19.7 ,Correr
1.4023509 ,9.228058 ,2.9714148 ,-1.4573512 ,2.6790826 ,1.2863088 ,-20.5 ,18.7 ,20.0 ,Correr
-0.0784532 ,13.484143 ,3.6480737 ,-0.67718834 ,0.6003938 ,-0.052359924 ,-20.7 ,18.800001 ,19.9 ,Correr
-3.5794272 ,6.492002 ,-2.3339827 ,1.9547704 ,-2.6947906 ,-2.13803 ,-20.6 ,18.5 ,19.7 ,Correr
-4.197246 ,19.819239 ,-2.6281822 ,-0.11519183 ,-0.43284202 ,0.649263 ,-20.5 ,18.6 ,19.800001 ,Correr
3.9422731 ,7.5413136 ,4.2462792 ,-1.061161 ,3.1887193 ,1.4259353 ,-19.7 ,18.5 ,20.300001 ,Correr
-9.5320635 ,19.819239 ,0.57859236 ,0.08203054 ,0.5305805 ,0.12915447 ,-19.9 ,18.2 ,19.9 ,Correr
-5.236751 ,3.3931007 ,-2.8439283 ,1.7540574 ,-2.4120471 ,-1.9059012 ,-19.9 ,18.300001 ,20.0 ,Correr
-2.1476562 ,19.819239 ,-3.7755601 ,-0.5846858 ,-0.51487255 ,0.35953814 ,-19.7 ,18.300001 ,20.300001 ,Correr
5.5015306 ,5.187718 ,4.4914455 ,-1.6057043 ,2.1729367 ,1.556835 ,-18.9 ,18.2 ,20.300001 ,Correr
-8.070872 ,12.621159 ,4.8052583 ,0.62308306 ,0.28274357 ,0.44156867 ,-19.6 ,18.1 ,19.9 ,Correr
-6.521422 ,-0.46091253 ,-2.6281822 ,0.83601344 ,-1.3107435 ,-0.7871442 ,-19.7 ,17.9 ,19.5 ,Correr
-0.6374322 ,18.946447 ,5.266171 ,-0.9459693 ,-0.31939554 ,0.31590486 ,-19.7 ,17.9 ,19.7 ,Correr
4.6385455 ,3.4911673 ,4.579705 ,-1.0349811 ,1.9390625 ,1.2688555 ,-19.9 ,18.2 ,19.800001 ,Correr
-8.698499 ,12.317152 ,1.6965504 ,1.5324004 ,-0.37175545 ,0.0226893 ,-20.0 ,18.2 ,19.800001 ,Correr
-9.610517 ,0.2745862 ,-1.8730701 ,1.2828181 ,-1.1100304 ,-0.055850584 ,-20.4 ,18.4 ,19.6 ,Correr
-2.098623 ,12.689805 ,5.207331 ,-1.150173 ,0.18325973 ,0.24783696 ,-20.1 ,18.2 ,19.800001 ,Correr
5.5113373 ,2.5693421 ,4.1285996 ,-0.881392 ,1.0245092 ,0.55850583 ,-20.1 ,18.5 ,19.7 ,Correr
-6.0605097 ,11.630687 ,-0.5491724 ,1.3072528 ,-0.99483854 ,-0.9756399 ,-20.2 ,18.4 ,19.5 ,Correr
-8.727919 ,0.3334261 ,-3.304841 ,1.1170117 ,-2.24275 ,0.0034906615 ,-20.5 ,18.7 ,19.6 ,Correr
0.00980665 ,12.679998 ,2.9812214 ,-1.1990422 ,1.9687331 ,0.22165701 ,-20.300001 ,19.1 ,19.6 ,Correr
4.0109196 ,6.1683826 ,2.9223816 ,-0.83252275 ,0.83252275 ,-0.017453307 ,-20.300001 ,19.1 ,19.6 ,Correr
-3.6774936 ,7.590347 ,-2.3437893 ,1.5550897 ,-2.3143086 ,-1.0000745 ,-20.6 ,18.800001 ,19.2 ,Correr
-4.7169986 ,8.521978 ,-2.7360554 ,0.63704574 ,-1.3683393 ,0.49218327 ,-20.2 ,18.800001 ,19.300001 ,Correr
3.304841 ,8.924051 ,3.8442068 ,-1.2322035 ,2.8448892 ,0.8115788 ,-19.800001 ,19.4 ,19.7 ,Correr
-2.4712758 ,19.819239 ,3.2361944 ,-0.38397276 ,1.0506891 ,0.49218327 ,-20.1 ,19.300001 ,19.7 ,Correr
-4.344346 ,6.03109 ,-3.1479347 ,2.501059 ,-2.5237482 ,-1.7348588 ,-20.2 ,19.1 ,19.7 ,Correr
-5.7368903 ,19.819239 ,-5.3642373 ,-0.24783696 ,-0.670207 ,0.59341246 ,-19.800001 ,19.4 ,20.0 ,Correr
3.7559469 ,7.5413136 ,3.6873002 ,-2.000149 ,2.579599 ,1.2025329 ,-19.300001 ,19.4 ,20.4 ,Correr
-11.699333 ,19.819239 ,1.2846711 ,0.0017453308 ,0.7731815 ,0.33859417 ,-19.4 ,19.300001 ,19.9 ,Correr
-5.570177 ,2.441856 ,-3.049868 ,1.7558028 ,-1.6057043 ,-2.1170862 ,-19.5 ,19.1 ,19.7 ,Correr
-2.4516625 ,19.819239 ,-3.0694814 ,-0.8290321 ,-0.57944983 ,0.8237961 ,-19.4 ,19.2 ,20.2 ,Correr
3.7951734 ,5.2857842 ,5.0013914 ,-1.408482 ,2.0699623 ,1.6912255 ,-19.5 ,18.9 ,20.2 ,Correr
-7.6982203 ,12.601545 ,5.442691 ,0.8220508 ,0.2548183 ,0.57595915 ,-20.0 ,18.800001 ,19.800001 ,Correr
-5.64863 ,-0.74530536 ,-2.5399222 ,1.3089981 ,-1.6231576 ,-0.9093173 ,-20.1 ,18.6 ,19.4 ,Correr
-0.60801226 ,17.573517 ,5.5603704 ,-1.0175278 ,0.061086576 ,0.5410525 ,-20.0 ,18.2 ,19.7 ,Correr
5.2269444 ,3.0106416 ,4.275699 ,-1.2095143 ,1.0716331 ,0.36128345 ,-19.6 ,18.1 ,19.9 ,Correr
-6.021283 ,14.435389 ,3.108708 ,1.4905125 ,-0.6143564 ,0.1815144 ,-20.2 ,18.0 ,19.9 ,Correr
-8.669079 ,-1.8240368 ,-3.0204482 ,1.4067366 ,-1.082105 ,-0.26529026 ,-20.2 ,18.5 ,19.800001 ,Correr
-1.6867437 ,13.238977 ,5.0308113 ,-1.31947 ,0.9197893 ,0.19896771 ,-19.9 ,18.5 ,20.1 ,Correr
4.2462792 ,3.6873002 ,4.648352 ,-1.1658809 ,1.3631033 ,0.15009844 ,-19.6 ,18.7 ,20.300001 ,Correr
-4.677772 ,11.29726 ,-0.088259846 ,1.9914224 ,-0.9965839 ,-0.6091204 ,-19.6 ,18.300001 ,20.300001 ,Correr
-7.482474 ,-0.1176798 ,-3.4519408 ,1.0053105 ,-1.9669877 ,-0.13788113 ,-19.6 ,18.7 ,20.4 ,Correr
-1.8044236 ,12.150439 ,1.8436501 ,-1.0873411 ,1.6493375 ,0.08203054 ,-19.300001 ,18.9 ,20.6 ,Correr
6.697942 ,3.1871612 ,4.932745 ,-0.9634226 ,0.9808759 ,-0.059341244 ,-19.5 ,18.6 ,20.5 ,Correr
-6.266449 ,7.963 ,-1.8730701 ,2.19039 ,-1.1065397 ,-1.0314904 ,-19.7 ,18.5 ,20.0 ,Correr
-5.6388235 ,1.8044236 ,-3.0204482 ,0.89710003 ,-2.3073273 ,0.38222742 ,-19.9 ,18.2 ,20.1 ,Correr
-2.6281822 ,13.023231 ,0.2745862 ,-1.9582611 ,1.5865057 ,0.3577928 ,-20.300001 ,18.2 ,19.300001 ,Correr
4.275699 ,6.3743224 ,4.628739 ,-0.39444476 ,1.0157825 ,0.15707977 ,-20.5 ,18.2 ,18.800001 ,Correr
-4.2953124 ,8.031646 ,-1.8828768 ,2.5726175 ,-1.8238707 ,-1.8675039 ,-20.4 ,18.4 ,18.7 ,Correr
-3.4029074 ,8.4925585 ,-2.853735 ,-0.16755176 ,-2.010621 ,0.90059066 ,-20.5 ,18.4 ,18.5 ,Correr
0.37265268 ,7.953193 ,3.304841 ,-2.1729367 ,2.8064919 ,0.28099826 ,-20.800001 ,18.5 ,18.2 ,Correr
2.2457228 ,14.239256 ,5.236751 ,-0.4031714 ,0.6579897 ,0.6213378 ,-20.6 ,18.9 ,18.2 ,Correr
-3.4225209 ,5.374044 ,-1.8926834 ,2.579599 ,-0.44505933 ,-1.4870218 ,-20.5 ,18.7 ,18.5 ,Correr
-3.7559469 ,10.581375 ,-1.8436501 ,0.34732082 ,-1.9582611 ,0.008726654 ,-20.300001 ,18.7 ,18.5 ,Correr
0.049033247 ,9.679163 ,3.3734875 ,-1.5707977 ,2.7977653 ,1.0716331 ,-20.5 ,18.5 ,18.7 ,Correr
-0.19613299 ,19.819239 ,4.030533 ,-0.43458736 ,0.70162296 ,0.464258 ,-20.5 ,18.2 ,19.0 ,Correr
-5.1582975 ,4.883712 ,-2.912575 ,3.7681692 ,-1.7558028 ,-3.3684883 ,-20.800001 ,18.300001 ,18.800001 ,Correr
-4.981778 ,19.456392 ,-7.3255672 ,-0.3298675 ,-0.9459693 ,1.0681424 ,-21.0 ,18.2 ,19.0 ,Correr
-0.2941995 ,8.374879 ,3.7069137 ,-2.5918162 ,2.5359657 ,1.7558028 ,-21.1 ,17.6 ,19.1 ,Correr
-11.405133 ,19.819239 ,-0.8237586 ,-0.02443463 ,1.0541798 ,0.46076733 ,-21.6 ,17.300001 ,19.0 ,Correr
-2.9812214 ,2.824315 ,-2.5987623 ,2.8745596 ,-2.2724206 ,-2.1432662 ,-21.6 ,17.5 ,18.800001 ,Correr
-7.6001534 ,19.819239 ,-4.756225 ,-0.06283191 ,-0.9477146 ,0.58294046 ,-21.6 ,17.7 ,19.0 ,Correr
4.6875787 ,7.100014 ,3.2852278 ,-3.0089502 ,2.3125632 ,1.2915448 ,-21.300001 ,17.9 ,19.5 ,Correr
-14.200028 ,19.446587 ,1.9711366 ,-0.17278774 ,1.1379557 ,0.64402705 ,-21.4 ,17.9 ,19.7 ,Correr
-5.325011 ,2.2359161 ,-3.8834333 ,2.2357688 ,-2.1677008 ,-2.2410047 ,-21.2 ,17.6 ,19.7 ,Correr
-1.6965504 ,19.819239 ,-2.9616082 ,-0.7330389 ,-0.5340712 ,0.5270899 ,-21.4 ,17.5 ,19.4 ,Correr
5.776117 ,5.991863 ,4.815065 ,-2.13803 ,1.7558028 ,1.7383494 ,-21.0 ,17.9 ,19.800001 ,Correr
-8.776952 ,10.179302 ,6.2762556 ,0.7696909 ,0.39793542 ,0.70511365 ,-20.9 ,17.9 ,19.7 ,Correr
-6.384129 ,1.1964113 ,-3.167548 ,1.329942 ,-1.329942 ,-1.5812696 ,-21.0 ,17.6 ,19.4 ,Correr
-2.9321883 ,19.819239 ,0.14709975 ,-0.90408134 ,-0.54279786 ,0.5113819 ,-20.800001 ,17.800001 ,19.300001 ,Correr
5.442691 ,3.7167203 ,4.6091256 ,-1.8587773 ,1.7558028 ,1.0349811 ,-20.6 ,17.800001 ,19.300001 ,Correr
-7.8845463 ,14.307902 ,0.6374322 ,0.99483854 ,0.010471985 ,0.2722716 ,-20.800001 ,18.1 ,19.1 ,Correr
-6.2762556 ,-1.3337044 ,-1.7946169 ,1.2234769 ,-1.4119725 ,-0.43458736 ,-20.9 ,18.1 ,18.800001 ,Correr
1.2062179 ,16.612465 ,6.109543 ,-0.9634226 ,-0.18325973 ,-0.10122918 ,-20.5 ,18.300001 ,19.4 ,Correr
7.0705943 ,3.383294 ,4.962165 ,-1.3596127 ,1.5114565 ,0.48694727 ,-20.4 ,18.800001 ,19.4 ,Correr
-6.7371683 ,12.934971 ,1.1179581 ,1.0751238 ,-0.14311711 ,0.1308998 ,-20.5 ,18.800001 ,19.2 ,Correr
-6.8744617 ,-0.46091253 ,-2.0397832 ,1.377066 ,-1.2531475 ,-0.28448892 ,-20.7 ,19.1 ,19.300001 ,Correr
-2.8929617 ,12.483865 ,4.4718323 ,-0.7086043 ,1.0175278 ,0.22514766 ,-20.5 ,18.9 ,19.7 ,Correr
7.1588545 ,2.4614692 ,4.6973853 ,-1.5742884 ,0.4939286 ,-0.37873676 ,-19.9 ,19.1 ,19.800001 ,Correr
-4.256086 ,13.013424 ,0.6766588 ,1.6842442 ,-1.2287128 ,-0.20245837 ,-20.2 ,18.9 ,19.6 ,Correr
-7.4922805 ,0.2745862 ,-2.9223816 ,1.7313681 ,-1.0681424 ,-0.12566382 ,-20.0 ,19.1 ,19.7 ,Correr
-3.9520798 ,11.73856 ,2.991028 ,-0.80983347 ,1.31947 ,0.17802374 ,-19.6 ,18.800001 ,20.0 ,Correr
6.8842683 ,3.8344 ,4.7169986 ,-1.4521152 ,1.4032459 ,-0.25132763 ,-18.9 ,18.800001 ,20.1 ,Correr
-6.099736 ,12.317152 ,-1.1375713 ,2.0856702 ,-1.9268452 ,-0.2722716 ,-19.0 ,18.800001 ,20.2 ,Correr
-7.58054 ,-0.5982056 ,-3.7755601 ,1.4992391 ,-1.984441 ,0.19373171 ,-19.0 ,18.9 ,20.2 ,Correr
-2.0005565 ,9.728196 ,1.4513842 ,-1.1850796 ,2.2252967 ,0.08901187 ,-18.4 ,18.9 ,20.6 ,Correr
5.5113373 ,5.962443 ,3.1185145 ,-1.329942 ,1.3264514 ,-0.39968073 ,-18.1 ,19.2 ,20.7 ,Correr
-3.2950344 ,9.5320635 ,-2.4516625 ,1.815144 ,-2.3544512 ,-0.5393072 ,-18.1 ,19.300001 ,20.5 ,Correr
-5.9526362 ,1.4513842 ,-3.5107806 ,1.4067366 ,-3.0403662 ,0.3804821 ,-18.5 ,19.300001 ,20.300001 ,Correr
-0.4314926 ,11.110934 ,-0.18632634 ,-1.1379557 ,2.5987976 ,0.80285215 ,-18.5 ,19.7 ,20.4 ,Correr
6.3939357 ,8.610238 ,4.403186 ,-0.5899218 ,1.314234 ,-0.23038366 ,-18.6 ,19.4 ,20.5 ,Correr
-4.6385455 ,7.5511203 ,-2.7164419 ,1.577779 ,-2.2235513 ,-1.4538605 ,-18.6 ,19.7 ,20.300001 ,Correr
-3.1577413 ,5.2269444 ,-2.1476562 ,0.5096366 ,-1.5079658 ,0.5340712 ,-18.6 ,19.800001 ,20.6 ,Correr
0.37265268 ,11.346293 ,3.5205872 ,-1.2234769 ,2.9827702 ,0.56548715 ,-18.800001 ,20.0 ,20.5 ,Correr
1.0198916 ,11.4247465 ,3.8245933 ,-0.47996596 ,0.6789337 ,0.06457724 ,-19.300001 ,19.300001 ,20.6 ,Correr
-4.9719715 ,7.423634 ,-1.9809432 ,1.6441016 ,-1.9268452 ,-1.8605226 ,-19.5 ,19.1 ,20.1 ,Correr
-2.8635418 ,7.3255672 ,-1.5200307 ,0.9320066 ,-1.7348588 ,1.0559251 ,-19.300001 ,19.300001 ,20.5 ,Correr
1.0100849 ,10.228335 ,2.4516625 ,-1.6580642 ,2.4312458 ,0.696387 ,-19.1 ,19.4 ,20.6 ,Correr
0.98066497 ,12.581932 ,3.5303938 ,-0.67369765 ,0.6178471 ,-0.019198637 ,-19.7 ,19.4 ,20.300001 ,Correr
-3.1381278 ,6.099736 ,-2.991028 ,2.6878095 ,-2.5621455 ,-1.6231576 ,-19.9 ,18.9 ,20.1 ,Correr
-4.2953124 ,16.445751 ,-3.5892339 ,0.38746342 ,-1.176353 ,0.60388446 ,-19.9 ,18.800001 ,20.0 ,Correr
3.8736267 ,9.247671 ,4.726805 ,-1.9111372 ,3.1538126 ,1.118757 ,-19.7 ,18.800001 ,20.1 ,Correr
-6.639102 ,19.819239 ,0.69627213 ,-0.24609163 ,0.9424786 ,0.24085565 ,-19.9 ,19.1 ,20.1 ,Correr
-4.373766 ,6.3939357 ,-2.7948952 ,2.1170862 ,-3.2445698 ,-2.1711915 ,-20.2 ,19.0 ,20.300001 ,Correr
-3.4029074 ,19.819239 ,-5.1092644 ,0.16406108 ,-0.13788113 ,0.7504922 ,-20.2 ,19.1 ,20.1 ,Correr
3.9226599 ,7.737447 ,4.658159 ,-1.963497 ,2.8780503 ,1.2269676 ,-19.9 ,19.2 ,20.2 ,Correr
-9.247671 ,19.819239 ,-0.0784532 ,-0.33335817 ,1.1379557 ,0.54279786 ,-19.9 ,19.0 ,20.0 ,Correr
-4.403186 ,5.85457 ,-3.0890946 ,2.2148247 ,-2.63894 ,-2.3230352 ,-20.0 ,19.1 ,20.2 ,Correr
-4.501252 ,19.819239 ,-4.5993185 ,-0.10995584 ,-0.13962646 ,0.59341246 ,-19.7 ,19.2 ,20.6 ,Correr
4.059953 ,6.384129 ,4.1874394 ,-2.5342202 ,2.6947906 ,1.4800404 ,-19.300001 ,19.4 ,20.800001 ,Correr
-11.56204 ,19.819239 ,2.5006957 ,-0.07679455 ,0.8744107 ,0.3752461 ,-19.6 ,19.4 ,20.6 ,Correr
-4.864098 ,5.0308113 ,-3.5107806 ,1.0681424 ,-2.4626617 ,-1.8500506 ,-19.4 ,20.0 ,20.800001 ,Correr
-1.7651969 ,19.819239 ,-2.5889556 ,-0.4712393 ,-0.14835311 ,0.3804821 ,-19.2 ,20.2 ,21.2 ,Correr
3.304841 ,5.550564 ,3.9128532 ,-1.4800404 ,2.3160539 ,1.9792051 ,-19.0 ,20.300001 ,21.1 ,Correr
-12.493671 ,14.504035 ,5.8153434 ,0.15533444 ,0.91106266 ,0.5445432 ,-19.1 ,20.0 ,21.0 ,Correr
-5.903603 ,0.79433864 ,-3.3146477 ,0.95120525 ,-2.6319587 ,-1.4992391 ,-19.0 ,20.0 ,20.7 ,Correr
0.16671304 ,19.819239 ,2.3928225 ,-1.0018198 ,0.21118502 ,0.3700101 ,-18.800001 ,20.2 ,20.6 ,Correr
4.1285996 ,2.432049 ,3.6873002 ,-1.2147502 ,2.342234 ,1.7366041 ,-18.9 ,20.2 ,20.4 ,Correr
-10.444082 ,13.05265 ,3.9913065 ,0.34557548 ,0.40491673 ,0.47298464 ,-18.7 ,20.2 ,20.5 ,Correr
-5.4328837 ,-0.20593965 ,-2.490889 ,0.9773852 ,-1.9355718 ,-1.3439047 ,-18.7 ,19.7 ,20.4 ,Correr
-1.0395049 ,18.181528 ,5.0504246 ,-0.5044006 ,0.49218327 ,0.34383017 ,-19.0 ,19.2 ,20.1 ,Correr
5.4328837 ,3.8344 ,4.785645 ,-1.160645 ,1.9477891 ,0.81332415 ,-19.300001 ,18.800001 ,20.1 ,Correr
-7.894353 ,11.640493 ,0.56878567 ,0.34906614 ,-0.18849573 ,0.87092006 ,-19.1 ,19.2 ,20.300001 ,Correr
-6.305676 ,1.0100849 ,-2.5399222 ,1.0925771 ,-1.3805566 ,-1.0053105 ,-19.300001 ,19.4 ,20.300001 ,Correr
-1.1964113 ,13.601823 ,5.9722495 ,-0.84997606 ,0.8674294 ,0.26529026 ,-19.7 ,19.2 ,19.7 ,Correr
5.1681046 ,3.383294 ,4.530672 ,-1.1780982 ,1.2618741 ,-0.099483855 ,-19.5 ,19.0 ,20.0 ,Correr
-6.305676 ,13.05265 ,1.2944778 ,1.4224446 ,-0.2600543 ,0.0226893 ,-19.7 ,18.800001 ,19.9 ,Correr
-7.2667274 ,-0.39226598 ,-1.4906107 ,1.3264514 ,-1.5236738 ,-0.17278774 ,-19.5 ,18.5 ,19.9 ,Correr
-2.098623 ,11.493394 ,3.8245933 ,-0.95120525 ,0.7225669 ,0.04712393 ,-19.4 ,18.4 ,20.0 ,Correr
8.512172 ,3.80498 ,5.2465577 ,-1.1833342 ,1.1222477 ,-0.23387432 ,-19.300001 ,18.4 ,20.0 ,Correr
-6.266449 ,11.189387 ,0.5393657 ,1.5865057 ,-0.73478425 ,0.040142607 ,-19.300001 ,18.1 ,19.5 ,Correr
-7.835513 ,0.16671304 ,-2.5595355 ,1.4433886 ,-2.146757 ,-0.62657374 ,-19.300001 ,17.6 ,19.4 ,Correr
-1.5298374 ,15.680833 ,2.3437893 ,-0.8552121 ,1.2182409 ,-0.034906615 ,-19.300001 ,17.4 ,19.7 ,Correr
6.3252892 ,2.9616082 ,4.5404787 ,-1.4154632 ,1.2688555 ,-0.26878095 ,-19.4 ,17.6 ,19.4 ,Correr
-6.639102 ,10.934415 ,-0.8727918 ,1.9163731 ,-1.4538605 ,-0.26878095 ,-19.800001 ,17.5 ,18.800001 ,Correr
-8.100293 ,-0.1372931 ,-3.412714 ,1.7366041 ,-1.7121694 ,0.28274357 ,-20.2 ,17.5 ,18.5 ,Correr
-3.216581 ,11.552234 ,2.5889556 ,-1.1833342 ,1.4695685 ,-0.04712393 ,-19.800001 ,17.9 ,18.5 ,Correr
7.58054 ,5.119071 ,3.9815 ,-1.3072528 ,1.1362103 ,-0.32812217 ,-19.6 ,18.1 ,18.5 ,Correr
-5.4524975 ,10.326403 ,-1.3042845 ,1.6388656 ,-1.5027298 ,-0.052359924 ,-20.2 ,18.5 ,18.300001 ,Correr
-7.5707335 ,0.36284605 ,-2.9714148 ,1.2723461 ,-2.2444954 ,0.0017453308 ,-20.4 ,18.800001 ,18.2 ,Correr
-3.9324665 ,12.542705 ,1.6180972 ,-1.0070559 ,1.1431917 ,0.39793542 ,-20.4 ,19.2 ,18.5 ,Correr
8.423912 ,5.7565036 ,4.677772 ,-1.2007875 ,1.6458468 ,-0.19722238 ,-20.5 ,19.1 ,18.6 ,Correr
-4.2070527 ,10.787314 ,0.2941995 ,1.7104242 ,-1.2897995 ,-0.459022 ,-20.2 ,19.2 ,18.800001 ,Correr
-7.6688 ,0.588399 ,-3.1185145 ,1.0192732 ,-2.1572287 ,-0.10995584 ,-20.0 ,19.2 ,18.800001 ,Correr
-1.0198916 ,13.562596 ,1.8044236 ,-1.4730592 ,2.16421 ,0.059341244 ,-19.9 ,19.300001 ,19.4 ,Correr
6.5704556 ,4.5404787 ,4.256086 ,-0.7888895 ,1.3700846 ,0.22340234 ,-19.9 ,19.300001 ,19.5 ,Correr
-5.1288776 ,9.738003 ,-0.3138128 ,2.131049 ,-2.1607194 ,-1.123993 ,-19.800001 ,18.9 ,19.800001 ,Correr
-7.7668667 ,1.6180972 ,-3.638267 ,0.70511365 ,-2.2444954 ,0.38222742 ,-19.9 ,19.1 ,20.0 ,Correr
0.34323275 ,12.532898 ,1.6867437 ,-1.6057043 ,1.9181185 ,0.027925292 ,-19.4 ,19.0 ,20.5 ,Correr
6.0899296 ,5.521144 ,4.452219 ,-0.82554144 ,1.2444208 ,0.36128345 ,-19.4 ,18.6 ,20.5 ,Correr
-5.423077 ,9.875297 ,-1.4709975 ,1.8168893 ,-1.9826957 ,-0.68766034 ,-19.4 ,18.5 ,20.5 ,Correr
-6.521422 ,2.2457228 ,-3.1577413 ,0.6789337 ,-2.1362848 ,-0.34732082 ,-19.6 ,18.800001 ,20.300001 ,Correr
-0.60801226 ,10.630408 ,3.1283212 ,-1.588251 ,2.2444954 ,0.4782206 ,-19.800001 ,19.1 ,20.300001 ,Correr
4.9229383 ,5.982056 ,4.6189322 ,-0.60388446 ,1.2426755 ,0.39269942 ,-19.9 ,19.0 ,20.4 ,Correr
-3.3636808 ,9.669356 ,-1.2650578 ,1.7784921 ,-2.2619486 ,-1.0524344 ,-20.2 ,19.300001 ,20.4 ,Correr
-6.0899296 ,3.9815 ,-2.4810824 ,0.5742138 ,-2.5150216 ,0.04712393 ,-20.0 ,19.300001 ,20.1 ,Correr
1.6082906 ,9.345737 ,3.0989013 ,-1.1379557 ,2.579599 ,0.70511365 ,-19.9 ,19.0 ,19.9 ,Correr
2.7262487 ,7.7668667 ,4.9523582 ,-0.60388446 ,0.84648544 ,0.17278774 ,-20.2 ,19.1 ,19.7 ,Correr
-2.9616082 ,8.453332 ,-1.8534569 ,1.747076 ,-2.3282712 ,-1.5254191 ,-20.2 ,19.0 ,19.6 ,Correr
-5.060231 ,8.443525 ,-1.9809432 ,0.4939286 ,-1.7383494 ,0.16057043 ,-20.0 ,18.7 ,19.6 ,Correr
1.9809432 ,8.639658 ,4.1285996 ,-0.9250253 ,3.3283458 ,1.2897995 ,-19.800001 ,18.2 ,19.800001 ,Correr
0.5001391 ,15.180694 ,3.550007 ,-0.5899218 ,1.0227638 ,0.17453307 ,-19.9 ,18.0 ,19.800001 ,Correr
-3.2361944 ,7.8747396 ,-2.1966896 ,2.4033206 ,-2.7139893 ,-1.6929709 ,-19.4 ,17.9 ,19.6 ,Correr
-5.8349566 ,15.180694 ,-2.5889556 ,0.6143564 ,-0.92153466 ,0.5637418 ,-19.300001 ,17.9 ,19.7 ,Correr
4.0501466 ,8.472945 ,5.187718 ,-1.4398979 ,3.5866547 ,1.5760337 ,-19.2 ,18.2 ,19.800001 ,Correr
-4.275699 ,19.819239 ,2.1476562 ,-0.2722716 ,1.1519183 ,0.078539886 ,-19.300001 ,18.300001 ,20.0 ,Correr
-4.589512 ,6.580262 ,-2.9027684 ,2.6319587 ,-2.4870963 ,-2.432991 ,-19.5 ,18.300001 ,19.9 ,Correr
-5.344624 ,19.819239 ,-5.3642373 ,0.60562974 ,-1.1536636 ,0.9826212 ,-19.5 ,18.800001 ,20.0 ,Correr
4.256086 ,7.806093 ,5.8643765 ,-2.031565 ,2.8640878 ,1.1658809 ,-19.300001 ,18.6 ,19.9 ,Correr
-7.3746004 ,19.819239 ,-0.34323275 ,-0.04188794 ,1.1414464 ,0.31590486 ,-19.6 ,18.7 ,19.7 ,Correr
-5.011198 ,5.148491 ,-3.108708 ,1.8378333 ,-2.1851542 ,-2.2916193 ,-19.800001 ,18.7 ,19.7 ,Correr
-5.266171 ,19.819239 ,-4.864098 ,-0.18325973 ,-0.21991168 ,0.9669132 ,-19.9 ,18.5 ,20.300001 ,Correr
2.432049 ,5.6094036 ,4.148213 ,-1.8535413 ,2.5987976 ,1.5097111 ,-19.800001 ,18.6 ,20.6 ,Correr
-10.904995 ,19.819239 ,0.9414384 ,-0.2443463 ,0.7365296 ,0.17976907 ,-19.7 ,18.5 ,20.2 ,Correr
-4.962165 ,4.2658925 ,-3.4421341 ,1.2967807 ,-2.432991 ,-1.6214123 ,-19.7 ,18.300001 ,20.300001 ,Correr
-3.383294 ,19.819239 ,-3.2361944 ,-0.26878095 ,-0.36477414 ,0.35430214 ,-19.5 ,18.5 ,20.7 ,Correr
3.3146477 ,5.76631 ,4.4620256 ,-2.0751982 ,2.8693237 ,1.7226415 ,-19.2 ,18.7 ,20.9 ,Correr
-13.288011 ,19.819239 ,2.8635418 ,-0.4310967 ,1.2636194 ,0.3228862 ,-19.300001 ,18.6 ,20.6 ,Correr
-5.5897903 ,4.020726 ,-3.80498 ,1.6493375 ,-2.2148247 ,-1.8465599 ,-19.0 ,18.4 ,20.2 ,Correr
-0.7747253 ,19.819239 ,-3.8442068 ,-0.7574735 ,-0.7330389 ,0.0034906615 ,-19.0 ,18.7 ,20.2 ,Correr
1.2552512 ,6.550842 ,4.177633 ,-1.5428724 ,2.897249 ,1.5271645 ,-19.0 ,18.9 ,19.7 ,Correr
-11.218807 ,18.809155 ,4.030533 ,-0.37175545 ,1.1117756 ,0.43284202 ,-19.1 ,18.800001 ,20.1 ,Correr
-6.9921412 ,4.1580195 ,-4.059953 ,1.546363 ,-2.7506413 ,-2.4609163 ,-19.300001 ,19.1 ,19.7 ,Correr
-1.0296983 ,19.819239 ,-4.6385455 ,-0.6126111 ,0.0226893 ,0.6091204 ,-19.300001 ,18.5 ,19.5 ,Correr
3.3146477 ,4.9523582 ,4.785645 ,-1.4573512 ,2.3300166 ,1.8832119 ,-19.300001 ,18.5 ,19.4 ,Correr
-10.120462 ,13.592016 ,6.1683826 ,0.17453307 ,0.84997606 ,0.5270899 ,-19.5 ,18.300001 ,19.300001 ,Correr
-5.2269444 ,2.6183755 ,-3.3244543 ,0.7976161 ,-2.7035174 ,-1.5027298 ,-19.9 ,18.5 ,19.6 ,Correr
0.5491724 ,19.819239 ,-3.275421 ,-0.7836535 ,-0.30194223 ,0.3001969 ,-19.6 ,18.6 ,19.800001 ,Correr
3.8834333 ,3.9422731 ,4.511059 ,-1.6737722 ,2.5150216 ,2.300346 ,-19.6 ,18.6 ,20.300001 ,Correr
-14.141189 ,13.297817 ,7.021561 ,0.21991168 ,0.83601344 ,0.36477414 ,-19.2 ,18.800001 ,20.300001 ,Correr
-6.0703163 ,1.5690639 ,-2.6183755 ,0.6527537 ,-2.3055818 ,-1.6353749 ,-19.2 ,18.800001 ,20.6 ,Correr
-0.2745862 ,19.819239 ,-0.9610517 ,-0.8569574 ,-0.21642101 ,0.45553133 ,-19.6 ,19.0 ,20.4 ,Correr
3.8147867 ,4.177633 ,4.707192 ,-0.9930932 ,2.3561964 ,2.2881286 ,-19.9 ,19.1 ,20.4 ,Correr
-12.189666 ,11.728753 ,6.9529147 ,0.5881765 ,0.39793542 ,0.4206247 ,-19.6 ,19.1 ,20.9 ,Correr
-7.1294346 ,0.34323275 ,-3.1577413 ,0.72431225 ,-1.788964 ,-1.6772629 ,-19.300001 ,18.800001 ,20.7 ,Correr
0.088259846 ,19.819239 ,1.1179581 ,-1.1205024 ,0.0 ,0.5672325 ,-19.5 ,18.4 ,20.2 ,Correr
5.423077 ,3.3734875 ,5.2857842 ,-0.70511365 ,2.2340233 ,1.567307 ,-19.6 ,18.4 ,20.0 ,Correr
-8.296426 ,12.130826 ,2.9812214 ,3.0438569 ,0.4031714 ,-1.4538605 ,-19.6 ,18.2 ,19.800001 ,Correr
-8.669079 ,1.4415776 ,-4.256086 ,1.6283937 ,-1.2548928 ,0.35255682 ,-19.300001 ,18.4 ,19.6 ,Correr
-2.7360554 ,10.238142 ,-2.2751427 ,-0.28448892 ,-0.23561965 ,0.4834566 ,-19.2 ,18.5 ,19.7 ,Correr
3.7853668 ,8.031646 ,2.1672697 ,-0.5410525 ,0.13788113 ,0.061086576 ,-19.7 ,19.1 ,19.2 ,Correr
-11.758173 ,12.336765 ,-5.6976633 ,-0.061086576 ,0.013962646 ,0.1535891 ,-20.0 ,20.300001 ,18.5 ,Correr
-5.5015306 ,0.00980665 ,-1.3925443 ,0.085521206 ,-0.4886926 ,1.4503698 ,-20.0 ,21.1 ,18.5 ,Correr
-7.6001534 ,13.974476 ,-4.030533 ,0.02443463 ,-0.8953547 ,-0.60388446 ,-19.9 ,21.5 ,18.5 ,Correr
5.9428296 ,5.423077 ,1.9515233 ,-1.0314904 ,0.60562974 ,-0.07679455 ,-19.6 ,22.2 ,18.5 ,Correr
-10.385242 ,14.200028 ,-2.490889 ,-2.0594902 ,0.6632257 ,1.2863088 ,-19.800001 ,23.2 ,18.2 ,Correr
-5.2465577 ,1.0198916 ,-2.3045628 ,0.907572 ,-0.83950406 ,-0.30368754 ,-19.800001 ,23.0 ,18.2 ,Correr
-5.1779113 ,18.524761 ,-1.4906107 ,-1.1414464 ,-0.59690315 ,0.20071304 ,-19.7 ,22.6 ,18.0 ,Correr
5.4524975 ,2.5987623 ,4.5404787 ,-1.7243868 ,1.4172086 ,1.4311712 ,-19.300001 ,22.1 ,18.1 ,Correr
-8.688692 ,11.748366 ,4.0991797 ,0.5061459 ,0.45029533 ,0.63704574 ,-19.300001 ,20.9 ,18.300001 ,Correr
-6.3449025 ,-1.2552512 ,-3.1577413 ,1.4206992 ,-1.335178 ,-1.31947 ,-19.6 ,20.2 ,18.2 ,Correr
-2.6674087 ,19.064127 ,4.932745 ,-0.65624434 ,-0.33859417 ,0.60562974 ,-19.800001 ,19.7 ,18.1 ,Correr
3.8344 ,3.7461402 ,4.579705 ,-2.2252967 ,1.7907094 ,1.5760337 ,-20.300001 ,18.800001 ,17.9 ,Correr
-9.767424 ,12.778065 ,4.511059 ,0.38920876 ,1.0873411 ,0.54279786 ,-20.800001 ,17.800001 ,18.0 ,Correr
-4.9425516 ,-0.2353596 ,-2.8929617 ,1.2164955 ,-2.1101048 ,-1.5865057 ,-20.9 ,17.7 ,17.7 ,Correr
-0.12748645 ,18.044235 ,6.2860627 ,-0.26354495 ,0.015707977 ,0.33859417 ,-20.800001 ,17.800001 ,17.6 ,Correr
5.1288776 ,2.6379888 ,5.570177 ,-1.9687331 ,1.2356942 ,0.9093173 ,-20.800001 ,17.5 ,17.800001 ,Correr
-6.6587152 ,13.327237 ,2.2261095 ,0.30892354 ,0.92327994 ,0.6003938 ,-20.800001 ,17.6 ,17.6 ,Correr
-6.9627213 ,-1.4023509 ,-3.1969678 ,1.155409 ,-1.6266483 ,-1.3264514 ,-20.800001 ,17.6 ,17.1 ,Correr
-1.3631244 ,16.357492 ,6.7862015 ,-0.70511365 ,0.30368754 ,0.41015273 ,-21.0 ,17.7 ,17.300001 ,Correr
4.4129925 ,1.9711366 ,5.011198 ,-1.3683393 ,1.6929709 ,1.155409 ,-20.7 ,17.800001 ,17.7 ,Correr
-6.237029 ,13.55279 ,2.294756 ,0.90059066 ,0.106465176 ,0.5201086 ,-20.5 ,17.9 ,17.6 ,Correr
-7.531507 ,-1.0983448 ,-3.108708 ,0.8988453 ,-0.6021391 ,-1.747076 ,-20.6 ,17.800001 ,17.800001 ,Correr
-0.17651969 ,16.524204 ,8.394492 ,-0.9651679 ,0.44855002 ,0.45029533 ,-20.5 ,18.1 ,18.4 ,Correr
4.903325 ,1.6180972 ,5.9232163 ,-1.2496568 ,1.7086788 ,0.95120525 ,-20.4 ,18.0 ,18.6 ,Correr
-7.0705943 ,12.199472 ,1.2748644 ,1.171117 ,-0.05061459 ,0.67195237 ,-20.4 ,17.800001 ,18.800001 ,Correr
-6.8548484 ,-1.0983448 ,-1.3631244 ,0.86568403 ,-1.2950354 ,-0.88313735 ,-20.6 ,17.800001 ,19.1 ,Correr
-0.20593965 ,16.01426 ,6.717555 ,-0.73129356 ,0.6824243 ,0.15707977 ,-20.4 ,18.2 ,19.4 ,Correr
6.521422 ,2.3437893 ,5.119071 ,-1.113521 ,0.8621934 ,-0.30368754 ,-20.5 ,18.6 ,19.4 ,Correr
-4.2462792 ,12.778065 ,1.3827376 ,1.192061 ,-0.5497792 ,0.26529026 ,-20.800001 ,18.7 ,19.4 ,Correr
-9.120184 ,-2.353596 ,-3.079288 ,1.3177247 ,-0.7225669 ,-0.6300644 ,-20.800001 ,18.800001 ,19.4 ,Correr
-3.6774936 ,12.807485 ,6.335096 ,-0.9861119 ,0.8115788 ,0.4764753 ,-20.5 ,18.6 ,19.4 ,Correr
5.0013914 ,2.294756 ,4.2462792 ,-1.0506891 ,1.0349811 ,-0.052359924 ,-20.4 ,18.9 ,19.300001 ,Correr
-6.2762556 ,13.748923 ,-0.28439283 ,0.9808759 ,-0.8848827 ,-0.106465176 ,-20.6 ,19.1 ,19.1 ,Correr
-8.718112 ,-1.3631244 ,-2.432049 ,1.5341457 ,-1.562071 ,-0.40666208 ,-20.2 ,19.2 ,19.1 ,Correr
-3.7657535 ,12.621159 ,3.7167203 ,-0.7714362 ,0.9529506 ,0.21642101 ,-19.9 ,18.6 ,19.4 ,Correr
7.149048 ,4.118793 ,4.5502853 ,-1.1466823 ,1.4172086 ,0.043633267 ,-19.5 ,18.2 ,19.300001 ,Correr
-5.521144 ,11.316874 ,-0.55897903 ,1.8186346 ,-1.2758368 ,-0.49567392 ,-19.300001 ,18.2 ,19.300001 ,Correr
-7.8159 ,-0.89240515 ,-2.912575 ,0.7976161 ,-2.0455277 ,-0.10471985 ,-19.300001 ,18.5 ,19.2 ,Correr
-1.5004175 ,12.768258 ,1.2748644 ,-1.3962646 ,1.2566382 ,0.033161283 ,-19.300001 ,18.7 ,19.300001 ,Correr
6.5998755 ,4.628739 ,6.1389627 ,-1.1449369 ,1.3945193 ,0.5707232 ,-19.6 ,18.9 ,19.7 ,Correr
-5.1288776 ,10.110656 ,-1.0689248 ,1.9233545 ,-1.4695685 ,-1.514947 ,-19.6 ,18.6 ,19.7 ,Correr
-3.7559469 ,4.452219 ,-1.6475172 ,0.5742138 ,-1.9774598 ,0.066322565 ,-19.6 ,18.7 ,19.800001 ,Correr
1.1081514 ,12.052373 ,5.1288776 ,-1.139701 ,2.4993136 ,0.79238015 ,-19.4 ,18.800001 ,19.800001 ,Correr
3.4323275 ,13.513563 ,6.639102 ,-0.80983347 ,1.387538 ,0.3351035 ,-19.4 ,18.7 ,19.800001 ,Correr
-3.726527 ,7.63938 ,-1.1964113 ,2.2497313 ,-1.8430693 ,-1.841324 ,-19.6 ,18.2 ,19.7 ,Correr
-4.481639 ,10.051816 ,-1.3238977 ,0.26878095 ,-1.836088 ,0.47996596 ,-19.7 ,17.800001 ,19.9 ,Correr
2.1378496 ,8.747532 ,4.7464185 ,-0.76445484 ,2.6773374 ,1.2199862 ,-19.7 ,17.300001 ,20.0 ,Correr
-1.5102241 ,17.85791 ,4.8248715 ,-0.99483854 ,1.3247061 ,0.5218539 ,-19.6 ,16.6 ,19.300001 ,Correr
-3.7755601 ,8.0120325 ,-1.5494506 ,2.5307295 ,-2.506295 ,-1.551599 ,-19.9 ,16.7 ,19.1 ,Correr
-4.2168593 ,14.700168 ,-2.520309 ,-0.14137179 ,-1.387538 ,0.50789124 ,-19.800001 ,16.7 ,19.0 ,Correr
3.2067745 ,7.982613 ,4.2168593 ,-0.9267706 ,2.9461184 ,1.3631033 ,-19.6 ,17.2 ,19.300001 ,Correr
-6.3449025 ,19.819239 ,2.5497289 ,-0.22165701 ,1.340414 ,0.24609163 ,-20.2 ,17.0 ,19.2 ,Correr
-4.883712 ,6.560649 ,-2.1966896 ,2.464407 ,-2.3579419 ,-2.417283 ,-20.5 ,17.0 ,18.9 ,Correr
-5.85457 ,19.819239 ,-5.82515 ,-0.2600543 ,-0.86568403 ,0.71209496 ,-20.1 ,17.1 ,19.1 ,Correr
5.325011 ,6.3154826 ,4.962165 ,-1.6388656 ,2.0455277 ,1.583015 ,-19.5 ,17.300001 ,19.300001 ,Correr
-11.454167 ,19.819239 ,2.294756 ,-0.07330389 ,1.2304581 ,0.31590486 ,-19.7 ,17.6 ,19.2 ,Correr
-3.9030466 ,4.9131317 ,-2.2163029 ,1.1990422 ,-2.146757 ,-1.5847603 ,-19.7 ,17.5 ,19.1 ,Correr
-2.8635418 ,19.819239 ,-1.6573238 ,-0.45553133 ,-0.464258 ,0.5951578 ,-20.0 ,17.4 ,19.2 ,Correr
4.6679654 ,4.4914455 ,4.560092 ,-1.4835311 ,2.1118503 ,1.8727399 ,-20.4 ,16.800001 ,19.0 ,Correr
-12.00334 ,16.249619 ,6.462582 ,-0.09773852 ,1.113521 ,0.4834566 ,-20.2 ,16.9 ,19.2 ,Correr
-6.207609 ,1.4906107 ,-3.500974 ,1.0541798 ,-2.5412016 ,-1.7121694 ,-20.0 ,17.2 ,19.2 ,Correr
1.8436501 ,19.819239 ,2.5497289 ,-0.5899218 ,-0.72431225 ,0.25830895 ,-20.2 ,17.4 ,19.0 ,Correr
3.6186538 ,1.8338435 ,4.393379 ,-0.70511365 ,2.0961423 ,1.9879317 ,-20.800001 ,17.4 ,18.7 ,Correr
-9.610517 ,15.0237875 ,8.727919 ,-0.057595916 ,0.8115788 ,0.5235992 ,-20.6 ,17.300001 ,19.1 ,Correr
-4.5502853 ,3.471554 ,-3.6480737 ,0.912808 ,-2.083925 ,-1.6580642 ,-20.300001 ,17.7 ,19.7 ,Correr
1.5592573 ,19.819239 ,4.06976 ,-0.8953547 ,-0.6894056 ,0.34732082 ,-20.2 ,18.0 ,20.0 ,Correr
4.285506 ,1.4611908 ,5.5309505 ,-0.73827493 ,2.19039 ,1.3823019 ,-19.9 ,18.5 ,20.0 ,Correr
-8.257199 ,10.8657675 ,6.4037423 ,1.408482 ,0.44505933 ,0.4310967 ,-19.6 ,18.5 ,19.9 ,Correr
-7.050981 ,-0.24516624 ,-1.90249 ,0.44680467 ,-1.6650455 ,-1.0384718 ,-19.5 ,18.2 ,19.9 ,Correr
3.412714 ,15.072821 ,5.874183 ,-1.1833342 ,-0.6981323 ,0.5375619 ,-19.4 ,18.300001 ,19.800001 ,Correr
6.6489086 ,-0.5491724 ,4.864098 ,-0.8080881 ,1.7505667 ,0.9197893 ,-19.2 ,18.5 ,20.2 ,Correr
-7.031368 ,11.159967 ,3.500974 ,2.1868994 ,0.027925292 ,-0.12915447 ,-19.1 ,18.300001 ,19.9 ,Correr
-8.178746 ,-0.61781895 ,-3.1185145 ,0.39619008 ,-1.2391849 ,0.19722238 ,-19.4 ,18.0 ,19.4 ,Correr
-3.108708 ,10.718668 ,5.7368903 ,-0.9250253 ,-0.45553133 ,0.54279786 ,-19.5 ,17.800001 ,19.7 ,Correr
6.413549 ,0.39226598 ,4.148213 ,-1.1641356 ,1.5428724 ,-0.026179962 ,-19.0 ,17.6 ,20.0 ,Correr
-7.394214 ,16.877245 ,2.9714148 ,1.1536636 ,0.57595915 ,0.7260576 ,-19.4 ,17.9 ,19.9 ,Correr
-4.6875787 ,-1.9711366 ,-2.991028 ,1.6580642 ,-1.6022136 ,-0.6457724 ,-19.6 ,17.6 ,20.0 ,Correr
-2.9616082 ,16.779179 ,2.687022 ,-1.0297451 ,-0.3577928 ,0.34383017 ,-19.6 ,17.7 ,20.300001 ,Correr
5.3348174 ,-0.17651969 ,4.6189322 ,-1.2444208 ,1.0751238 ,0.28099826 ,-19.5 ,17.800001 ,20.300001 ,Correr
-5.9428296 ,14.3569355 ,0.84337187 ,0.9459693 ,0.12915447 ,0.09773852 ,-19.800001 ,17.9 ,20.2 ,Correr
-7.4334407 ,-1.2552512 ,-2.1966896 ,2.0978875 ,-1.1519183 ,-0.29845157 ,-20.1 ,18.2 ,20.4 ,Correr
-3.7951734 ,12.817291 ,6.0703163 ,-0.9494599 ,-0.63355505 ,0.13788113 ,-20.2 ,18.0 ,20.300001 ,Correr
7.0607877 ,2.3143694 ,4.6679654 ,-1.1117756 ,1.1693716 ,-0.055850584 ,-20.5 ,18.1 ,20.1 ,Correr
-6.5116153 ,14.680554 ,0.4707192 ,1.2426755 ,0.23736498 ,0.1535891 ,-20.800001 ,18.2 ,20.0 ,Correr
-6.462582 ,-0.57859236 ,-1.372931 ,1.1152663 ,-1.2671101 ,-0.16755176 ,-20.800001 ,18.4 ,19.7 ,Correr
-3.167548 ,10.120462 ,5.325011 ,-0.5602512 ,-0.3752461 ,0.24783696 ,-20.6 ,18.2 ,19.7 ,Correr
6.717555 ,0.6472389 ,5.403464 ,-1.2391849 ,1.0245092 ,0.3054329 ,-20.800001 ,18.2 ,19.9 ,Correr
-5.8349566 ,14.494228 ,0.10787315 ,0.7976161 ,-0.23038366 ,0.30892354 ,-20.800001 ,18.5 ,19.7 ,Correr
-9.45361 ,-1.7848103 ,-1.7455837 ,1.0559251 ,-1.1885703 ,-0.017453307 ,-20.800001 ,18.5 ,19.2 ,Correr
-2.3732092 ,11.807206 ,3.4323275 ,-0.7539829 ,0.6475177 ,-0.3176502 ,-20.5 ,19.0 ,19.300001 ,Correr
8.502365 ,3.667687 ,5.040618 ,-0.83950406 ,1.0053105 ,-0.106465176 ,-20.1 ,19.0 ,19.4 ,Correr
-3.9520798 ,11.954306 ,0.74530536 ,1.4521152 ,-1.0053105 ,-0.07679455 ,-20.300001 ,18.9 ,19.0 ,Correr
-9.277091 ,-0.6766588 ,-2.2849493 ,1.2932901 ,-2.548183 ,-0.0680679 ,-20.5 ,19.1 ,19.1 ,Correr
-0.588399 ,13.58221 ,1.4906107 ,-0.8744107 ,1.2636194 ,-0.06981323 ,-20.5 ,18.9 ,19.5 ,Correr
8.355266 ,4.4326057 ,3.2852278 ,-1.1990422 ,1.5655617 ,0.034906615 ,-20.0 ,18.800001 ,19.300001 ,Correr
-3.9815 ,12.111213 ,-0.0392266 ,2.0455277 ,-1.9477891 ,-0.5602512 ,-20.2 ,18.7 ,19.4 ,Correr
-8.051259 ,0.83356524 ,-3.9324665 ,1.387538 ,-1.9233545 ,0.17976907 ,-20.2 ,18.6 ,19.4 ,Correr
0.34323275 ,13.915636 ,2.775282 ,-1.9181185 ,0.64402705 ,0.16406108 ,-19.9 ,18.6 ,19.6 ,Correr
8.884825 ,6.00167 ,4.059953 ,-0.9320066 ,1.7278775 ,0.54628855 ,-19.9 ,18.800001 ,19.5 ,Correr
-3.9030466 ,10.748088 ,-0.4511059 ,1.7400948 ,-1.6109403 ,-0.84648544 ,-19.800001 ,18.5 ,19.6 ,Correr
-6.6783285 ,0.7354987 ,-3.246001 ,1.2706008 ,-2.368414 ,-0.33684883 ,-19.800001 ,18.4 ,19.4 ,Correr
1.0983448 ,14.6511345 ,2.0397832 ,-1.2130048 ,1.1955515 ,0.12915447 ,-19.4 ,18.7 ,19.7 ,Correr
7.78648 ,4.1874394 ,4.903325 ,-1.1065397 ,1.5585804 ,0.35255682 ,-19.4 ,18.6 ,19.6 ,Correr
-4.4914455 ,9.934136 ,-0.51975244 ,1.8744853 ,-1.4172086 ,-1.1990422 ,-19.4 ,18.300001 ,19.7 ,Correr
-5.7859235 ,2.2751427 ,-2.7066352 ,0.45727664 ,-2.1554835 ,0.07155856 ,-19.1 ,18.2 ,19.800001 ,Correr
2.010363 ,12.081793 ,2.7360554 ,-1.3020167 ,1.9495344 ,0.35255682 ,-19.1 ,18.1 ,19.800001 ,Correr
5.2269444 ,5.0013914 ,5.5603704 ,-0.9320066 ,1.298526 ,0.13962646 ,-19.2 ,17.5 ,19.9 ,Correr
-3.9226599 ,9.149604 ,-0.9904716 ,1.7523121 ,-1.9495344 ,-0.9861119 ,-19.300001 ,17.4 ,19.6 ,Correr
-4.9523582 ,3.8245933 ,-2.0692031 ,0.40142608 ,-1.9722238 ,0.19373171 ,-19.300001 ,17.5 ,19.7 ,Correr
0.89240515 ,11.581654 ,4.3541527 ,-1.3945193 ,2.0542543 ,0.2094397 ,-19.300001 ,17.300001 ,19.7 ,Correr
5.1681046 ,4.726805 ,5.2759776 ,-0.42237005 ,1.2391849 ,0.14137179 ,-19.300001 ,17.0 ,19.9 ,Correr
-3.9128532 ,8.845598 ,-0.6864655 ,1.7715107 ,-2.0036397 ,-1.0733784 ,-19.7 ,16.7 ,19.4 ,Correr
-5.3642373 ,4.6091256 ,-2.2555294 ,0.5811951 ,-2.099633 ,0.12217315 ,-20.0 ,17.0 ,19.5 ,Correr
2.5006957 ,11.012868 ,3.5303938 ,-1.4486245 ,2.0123663 ,0.5515245 ,-19.9 ,16.9 ,19.7 ,Correr
3.6186538 ,7.1588545 ,5.423077 ,-0.62308306 ,1.160645 ,0.42935136 ,-19.9 ,16.9 ,19.7 ,Correr
-4.7954516 ,8.825985 ,-0.9610517 ,1.799436 ,-2.1572287 ,-1.2077689 ,-19.7 ,17.0 ,19.4 ,Correr
-5.374044 ,3.8736267 ,-2.2849493 ,0.27401692 ,-2.4137924 ,0.24958229 ,-19.9 ,16.9 ,19.4 ,Correr
2.324176 ,11.110934 ,3.000835 ,-1.1623902 ,2.5394561 ,0.59341246 ,-19.800001 ,16.7 ,19.4 ,Correr
4.481639 ,6.1389627 ,4.5993185 ,-0.7033683 ,1.2304581 ,0.3735008 ,-20.1 ,16.7 ,19.300001 ,Correr
-3.6088471 ,9.492837 ,-1.4219642 ,2.1205769 ,-2.3893578 ,-1.3805566 ,-19.9 ,16.7 ,19.300001 ,Correr
-4.1874394 ,5.4132705 ,-3.0204482 ,0.62657374 ,-2.506295 ,0.33161286 ,-19.6 ,16.7 ,19.7 ,Correr
1.9417167 ,10.120462 ,3.2263877 ,-1.8709946 ,2.2968552 ,0.8412494 ,-19.300001 ,16.800001 ,19.7 ,Correr
3.4323275 ,8.0120325 ,5.3642373 ,-0.5270899 ,1.6388656 ,0.2617996 ,-19.300001 ,17.0 ,20.0 ,Correr
-4.3835726 ,7.6295733 ,-2.3928225 ,1.8936839 ,-2.7995105 ,-0.84997606 ,-19.2 ,17.1 ,20.2 ,Correr
-5.9722495 ,7.4432473 ,-2.5693421 ,0.44505933 ,-1.7366041 ,0.5550152 ,-18.800001 ,17.4 ,20.6 ,Correr
2.7948952 ,7.9728065 ,3.9324665 ,-0.9965839 ,2.9321556 ,1.0925771 ,-18.7 ,17.800001 ,20.6 ,Correr
-1.372931 ,19.819239 ,4.7660317 ,-0.25656363 ,1.0227638 ,0.25132763 ,-18.7 ,18.4 ,20.6 ,Correr
-2.991028 ,5.6682434 ,-2.4222424 ,2.432991 ,-2.4766243 ,-1.9338264 ,-18.7 ,18.300001 ,20.5 ,Correr
-5.393657 ,16.88705 ,-2.687022 ,0.20071304 ,-1.1903156 ,0.51312727 ,-18.6 ,18.2 ,20.4 ,Correr
2.3928225 ,8.257199 ,3.7069137 ,-1.0314904 ,2.8413985 ,1.4922578 ,-18.2 ,18.0 ,20.6 ,Correr
-2.0888164 ,19.034708 ,3.4323275 ,-0.51836324 ,1.4241899 ,0.34557548 ,-18.2 ,18.2 ,20.4 ,Correr
-4.226666 ,7.1588545 ,-3.1185145 ,1.984441 ,-2.5394561 ,-1.799436 ,-18.4 ,18.2 ,20.5 ,Correr
-4.501252 ,15.406247 ,-2.657602 ,0.5445432 ,-0.86044806 ,0.5811951 ,-18.300001 ,18.300001 ,20.300001 ,Correr
2.2849493 ,8.031646 ,4.167826 ,-1.0873411 ,3.0106955 ,1.1117756 ,-18.1 ,18.5 ,20.300001 ,Correr
-1.6671305 ,19.819239 ,3.0302548 ,-0.2949609 ,1.3020167 ,0.30368754 ,-18.2 ,18.2 ,20.300001 ,Correr
-3.0302548 ,5.315204 ,-3.3440676 ,2.0402915 ,-2.9304104 ,-1.6057043 ,-18.4 ,18.5 ,20.6 ,Correr
-4.9719715 ,19.819239 ,-4.197246 ,0.27925292 ,-0.49218327 ,0.3700101 ,-18.7 ,18.4 ,20.0 ,Correr
3.2558076 ,7.5118937 ,4.2953124 ,-1.4521152 ,3.1276326 ,1.799436 ,-19.300001 ,18.6 ,19.800001 ,Correr
-8.796565 ,19.819239 ,2.687022 ,-0.31415954 ,1.0506891 ,0.07155856 ,-19.300001 ,18.6 ,20.0 ,Correr
-4.167826 ,3.2067745 ,-2.2751427 ,1.8884479 ,-2.5953069 ,-1.7715107 ,-19.300001 ,18.7 ,20.300001 ,Correr
-5.3348174 ,19.819239 ,-2.3928225 ,-0.5777045 ,-0.39444476 ,0.7574735 ,-19.800001 ,18.2 ,20.4 ,Correr
3.6284604 ,5.570177 ,4.8052583 ,-1.747076 ,2.0455277 ,1.8884479 ,-20.2 ,18.0 ,20.0 ,Correr
-11.787593 ,18.70128 ,4.844485 ,-0.27925292 ,1.082105 ,0.44505933 ,-20.0 ,18.0 ,19.9 ,Correr
-5.76631 ,3.3734875 ,-3.9030466 ,1.0960677 ,-3.134614 ,-2.1432662 ,-20.0 ,17.6 ,19.7 ,Correr
-0.26477954 ,19.819239 ,-1.6769371 ,-0.8045975 ,-0.44680467 ,0.44331402 ,-20.2 ,17.6 ,19.800001 ,Correr
5.0504246 ,3.7461402 ,4.7660317 ,-1.134465 ,2.0786889 ,1.8430693 ,-20.2 ,17.800001 ,19.7 ,Correr
-8.796565 ,13.288011 ,9.179024 ,0.2042037 ,1.0105464 ,0.42935136 ,-20.6 ,17.300001 ,19.4 ,Correr
-6.3449025 ,1.4513842 ,-3.1871612 ,-0.0226893 ,-2.6721015 ,-1.7784921 ,-20.7 ,17.1 ,19.0 ,Correr
-0.60801226 ,19.819239 ,3.559814 ,-0.89011866 ,0.04886926 ,0.44680467 ,-20.2 ,17.300001 ,19.0 ,Correr
3.3146477 ,3.079288 ,4.9229383 ,-1.0018198 ,2.2252967 ,1.8709946 ,-20.2 ,17.0 ,19.300001 ,Correr
-7.502087 ,11.669913 ,6.9529147 ,0.4817113 ,0.8045975 ,0.6283191 ,-20.300001 ,16.9 ,19.300001 ,Correr
-6.0408964 ,0.84337187 ,-2.1966896 ,0.86044806 ,-2.7035174 ,-1.4102273 ,-20.2 ,17.0 ,19.5 ,Correr
3.0890946 ,19.819239 ,3.6480737 ,-0.7871442 ,-0.44331402 ,0.5410525 ,-20.0 ,17.2 ,19.6 ,Correr
3.4323275 ,3.1969678 ,5.4819174 ,-1.0157825 ,2.26893 ,1.2252222 ,-19.5 ,17.300001 ,19.9 ,Correr
-5.070038 ,11.365907 ,6.080123 ,1.0227638 ,0.21642101 ,0.9320066 ,-19.300001 ,17.5 ,19.800001 ,Correr
-6.4233556 ,-1.7161638 ,-2.8635418 ,0.24085565 ,-2.1659555 ,-1.6790081 ,-19.2 ,17.6 ,19.5 ,Correr
3.9324665 ,19.515232 ,4.7660317 ,-0.7504922 ,-0.029670622 ,0.56897783 ,-19.1 ,17.7 ,19.5 ,Correr
5.148491 ,2.9223816 ,5.011198 ,-1.3124887 ,2.2130795 ,0.72780293 ,-18.7 ,18.1 ,19.5 ,Correr
-5.070038 ,12.778065 ,3.4421341 ,0.670207 ,0.53581655 ,0.29147023 ,-18.4 ,18.2 ,19.4 ,Correr
-7.3157606 ,-1.706357 ,-2.3634026 ,1.1257384 ,-1.5428724 ,-0.78539884 ,-18.5 ,18.0 ,19.0 ,Correr
0.65704554 ,12.130826 ,7.3451805 ,-0.92327994 ,-0.58294046 ,0.11519183 ,-18.4 ,18.2 ,19.300001 ,Correr
5.88399 ,1.0395049 ,4.7954516 ,-0.41538873 ,2.0909061 ,1.082105 ,-18.5 ,18.2 ,19.300001 ,Correr
-5.903603 ,14.729588 ,3.4225209 ,0.64053637 ,0.23561965 ,0.5410525 ,-18.800001 ,18.1 ,19.1 ,Correr
-6.4723887 ,-1.1669914 ,-2.5105023 ,1.350886 ,-1.7924547 ,-1.2915448 ,-18.9 ,18.2 ,19.0 ,Correr
0.5295591 ,17.347963 ,3.8245933 ,-0.96167725 ,0.5218539 ,0.49916458 ,-18.800001 ,18.300001 ,19.1 ,Correr
6.8744617 ,3.3931007 ,5.982056 ,-1.5812696 ,1.8273613 ,0.055850584 ,-19.0 ,18.800001 ,19.2 ,Correr
-4.373766 ,14.602101 ,2.687022 ,1.2775822 ,-0.5009099 ,0.31939554 ,-19.300001 ,19.0 ,19.4 ,Correr
-7.963 ,-2.432049 ,-3.80498 ,1.2583835 ,-1.6563189 ,-0.696387 ,-19.300001 ,19.2 ,19.2 ,Correr
0.35303938 ,15.465087 ,6.9038815 ,-0.6178471 ,-0.28274357 ,0.53581655 ,-19.1 ,18.800001 ,19.0 ,Correr
5.0308113 ,0.8629852 ,5.4819174 ,-1.562071 ,1.2880541 ,0.4660033 ,-18.9 ,19.1 ,18.9 ,Correr
-5.1386843 ,14.896301 ,4.2168593 ,1.1362103 ,0.12915447 ,0.3054329 ,-18.9 ,19.5 ,18.9 ,Correr
-6.9627213 ,-3.1773546 ,-2.4516625 ,1.5812696 ,-1.535891 ,-0.7662002 ,-18.7 ,19.4 ,19.300001 ,Correr
-0.74530536 ,14.955141 ,6.237029 ,-0.7609642 ,-0.52534455 ,0.28623423 ,-18.7 ,19.0 ,19.4 ,Correr
7.4432473 ,1.343511 ,5.4524975 ,-0.8988453 ,1.7051882 ,0.6981323 ,-18.4 ,18.5 ,19.300001 ,Correr
-6.6783285 ,13.288011 ,2.128043 ,0.8848827 ,0.32114086 ,0.30892354 ,-18.4 ,18.1 ,19.300001 ,Correr
-7.109821 ,-2.128043 ,-2.2849493 ,1.1641356 ,-1.5952322 ,-0.4310967 ,-18.4 ,18.1 ,19.6 ,Correr
-0.8041453 ,15.416054 ,4.275699 ,-0.9529506 ,0.078539886 ,0.3857181 ,-18.5 ,18.0 ,19.800001 ,Correr
6.639102 ,2.4222424 ,6.413549 ,-1.5707977 ,0.97214925 ,0.13962646 ,-18.9 ,17.6 ,19.9 ,Correr
-7.502087 ,10.895188 ,2.353596 ,1.5847603 ,-0.39968073 ,0.55326986 ,-19.300001 ,17.2 ,19.7 ,Correr
-6.6194887 ,-0.71588546 ,-1.7259704 ,1.1588997 ,-1.2514021 ,-0.67718834 ,-19.6 ,17.1 ,19.5 ,Correr
-0.56878567 ,13.621436 ,5.8349566 ,-0.55850583 ,0.20769437 ,0.42760605 ,-19.300001 ,17.300001 ,19.800001 ,Correr
6.492002 ,1.2356379 ,5.040618 ,-1.4032459 ,1.2618741 ,0.06981323 ,-19.4 ,17.300001 ,20.0 ,Correr
-5.3348174 ,13.189944 ,1.8240368 ,0.68766034 ,-0.02094397 ,0.34033948 ,-19.7 ,17.6 ,19.800001 ,Correr
-9.855683 ,-3.7461402 ,-3.4421341 ,1.3089981 ,-1.1170117 ,-0.84648544 ,-19.6 ,17.7 ,19.9 ,Correr
0.24516624 ,15.6906395 ,6.4233556 ,-1.0506891 ,-0.15184377 ,0.3001969 ,-19.300001 ,17.9 ,20.2 ,Correr
7.198081 ,2.2751427 ,5.315204 ,-1.1955515 ,1.3212154 ,0.0907572 ,-18.800001 ,18.2 ,20.300001 ,Correr
-6.8450418 ,12.984004 ,1.0689248 ,1.4468791 ,-0.54279786 ,0.12217315 ,-18.4 ,18.2 ,20.6 ,Correr
-7.9041595 ,-2.3143694 ,-2.441856 ,1.4172086 ,-1.0297451 ,-0.8744107 ,-18.7 ,18.2 ,20.800001 ,Correr
-2.490889 ,14.298096 ,4.8248715 ,-0.84997606 ,-0.05061459 ,0.59341246 ,-18.7 ,17.9 ,20.9 ,Correr
6.7371683 ,2.353596 ,5.1386843 ,-1.2322035 ,1.1047944 ,0.0 ,-18.7 ,17.9 ,21.2 ,Correr
-4.9719715 ,15.092434 ,1.8044236 ,0.7400202 ,-0.07679455 ,0.58294046 ,-18.7 ,18.2 ,21.0 ,Correr
-6.433162 ,-1.8730701 ,-2.7948952 ,1.3997552 ,-1.7505667 ,-0.9320066 ,-18.6 ,18.2 ,20.9 ,Correr
-1.539644 ,16.033873 ,4.579705 ,-0.58643115 ,0.2949609 ,0.21816635 ,-18.7 ,18.2 ,20.9 ,Correr
4.834678 ,0.97085834 ,4.285506 ,-1.6441016 ,1.8675039 ,0.28972492 ,-18.7 ,18.0 ,20.800001 ,Correr
-5.0308113 ,16.769371 ,1.9515233 ,1.0088012 ,0.46774864 ,0.8988453 ,-18.7 ,18.5 ,20.800001 ,Correr
-6.796008 ,-2.1672697 ,-3.2950344 ,0.99832916 ,-1.350886 ,-1.2444208 ,-18.4 ,18.7 ,20.6 ,Correr
-1.0983448 ,19.08374 ,4.9719715 ,-0.56897783 ,0.0226893 ,0.4136434 ,-18.800001 ,19.1 ,20.6 ,Correr
4.864098 ,1.5984839 ,4.815065 ,-1.3177247 ,1.5760337 ,0.28797957 ,-18.800001 ,19.5 ,20.5 ,Correr
-5.0308113 ,13.49395 ,2.6674087 ,0.4258607 ,0.8569574 ,0.7487469 ,-18.4 ,19.5 ,20.7 ,Correr
-5.236751 ,-1.7848103 ,-3.0106416 ,1.377066 ,-2.026329 ,-0.97214925 ,-18.5 ,19.4 ,20.9 ,Correr
-1.3827376 ,17.65197 ,5.0210047 ,-0.7103496 ,-0.18325973 ,0.46076733 ,-18.9 ,19.4 ,20.7 ,Correr
5.2563643 ,0.6766588 ,4.9425516 ,-1.408482 ,1.4748045 ,1.0681424 ,-19.1 ,19.6 ,20.6 ,Correr
-7.404021 ,12.9447775 ,1.7946169 ,0.34208483 ,0.5777045 ,1.2322035 ,-19.2 ,19.5 ,20.300001 ,Correr
-6.364516 ,-0.57859236 ,-3.550007 ,0.70685893 ,-2.7000268 ,-1.5411271 ,-19.1 ,19.5 ,19.9 ,Correr
2.0593965 ,19.819239 ,2.5006957 ,-0.3298675 ,0.33335817 ,0.052359924 ,-18.7 ,19.4 ,19.4 ,Correr
4.932745 ,1.6867437 ,3.89324 ,-1.4259353 ,2.5656362 ,1.2147502 ,-18.800001 ,19.4 ,19.2 ,Correr
-9.943943 ,14.190222 ,5.148491 ,0.11693716 ,0.83252275 ,0.79238015 ,-18.9 ,19.300001 ,19.1 ,Correr
-7.001948 ,-0.10787315 ,-4.7660317 ,0.83077747 ,-3.0997074 ,-1.7592934 ,-19.0 ,19.4 ,18.800001 ,Correr
3.412714 ,19.819239 ,1.3631244 ,-0.52534455 ,0.6126111 ,0.28972492 ,-18.7 ,19.300001 ,19.1 ,Correr
4.324733 ,4.148213 ,4.089373 ,-1.7331134 ,2.4661524 ,1.5969776 ,-18.6 ,19.6 ,19.300001 ,Correr
-8.188553 ,13.650856 ,6.0899296 ,0.21816635 ,1.2130048 ,0.6475177 ,-18.7 ,19.5 ,19.6 ,Correr
-6.3449025 ,0.42168593 ,-3.6088471 ,0.8168148 ,-2.8832865 ,-2.2392592 ,-18.4 ,19.6 ,20.0 ,Correr
1.5886773 ,19.819239 ,0.9022118 ,-0.5515245 ,0.16406108 ,0.70162296 ,-19.0 ,19.6 ,19.7 ,Correr
4.6875787 ,1.176798 ,4.932745 ,-1.6126856 ,1.9163731 ,1.7139148 ,-19.6 ,19.1 ,19.300001 ,Correr
-9.639936 ,12.356379 ,6.1683826 ,-0.15707977 ,0.72431225 ,0.67718834 ,-19.2 ,19.2 ,19.7 ,Correr
-6.305676 ,0.6472389 ,-3.550007 ,1.4800404 ,-2.0664716 ,-1.8133986 ,-19.2 ,19.2 ,19.800001 ,Correr
-1.5592573 ,19.819239 ,1.735777 ,-0.46251264 ,-0.35604748 ,0.5393072 ,-19.6 ,19.1 ,18.800001 ,Correr
3.0890946 ,4.3835726 ,5.266171 ,-2.0926516 ,1.7418401 ,1.7331134 ,-20.2 ,18.5 ,18.7 ,Correr
-13.003617 ,15.033594 ,5.236751 ,0.10471985 ,0.43458736 ,0.5550152 ,-19.6 ,18.6 ,19.0 ,Correr
-4.8052583 ,2.8733485 ,-2.5006957 ,1.6371202 ,-2.548183 ,-1.8273613 ,-19.9 ,18.5 ,18.9 ,Correr
0.098066494 ,19.819239 ,-1.0395049 ,-0.7155856 ,0.14137179 ,0.14137179 ,-19.9 ,18.5 ,19.4 ,Correr
4.844485 ,3.4813607 ,3.7853668 ,-2.0455277 ,2.4783697 ,1.8971745 ,-19.6 ,19.1 ,19.7 ,Correr
-13.395884 ,16.347685 ,6.2762556 ,-0.2775076 ,1.2147502 ,0.7487469 ,-19.1 ,19.1 ,19.800001 ,Correr
-4.197246 ,1.8534569 ,-3.3734875 ,1.8867025 ,-3.0525835 ,-1.0716331 ,-18.6 ,19.4 ,20.300001 ,Correr
-6.8548484 ,19.819239 ,-5.3838506 ,-0.33335817 ,-0.21991168 ,0.30194223 ,-18.4 ,19.2 ,20.5 ,Correr
3.9030466 ,4.148213 ,3.5990405 ,-3.0072048 ,2.9321556 ,1.7086788 ,-18.0 ,19.800001 ,20.7 ,Correr
-12.611352 ,19.819239 ,3.1381278 ,-0.34208483 ,1.2531475 ,0.5567605 ,-17.800001 ,20.300001 ,21.0 ,Correr
-5.3642373 ,2.3634026 ,-4.815065 ,2.4539351 ,-3.3684883 ,-2.227042 ,-17.7 ,20.2 ,21.300001 ,Correr
-3.4029074 ,19.819239 ,-5.5799837 ,-0.033161283 ,-0.21991168 ,0.23561965 ,-17.5 ,19.7 ,20.9 ,Correr
3.3146477 ,6.0899296 ,4.1874394 ,-3.3911777 ,3.1974459 ,1.5341457 ,-17.7 ,19.300001 ,20.800001 ,Correr
-14.964948 ,19.819239 ,2.2163029 ,-0.4206247 ,1.2322035 ,0.82554144 ,-18.1 ,19.4 ,20.9 ,Correr
-5.1975245 ,2.5399222 ,-5.0308113 ,1.9792051 ,-3.5849094 ,-2.2200608 ,-18.9 ,19.2 ,20.9 ,Correr
-2.6772153 ,19.819239 ,-4.177633 ,-0.21642101 ,-0.0052359924 ,0.5916671 ,-19.300001 ,19.5 ,20.9 ,Correr
3.2558076 ,7.2078876 ,4.8739047 ,-2.6738467 ,3.0194223 ,1.5446178 ,-19.5 ,19.2 ,21.0 ,Correr
-14.386355 ,19.819239 ,1.147378 ,-0.036651947 ,0.79587084 ,0.6353004 ,-19.5 ,18.800001 ,20.9 ,Correr
-5.8937964 ,2.657602 ,-4.883712 ,2.368414 ,-2.9949875 ,-2.1921353 ,-19.9 ,19.7 ,21.1 ,Correr
-6.050703 ,19.819239 ,-8.041452 ,-0.1308998 ,0.21118502 ,0.84299475 ,-19.9 ,20.0 ,21.5 ,Correr
3.216581 ,7.4922805 ,5.746697 ,-2.621487 ,3.0805087 ,1.3281966 ,-19.6 ,20.300001 ,21.6 ,Correr
-8.13952 ,19.819239 ,0.4314926 ,-0.20245837 ,1.350886 ,0.8220508 ,-19.300001 ,20.0 ,21.300001 ,Correr
-4.4326057 ,4.3345394 ,-4.177633 ,3.0473475 ,-3.4348109 ,-2.654648 ,-18.9 ,20.0 ,21.2 ,Correr
-7.835513 ,19.819239 ,-6.354709 ,0.25656363 ,-0.8290321 ,0.7504922 ,-18.7 ,20.4 ,21.2 ,Correr
3.80498 ,6.7862015 ,4.7758384 ,-2.2881286 ,2.918193 ,0.9477146 ,-18.4 ,20.5 ,20.7 ,Correr
-9.963556 ,19.819239 ,-1.1277647 ,-0.6579897 ,1.1676263 ,0.5305805 ,-18.4 ,20.4 ,20.6 ,Correr
-5.1779113 ,6.0703163 ,-3.6578803 ,2.970553 ,-2.9897516 ,-1.609195 ,-18.0 ,19.800001 ,20.2 ,Correr
-5.5799837 ,19.819239 ,-4.756225 ,0.19198638 ,-1.7069335 ,0.09599319 ,-18.0 ,19.800001 ,19.7 ,Correr
4.197246 ,8.306232 ,3.2558076 ,-1.2775822 ,3.2916937 ,1.762784 ,-18.2 ,20.1 ,19.9 ,Correr
-3.000835 ,19.819239 ,4.4718323 ,-0.99832916 ,1.2112595 ,0.39269942 ,-18.4 ,20.300001 ,20.0 ,Correr
-4.1384063 ,5.7859235 ,-3.5696206 ,2.2741659 ,-2.3247805 ,-1.3910286 ,-18.4 ,20.300001 ,19.7 ,Correr
-4.7660317 ,11.601267 ,-2.0790098 ,0.2443463 ,-1.6266483 ,0.21816635 ,-18.4 ,19.7 ,19.5 ,Correr
3.559814 ,9.041731 ,3.9422731 ,-1.6196669 ,2.5412016 ,1.0053105 ,-18.9 ,19.5 ,19.5 ,Correr
2.9616082 ,12.287732 ,6.266449 ,-0.88313735 ,0.99483854 ,0.28972492 ,-18.7 ,19.4 ,19.5 ,Correr
-3.9324665 ,6.894075 ,-2.1672697 ,2.6651201 ,-2.0245836 ,-1.171117 ,-18.800001 ,19.300001 ,19.4 ,Correr
-4.5993185 ,6.335096 ,-3.049868 ,0.6126111 ,-2.221806 ,0.21293035 ,-18.800001 ,19.4 ,19.6 ,Correr
3.4323275 ,11.091321 ,2.0692031 ,-2.0612357 ,2.563891 ,0.76445484 ,-19.2 ,18.9 ,19.0 ,Correr
2.6477954 ,10.934415 ,5.6388235 ,-0.7766722 ,1.3386687 ,0.67369765 ,-19.0 ,18.800001 ,19.0 ,Correr
-3.5303938 ,6.7273617 ,-2.1672697 ,2.3945937 ,-1.8168893 ,-1.2863088 ,-19.0 ,18.6 ,19.4 ,Correr
-5.295591 ,6.237029 ,-2.3928225 ,0.8691747 ,-2.417283 ,-0.06283191 ,-19.2 ,18.6 ,19.6 ,Correr
3.471554 ,10.767701 ,2.0790098 ,-1.6685362 ,2.2340233 ,0.69115096 ,-19.6 ,18.5 ,19.4 ,Correr
2.7850885 ,8.659272 ,5.7270837 ,-1.3386687 ,1.4940032 ,0.5550152 ,-19.6 ,18.7 ,19.6 ,Correr
-3.0989013 ,8.188553 ,-2.775282 ,2.4993136 ,-2.247986 ,-1.2269676 ,-19.6 ,18.800001 ,19.9 ,Correr
-5.8937964 ,4.1089864 ,-3.8442068 ,0.73478425 ,-2.2619486 ,0.19547704 ,-19.7 ,18.5 ,19.9 ,Correr
2.3045628 ,10.904995 ,2.441856 ,-1.4556059 ,2.448699 ,0.7400202 ,-19.6 ,18.300001 ,20.1 ,Correr
4.1285996 ,7.7178335 ,4.864098 ,-1.0000745 ,1.4887671 ,0.055850584 ,-19.6 ,18.2 ,20.2 ,Correr
-3.334261 ,7.6688 ,-2.265336 ,2.1711915 ,-2.391103 ,-1.2130048 ,-19.4 ,18.300001 ,20.0 ,Correr
-6.4821954 ,5.060231 ,-3.5205872 ,1.2025329 ,-2.675592 ,0.19198638 ,-19.1 ,18.2 ,19.800001 ,Correr
3.1871612 ,11.365907 ,1.4611908 ,-1.1798435 ,3.1171608 ,0.27925292 ,-18.2 ,18.300001 ,20.2 ,Correr
5.550564 ,7.7668667 ,3.7461402 ,-1.392774 ,1.37183 ,0.057595916 ,-17.800001 ,18.6 ,20.1 ,Correr
-3.500974 ,8.16894 ,-3.7363336 ,2.2916193 ,-2.1397755 ,-1.0402172 ,-17.800001 ,18.6 ,20.300001 ,Correr
-5.962443 ,4.736612 ,-3.0694814 ,1.1833342 ,-2.2497313 ,0.44505933 ,-17.800001 ,18.800001 ,20.4 ,Correr
0.5295591 ,10.5715685 ,1.2650578 ,-1.7174054 ,2.0961423 ,0.59690315 ,-17.6 ,18.9 ,20.5 ,Correr
5.0308113 ,8.1983595 ,4.736612 ,-1.0943223 ,1.3439047 ,0.1308998 ,-17.4 ,19.1 ,20.7 ,Correr
-3.7069137 ,7.227501 ,-2.6281822 ,2.6563933 ,-2.0926516 ,-1.1414464 ,-17.4 ,19.1 ,20.9 ,Correr
-6.0703163 ,4.560092 ,-3.079288 ,1.2095143 ,-2.4050658 ,0.23736498 ,-17.5 ,19.1 ,21.2 ,Correr
1.3827376 ,11.434553 ,1.7651969 ,-1.8186346 ,2.3387432 ,0.54803383 ,-17.7 ,19.5 ,21.2 ,Correr
3.6480737 ,7.423634 ,3.8540134 ,-1.2426755 ,1.4817858 ,0.25132763 ,-18.4 ,19.300001 ,21.300001 ,Correr
-4.2070527 ,8.659272 ,-2.4026291 ,2.237514 ,-1.9285905 ,-1.0105464 ,-18.6 ,19.300001 ,21.300001 ,Correr
-6.492002 ,3.4225209 ,-3.1871612 ,1.0070559 ,-2.4783697 ,-0.015707977 ,-18.4 ,19.2 ,21.5 ,Correr
1.2846711 ,11.4247465 ,0.9022118 ,-1.171117 ,2.4521897 ,0.40666208 ,-18.300001 ,19.5 ,21.7 ,Correr
7.1294346 ,6.923495 ,5.0013914 ,-1.4206992 ,1.3037621 ,0.120427825 ,-18.1 ,19.5 ,21.6 ,Correr
-4.403186 ,9.041731 ,-2.4516625 ,2.326526 ,-2.0559995 ,-0.8552121 ,-18.2 ,19.4 ,21.5 ,Correr
-7.8551264 ,2.2359161 ,-3.4617474 ,1.1746076 ,-2.3980844 ,0.07679455 ,-18.2 ,19.4 ,21.6 ,Correr
1.8240368 ,13.180138 ,1.1866046 ,-1.2444208 ,2.1345396 ,0.24085565 ,-18.0 ,19.1 ,21.5 ,Correr
6.7077484 ,6.541035 ,4.530672 ,-1.5201831 ,1.6790081 ,0.13439047 ,-17.5 ,19.4 ,21.5 ,Correr
-5.325011 ,9.65955 ,-1.93191 ,1.9826957 ,-1.0419625 ,-0.7138403 ,-17.5 ,19.4 ,21.4 ,Correr
-7.9335794 ,1.2356379 ,-3.3636808 ,1.2706008 ,-2.5865803 ,-0.4764753 ,-17.5 ,19.2 ,21.2 ,Correr
-0.7649187 ,14.709974 ,0.65704554 ,-1.0105464 ,1.6598096 ,0.44331402 ,-18.300001 ,18.800001 ,20.6 ,Correr
7.384407 ,5.2563643 ,4.4914455 ,-1.5428724 ,1.4486245 ,0.066322565 ,-18.5 ,19.0 ,20.300001 ,Correr
-5.442691 ,11.463974 ,-0.9022118 ,2.1694462 ,-1.5533444 ,-0.55326986 ,-18.4 ,19.4 ,20.6 ,Correr
-7.953193 ,0.00980665 ,-3.500974 ,1.7400948 ,-2.4626617 ,0.19722238 ,-18.300001 ,19.300001 ,20.4 ,Correr
-4.4424124 ,12.925164 ,1.93191 ,-0.9372426 ,1.0716331 ,0.4206247 ,-18.9 ,19.1 ,19.7 ,Correr
8.276813 ,4.726805 ,4.648352 ,-1.5865057 ,1.4800404 ,-0.11693716 ,-18.800001 ,19.1 ,19.6 ,Correr
-6.1781893 ,11.699333 ,-1.1081514 ,1.9163731 ,-1.1222477 ,-0.38746342 ,-18.300001 ,19.4 ,20.0 ,Correr
-7.943386 ,-0.18632634 ,-3.2067745 ,1.747076 ,-2.2095888 ,-0.45553133 ,-18.1 ,19.4 ,20.2 ,Correr
-2.0790098 ,15.092434 ,1.1964113 ,-1.1065397 ,0.79936147 ,0.19722238 ,-18.0 ,19.5 ,20.300001 ,Correr
7.4138274 ,4.8248715 ,4.560092 ,-1.3055074 ,1.1309743 ,0.2094397 ,-17.9 ,19.4 ,20.4 ,Correr
-5.7368903 ,11.052094 ,-1.706357 ,1.809908 ,-1.0419625 ,-0.31939554 ,-17.800001 ,19.300001 ,20.4 ,Correr
-7.6295733 ,-0.37265268 ,-3.3538742 ,1.562071 ,-2.2863834 ,-0.24085565 ,-17.800001 ,19.4 ,20.7 ,Correr
-2.098623 ,13.444917 ,1.0100849 ,-1.7400948 ,1.0367265 ,0.62308306 ,-18.2 ,19.4 ,20.9 ,Correr
6.413549 ,6.2958694 ,5.325011 ,-1.377066 ,1.6388656 ,0.31939554 ,-18.6 ,19.2 ,21.1 ,Correr
-5.1975245 ,9.610517 ,-1.0689248 ,2.1031237 ,-1.1466823 ,-0.38920876 ,-18.9 ,19.1 ,20.800001 ,Correr
-7.6688 ,0.36284605 ,-3.1479347 ,1.5481083 ,-1.862268 ,-0.6422817 ,-19.1 ,18.9 ,20.4 ,Correr
-4.020726 ,13.84699 ,1.735777 ,-1.1972969 ,0.65449905 ,0.7539829 ,-19.4 ,19.0 ,20.300001 ,Correr
6.364516 ,5.207331 ,5.3838506 ,-1.3892833 ,1.6022136 ,0.26529026 ,-19.5 ,18.800001 ,20.1 ,Correr
-4.834678 ,11.954306 ,-0.14709975 ,2.1013782 ,-1.2897995 ,-0.40491673 ,-19.5 ,18.7 ,20.4 ,Correr
-9.306511 ,-0.1569064 ,-4.020726 ,1.2252222 ,-2.1170862 ,-0.58643115 ,-19.800001 ,18.5 ,20.2 ,Correr
-1.7161638 ,15.327793 ,1.2258313 ,-0.459022 ,0.31590486 ,0.23561965 ,-19.9 ,18.9 ,20.5 ,Correr
9.031924 ,5.1092644 ,5.6192102 ,-1.5533444 ,1.0349811 ,0.10995584 ,-19.800001 ,18.800001 ,20.4 ,Correr
-3.3538742 ,11.9052725 ,0.2549729 ,1.6022136 ,-0.4206247 ,0.14137179 ,-19.6 ,18.800001 ,20.4 ,Correr
-9.247671 ,-0.93163174 ,-2.745862 ,1.609195 ,-2.1170862 ,-0.5235992 ,-19.5 ,18.800001 ,20.6 ,Correr
-2.7360554 ,14.190222 ,1.5886773 ,-0.6998776 ,0.20071304 ,0.39793542 ,-19.4 ,18.800001 ,20.9 ,Correr
5.79573 ,4.177633 ,5.2857842 ,-1.556835 ,1.2339488 ,0.06981323 ,-19.7 ,19.300001 ,21.4 ,Correr
-5.3642373 ,12.856518 ,-0.5001391 ,1.9477891 ,-0.6248284 ,0.108210504 ,-19.6 ,19.5 ,21.2 ,Correr
-8.531785 ,-0.38245934 ,-2.9616082 ,1.4625871 ,-1.567307 ,-0.670207 ,-19.300001 ,19.5 ,21.300001 ,Correr
-2.8341217 ,14.739394 ,2.9812214 ,-0.907572 ,-0.44331402 ,0.40142608 ,-19.0 ,19.2 ,20.9 ,Correr
5.462304 ,2.128043 ,5.7172766 ,-1.4660778 ,1.2618741 ,0.49741927 ,-19.1 ,19.300001 ,20.800001 ,Correr
-5.423077 ,13.709697 ,0.8139519 ,1.4852765 ,-0.20245837 ,0.40666208 ,-18.800001 ,19.5 ,21.5 ,Correr
-8.727919 ,-1.3925443 ,-3.1773546 ,0.7539829 ,-1.1152663 ,-1.0681424 ,-18.7 ,19.5 ,21.5 ,Correr
-2.2751427 ,10.993255 ,6.609682 ,-1.0594158 ,0.06283191 ,1.0454531 ,-18.7 ,19.4 ,21.4 ,Correr
5.9134097 ,3.471554 ,5.0013914 ,-1.1309743 ,1.9320811 ,0.21293035 ,-18.7 ,18.9 ,21.0 ,Correr
-4.8052583 ,13.954863 ,1.3631244 ,1.4835311 ,-0.27401692 ,0.226893 ,-18.7 ,18.7 ,20.9 ,Correr
-6.923495 ,-1.2160245 ,-2.098623 ,1.1658809 ,-1.4782951 ,-0.5916671 ,-18.7 ,19.0 ,20.9 ,Correr
-3.0890946 ,10.159689 ,5.3348174 ,-0.74525625 ,-0.27925292 ,0.06457724 ,-18.800001 ,19.1 ,20.9 ,Correr
4.403186 ,0.69627213 ,4.815065 ,-1.1519183 ,1.3421594 ,0.9704039 ,-18.800001 ,19.1 ,21.1 ,Correr
-4.628739 ,15.367021 ,0.65704554 ,1.4887671 ,-0.17802374 ,-0.32637686 ,-19.2 ,18.7 ,20.6 ,Correr
-7.7766733 ,-2.5399222 ,-2.5595355 ,1.5254191 ,-1.5987229 ,-0.087266535 ,-19.4 ,18.800001 ,20.6 ,Correr
-3.86382 ,9.120184 ,5.599597 ,-1.0349811 ,-0.061086576 ,0.22165701 ,-19.4 ,18.7 ,20.300001 ,Correr
6.3154826 ,3.9520798 ,4.9719715 ,-1.2234769 ,1.5481083 ,0.7871442 ,-19.5 ,18.9 ,20.1 ,Correr
-6.364516 ,13.592016 ,-0.60801226 ,1.0768691 ,-0.21118502 ,0.027925292 ,-19.800001 ,19.1 ,19.800001 ,Correr
-8.188553 ,-1.2748644 ,-2.3143694 ,1.2514021 ,-1.8343426 ,-0.53581655 ,-19.9 ,19.2 ,19.7 ,Correr
-2.7556686 ,11.56204 ,4.7464185 ,-0.8796467 ,0.35430214 ,0.1308998 ,-19.4 ,19.1 ,19.800001 ,Correr
5.599597 ,2.5105023 ,4.658159 ,-1.0716331 ,1.7697654 ,0.52883524 ,-19.1 ,18.9 ,19.800001 ,Correr
-7.364794 ,13.75873 ,0.0 ,1.3543767 ,-0.29845157 ,-0.12217315 ,-19.300001 ,19.1 ,19.4 ,Correr
-7.2078876 ,-0.79433864 ,-2.2555294 ,1.31947 ,-1.963497 ,-0.82030547 ,-19.2 ,19.1 ,19.1 ,Correr
-2.7948952 ,13.641049 ,3.0204482 ,-0.13264513 ,-0.31415954 ,0.10995584 ,-19.0 ,19.1 ,19.5 ,Correr
4.9719715 ,3.3538742 ,3.89324 ,-0.120427825 ,0.40142608 ,0.010471985 ,-18.6 ,19.300001 ,19.5 ,Correr
-6.158576 ,12.856518 ,0.55897903 ,0.65100837 ,-0.232129 ,0.08901187 ,-18.1 ,19.5 ,20.0 ,Correr
-5.4524975 ,0.78453195 ,-0.49033248 ,0.37699145 ,-0.38222742 ,0.11868249 ,-17.5 ,19.7 ,20.6 ,Correr
-0.65704554 ,8.521978 ,2.2849493 ,-0.5305805 ,-0.3351035 ,0.27401692 ,-17.2 ,19.9 ,20.800001 ,Correr
2.8145084 ,3.6578803 ,3.0302548 ,0.6422817 ,0.63355505 ,-0.2617996 ,-16.9 ,19.800001 ,20.9 ,Correr
-5.8153434 ,14.866881 ,1.6965504 ,0.12391848 ,1.3212154 ,0.34732082 ,-16.1 ,20.1 ,21.6 ,Correr
-3.7167203 ,7.100014 ,0.06864655 ,0.43982336 ,-0.7679455 ,-0.56548715 ,-15.400001 ,20.7 ,22.7 ,Correr
