-2.3609924 ,2.0438538 ,9.887207 ,-0.33914185 ,-0.11428833 ,0.5530548 ,0.105285645 ,5.6671143 ,-3.5461426 ,Andar
-2.5776062 ,2.103363 ,9.808655 ,0.17425537 ,-0.60092163 ,-0.17680359 ,1.0009766 ,6.7581177 ,-3.112793 ,Andar
-2.7537537 ,2.1628723 ,9.815796 ,-0.14404297 ,0.08129883 ,-0.17573547 ,2.0874023 ,5.7525635 ,-0.63323975 ,Andar
-2.9441833 ,2.4508972 ,9.546814 ,0.14430237 ,0.36766052 ,-0.052886963 ,1.2420654 ,5.053711 ,-1.8493652 ,Andar
-2.6180725 ,2.250946 ,9.232605 ,-0.20722961 ,0.29304504 ,0.753479 ,1.3458252 ,5.7022095 ,-2.6809692 ,Andar
-1.5397644 ,1.6534729 ,8.937439 ,-1.2232208 ,-0.033203125 ,1.0735931 ,0.55389404 ,7.98645 ,-3.2791138 ,Andar
-1.5231018 ,2.001007 ,8.766052 ,-0.90844727 ,1.1920776 ,2.6987305 ,1.2252808 ,12.982178 ,-0.6011963 ,Andar
-2.3038635 ,2.4318542 ,8.399475 ,-0.35339355 ,0.9294281 ,0.20083618 ,1.7593384 ,21.79718 ,-1.914978 ,Andar
-2.3014832 ,2.3628235 ,8.425659 ,-1.1517029 ,-0.09036255 ,-0.996521 ,-0.42877197 ,20.007324 ,-0.5340576 ,Andar
-2.063446 ,2.3866272 ,8.875549 ,-0.3731537 ,1.0432892 ,0.406662 ,-3.9077759 ,13.697815 ,-0.06713867 ,Andar
-2.0229797 ,2.398529 ,8.889832 ,-0.7088165 ,2.1730957 ,1.7758331 ,-0.8239746 ,14.942932 ,-5.7754517 ,Andar
-1.0137024 ,1.7225037 ,9.177856 ,-0.90197754 ,0.98902893 ,0.8755188 ,5.2383423 ,19.85321 ,-8.570862 ,Andar
-1.4136047 ,1.9629211 ,9.1397705 ,0.89811707 ,-0.014404297 ,-0.3152771 ,7.839966 ,23.519897 ,-7.7560425 ,Andar
-1.8444519 ,1.95578 ,9.063599 ,1.4532166 ,-1.4720154 ,-1.2056122 ,4.084778 ,19.052124 ,-11.982727 ,Andar
-2.2705383 ,1.8367615 ,8.825562 ,0.6616974 ,-1.8367767 ,-0.18133545 ,-0.6530762 ,14.875793 ,-10.635376 ,Andar
-2.506195 ,2.0938416 ,8.792236 ,-0.7335968 ,-0.38804626 ,-0.19378662 ,-2.1850586 ,12.504578 ,-5.1605225 ,Andar
-2.453827 ,2.4842224 ,8.930298 ,-0.32380676 ,2.3467102 ,1.6586609 ,0.63934326 ,13.7664795 ,-6.1920166 ,Andar
-2.7775574 ,2.834137 ,8.892212 ,-1.4354553 ,1.4337921 ,1.1611786 ,5.4275513 ,21.678162 ,-8.854675 ,Andar
-2.5228577 ,2.5223083 ,9.0564575 ,0.76161194 ,0.28385925 ,-0.70887756 ,8.030701 ,26.12915 ,-8.87146 ,Andar
-2.684723 ,2.5675354 ,9.037415 ,0.6943817 ,-2.0220947 ,-1.8676758 ,2.6901245 ,17.875671 ,-9.770203 ,Andar
-2.3824158 ,2.584198 ,8.949341 ,1.947815 ,-1.7359009 ,-0.26524353 ,-2.9785156 ,13.903809 ,-7.2235107 ,Andar
-1.9587097 ,2.3675842 ,9.115967 ,-1.0707397 ,0.33796692 ,0.71199036 ,-3.4255981 ,14.926147 ,-3.9962769 ,Andar
-1.7920837 ,2.250946 ,9.465881 ,-0.3658905 ,2.2855682 ,1.0225372 ,-0.42877197 ,17.176819 ,-6.1920166 ,Andar
-2.2134094 ,2.2080994 ,9.530151 ,-0.8202667 ,1.4612427 ,0.7883606 ,4.79126 ,20.262146 ,-10.635376 ,Andar
-2.8680115 ,1.846283 ,9.8396 ,2.0298462 ,-0.13009644 ,-0.23217773 ,7.185364 ,23.075867 ,-14.012146 ,Andar
-3.3417053 ,1.3725891 ,9.9157715 ,0.7756653 ,-2.425949 ,-0.38224792 ,4.0496826 ,15.67688 ,-16.142273 ,Andar
-3.6249695 ,0.98934937 ,9.994324 ,-0.98802185 ,-1.9248505 ,-0.43688965 ,-1.6677856 ,15.335083 ,-8.255005 ,Andar
-3.5606995 ,0.967926 ,10.046692 ,0.109954834 ,1.4409027 ,0.87338257 ,-2.4093628 ,13.885498 ,-3.6453247 ,Andar
-3.3417053 ,1.1321716 ,10.175232 ,-0.8812561 ,1.619278 ,0.6595917 ,2.0858765 ,16.801453 ,-10.08606 ,Andar
-3.1893616 ,1.4082947 ,10.215698 ,-0.8554077 ,0.839386 ,0.48912048 ,4.600525 ,20.620728 ,-9.587097 ,Andar
-3.096527 ,1.5820618 ,10.051453 ,0.61203 ,-0.87350464 ,-0.98750305 ,6.1523438 ,21.644592 ,-11.517334 ,Andar
-3.11557 ,1.6677551 ,9.889587 ,2.1140594 ,-1.7713623 ,-0.8751831 ,0.36468506 ,14.175415 ,-8.854675 ,Andar
-3.0822449 ,1.6463318 ,9.64679 ,-0.3710785 ,-0.73490906 ,-0.030456543 ,-2.8915405 ,14.0563965 ,-7.6400757 ,Andar
-3.1584167 ,1.6629944 ,9.444458 ,-0.29742432 ,1.6392975 ,1.0230713 ,-2.2033691 ,14.125061 ,-7.8720093 ,Andar
-3.263153 ,1.8224792 ,9.26593 ,-1.4208679 ,1.2258911 ,0.7158356 ,2.9312134 ,17.704773 ,-9.970093 ,Andar
-3.4512024 ,1.9867249 ,9.037415 ,-0.96954346 ,0.6261902 ,0.6576233 ,5.583191 ,22.001648 ,-6.4422607 ,Andar
-3.7082825 ,1.8677063 ,8.720825 ,2.4859314 ,-0.30947876 ,-0.64404297 ,6.9610596 ,22.821045 ,-11.035156 ,Andar
-3.7725525 ,2.186676 ,8.742249 ,1.7769165 ,-1.838913 ,-0.31726074 ,2.017212 ,14.755249 ,-13.546753 ,Andar
-3.9487 ,2.4270935 ,8.766052 ,-1.4835205 ,-1.3870544 ,0.043823242 ,-1.2893677 ,14.926147 ,-10.68573 ,Andar
-3.9058533 ,2.5722961 ,8.6779785 ,-0.85258484 ,0.91400146 ,0.7449951 ,-1.272583 ,15.727234 ,-5.7754517 ,Andar
-3.8606262 ,2.7270203 ,8.568481 ,-1.0054321 ,1.7261963 ,0.91963196 ,1.9317627 ,17.500305 ,-6.741333 ,Andar
-3.7225647 ,2.8269958 ,8.501831 ,1.5347137 ,1.5377808 ,0.41879272 ,6.0653687 ,21.183777 ,-10.435486 ,Andar
-3.6297302 ,2.8888855 ,8.513733 ,0.8787384 ,-1.5640869 ,-0.3635559 ,5.996704 ,18.86444 ,-17.52472 ,Andar
-3.4393005 ,2.7865295 ,8.487549 ,0.91456604 ,-1.8566437 ,0.46279907 ,0.3982544 ,14.994812 ,-14.878845 ,Andar
-3.2702942 ,2.6389465 ,8.423279 ,-1.437912 ,-0.75904846 ,-0.14881897 ,-3.5644531 ,17.552185 ,-7.45697 ,Andar
-3.2322083 ,2.6627502 ,8.513733 ,-0.85835266 ,1.2557983 ,0.6633911 ,-1.5136719 ,17.500305 ,-5.975342 ,Andar
-3.4059753 ,2.8436584 ,8.535156 ,-0.35990906 ,1.3736115 ,0.83877563 ,1.7425537 ,17.756653 ,-8.189392 ,Andar
-3.6106873 ,2.9793396 ,8.523254 ,1.2979126 ,0.9431 ,0.03074646 ,4.9468994 ,21.40503 ,-12.315369 ,Andar
-3.808258 ,3.0340881 ,8.668457 ,0.9021759 ,-1.385025 ,-0.6035614 ,5.101013 ,16.682434 ,-17.756653 ,Andar
-3.955841 ,2.936493 ,8.823181 ,0.44476318 ,-1.6022186 ,0.16789246 ,-0.7736206 ,14.039612 ,-13.68103 ,Andar
-4.027252 ,2.7936707 ,8.75177 ,-0.22789001 ,-0.11727905 ,0.18054199 ,-3.8391113 ,15.641785 ,-9.686279 ,Andar
-3.9986877 ,2.5342102 ,8.81366 ,-1.3178558 ,1.135315 ,0.66674805 ,-0.8590698 ,17.022705 ,-9.170532 ,Andar
-3.8820496 ,2.21286 ,8.885071 ,-1.4971924 ,0.5104675 ,0.6077881 ,2.241516 ,18.182373 ,-8.970642 ,Andar
-3.7154236 ,2.129547 ,8.839844 ,0.18707275 ,0.5917969 ,0.29478455 ,3.5858154 ,18.182373 ,-10.4019165 ,Andar
-3.5606995 ,2.096222 ,8.825562 ,2.1622925 ,-0.95521545 ,-1.0784454 ,4.73938 ,16.358948 ,-13.447571 ,Andar
-3.3631287 ,2.077179 ,8.766052 ,1.2413025 ,-1.4465485 ,-0.38786316 ,-0.5142212 ,14.329529 ,-11.399841 ,Andar
-3.1441345 ,2.224762 ,8.654175 ,-0.5639801 ,0.13908386 ,0.07159424 ,-2.0126343 ,11.82251 ,-10.185242 ,Andar
-2.8918152 ,2.3628235 ,8.437561 ,-1.5692902 ,1.4948425 ,0.99375916 ,0.45013428 ,13.954163 ,-10.668945 ,Andar
-2.5538025 ,2.4413757 ,8.351868 ,-1.1003265 ,1.1959229 ,0.9862213 ,5.152893 ,19.085693 ,-10.25238 ,Andar
-2.2324524 ,2.4270935 ,8.306641 ,1.5468903 ,0.10900879 ,-0.17370605 ,7.03125 ,22.479248 ,-10.334778 ,Andar
-2.0158386 ,2.4794617 ,8.325684 ,2.8129883 ,-2.0815887 ,-0.0335083 ,4.928589 ,16.204834 ,-15.693665 ,Andar
-1.8944397 ,2.5127869 ,8.266174 ,-0.87057495 ,-1.5177307 ,0.45066833 ,-0.23956299 ,13.613892 ,-14.727783 ,Andar
-1.8254089 ,2.8055725 ,8.292358 ,-0.94721985 ,-0.060455322 ,0.2924347 ,-2.3239136 ,14.619446 ,-9.619141 ,Andar
-1.7254333 ,3.0150452 ,8.473267 ,-1.1553345 ,2.1799774 ,0.55192566 ,1.1734009 ,16.06903 ,-8.804321 ,Andar
-1.742096 ,3.0983582 ,8.716064 ,-1.2402039 ,1.3460541 ,0.86520386 ,5.152893 ,19.667053 ,-9.187317 ,Andar
-1.723053 ,3.1626282 ,8.87793 ,1.2282257 ,0.36845398 ,-0.19276428 ,7.168579 ,23.092651 ,-9.802246 ,Andar
-1.6921082 ,3.1721497 ,9.142151 ,1.9536896 ,-2.0912628 ,-0.31410217 ,5.204773 ,17.60254 ,-15.327454 ,Andar
-1.6897278 ,3.1150208 ,9.282593 ,-1.0665283 ,-2.2769012 ,0.051193237 ,0.3982544 ,15.67688 ,-12.083435 ,Andar
-1.5588074 ,2.9483948 ,9.3706665 ,-0.20310974 ,0.09465027 ,-0.12724304 ,-1.461792 ,13.937378 ,-3.9291382 ,Andar
-1.3183899 ,2.7841492 ,9.434937 ,-0.42662048 ,2.5214539 ,1.3458099 ,1.8630981 ,15.693665 ,-6.541443 ,Andar
-0.95181274 ,2.5889587 ,9.727722 ,-1.5611725 ,0.7622223 ,0.5131073 ,5.290222 ,20.825195 ,-8.821106 ,Andar
-0.7066345 ,2.1628723 ,10.087158 ,-1.1156616 ,0.19136047 ,-0.41482544 ,6.3064575 ,23.878479 ,-3.678894 ,Andar
-0.60427856 ,2.0248108 ,10.437073 ,2.4584808 ,-0.9213562 ,-1.7588959 ,2.8442383 ,18.711853 ,-3.7948608 ,Andar
-0.6614075 ,1.9057922 ,10.646545 ,2.266159 ,-1.6573334 ,-0.17979431 ,0.50201416 ,13.801575 ,-9.65271 ,Andar
-0.82089233 ,1.76297 ,10.80603 ,-1.445755 ,0.10858154 ,0.5573273 ,-0.80718994 ,12.504578 ,-4.827881 ,Andar
-1.1684265 ,1.6320496 ,10.963135 ,-0.03744507 ,2.5289307 ,1.3757629 ,2.3101807 ,16.375732 ,-8.47168 ,Andar
-1.4374084 ,1.4582825 ,11.046448 ,-1.8317719 ,0.63783264 ,0.35144043 ,5.1879883 ,21.098328 ,-8.721924 ,Andar
-1.4588318 ,1.198822 ,11.286865 ,1.6891174 ,0.5582123 ,0.115875244 ,6.651306 ,24.082947 ,-7.473755 ,Andar
-1.1803284 ,0.73703 ,11.551086 ,1.4018402 ,-2.1214905 ,-0.7441864 ,4.8950195 ,19.581604 ,-13.696289 ,Andar
-0.79470825 ,0.2704773 ,11.76532 ,-0.01159668 ,-1.9534149 ,0.039657593 ,0.9841919 ,15.335083 ,-11.117554 ,Andar
-0.5661926 ,-0.058013916 ,11.981934 ,-0.96676636 ,-0.031707764 ,0.3502655 ,-0.20446777 ,14.942932 ,-3.8787842 ,Andar
-0.5090637 ,-0.3222351 ,12.119995 ,-0.55174255 ,2.354889 ,1.2674103 ,2.671814 ,17.858887 ,-6.059265 ,Andar
-0.69711304 ,-0.5221863 ,12.060486 ,-2.172348 ,0.5644531 ,0.6502991 ,5.429077 ,21.813965 ,-5.924988 ,Andar
-1.1041565 ,-0.50076294 ,11.965271 ,1.9763794 ,0.6995239 ,0.11357117 ,7.7713013 ,23.451233 ,-3.7963867 ,Andar
-1.5992737 ,-0.37698364 ,11.846252 ,1.4141846 ,-1.8731537 ,-1.0217285 ,4.774475 ,21.81549 ,-10.652161 ,Andar
-2.2253113 ,0.034820557 ,11.653442 ,0.6213684 ,-1.6885834 ,-0.15522766 ,0.9490967 ,16.256714 ,-9.387207 ,Andar
-2.653778 ,0.5180359 ,11.1154785 ,-0.63494873 ,0.08236694 ,0.29414368 ,-1.0665894 ,16.751099 ,-4.711914 ,Andar
-2.9394226 ,1.0845642 ,10.451355 ,-1.224762 ,1.7987213 ,0.98820496 ,1.1901855 ,18.165588 ,-6.3583374 ,Andar
-2.967987 ,1.5868225 ,9.675354 ,-1.1829987 ,0.6687622 ,0.5722809 ,4.79126 ,21.115112 ,-5.7754517 ,Andar
-2.8465881 ,1.8581848 ,8.977905 ,2.6038513 ,1.0019073 ,0.24708557 ,6.478882 ,23.26355 ,-6.941223 ,Andar
-2.6775818 ,2.0152893 ,8.313782 ,0.5526428 ,-2.2062988 ,-0.7501068 ,5.342102 ,20.059204 ,-14.69574 ,Andar
-2.3919373 ,1.9034119 ,7.7901 ,0.3456421 ,-1.7001648 ,-0.09535217 ,-0.050354004 ,16.01715 ,-9.819031 ,Andar
-2.1539001 ,1.7796326 ,7.3640137 ,-0.68382263 ,0.0256958 ,0.25205994 ,-1.5304565 ,16.01715 ,-5.592346 ,Andar
-1.999176 ,1.8534241 ,7.1140747 ,-0.74250793 ,1.9793854 ,1.1714935 ,1.9317627 ,16.648865 ,-5.908203 ,Andar
-1.8373108 ,1.7843933 ,7.037903 ,-1.6196442 ,0.3238678 ,0.36688232 ,5.342102 ,21.559143 ,-7.772827 ,Andar
-1.6492615 ,1.9224548 ,6.992676 ,2.4297485 ,0.86550903 ,0.28009033 ,5.618286 ,22.990417 ,-5.4763794 ,Andar
-1.4136047 ,1.9653015 ,6.9141235 ,0.5716553 ,-1.7291718 ,-1.0859833 ,3.791809 ,19.85321 ,-13.363647 ,Andar
-1.0827332 ,2.031952 ,7.006958 ,0.57518005 ,-1.0558777 ,0.39059448 ,0.4333496 ,14.994812 ,-11.549377 ,Andar
-0.9375305 ,2.058136 ,6.840332 ,-1.0823822 ,-0.033416748 ,0.5316925 ,-0.4623413 ,16.801453 ,-6.8573 ,Andar
-0.7018738 ,2.0248108 ,6.873657 ,-0.8636322 ,1.1564636 ,0.39743042 ,2.154541 ,18.370056 ,-6.524658 ,Andar
-0.5519104 ,1.7939148 ,6.8688965 ,-1.0606537 ,0.9537811 ,0.6827698 ,4.63562 ,19.93866 ,-4.9606323 ,Andar
-0.5780945 ,1.6820374 ,6.9022217 ,2.422638 ,0.60365295 ,0.06315613 ,5.6869507 ,22.410583 ,-7.939148 ,Andar
-0.68759155 ,1.5058899 ,6.9069824 ,1.4079895 ,-1.8024902 ,-0.31602478 ,3.8604736 ,18.659973 ,-15.394592 ,Andar
-0.9137268 ,1.4154358 ,6.852234 ,-0.9682617 ,-1.6560516 ,-0.053375244 ,0.69122314 ,15.080261 ,-10.768127 ,Andar
-1.0993958 ,1.3106995 ,6.9974365 ,-0.7403717 ,0.3184662 ,0.65997314 ,0.8468628 ,15.470886 ,-5.7266235 ,Andar
-1.3017273 ,1.3249817 ,7.2021484 ,-1.1395874 ,1.3073273 ,0.8746033 ,2.5512695 ,17.60254 ,-4.977417 ,Andar
-1.5397644 ,1.3178406 ,7.40448 ,-0.17326355 ,1.254303 ,0.6945801 ,5.342102 ,22.001648 ,-4.777527 ,Andar
-1.7397156 ,1.3725891 ,7.673462 ,1.6764069 ,-0.13954163 ,-0.36195374 ,5.996704 ,22.479248 ,-9.136963 ,Andar
-1.915863 ,1.2964172 ,8.063843 ,1.502945 ,-1.8246002 ,-0.2715912 ,3.2058716 ,18.38684 ,-13.497925 ,Andar
-2.191986 ,1.3083191 ,8.442322 ,-1.2467194 ,-1.6441498 ,-0.11607361 ,1.1047363 ,17.0578 ,-9.170532 ,Andar
-2.4919128 ,1.3583069 ,8.81604 ,0.05116272 ,1.0724487 ,0.85298157 ,0.86364746 ,17.330933 ,-3.7124634 ,Andar
-2.9108582 ,1.5749207 ,9.170715 ,-0.7781372 ,1.440628 ,0.421463 ,3.9993286 ,20.024109 ,-8.006287 ,Andar
-3.2203064 ,1.7796326 ,9.39447 ,-1.9213867 ,0.23013306 ,0.43795776 ,5.0323486 ,22.001648 ,-4.4784546 ,Andar
-3.4773865 ,2.0890808 ,9.625366 ,2.8785706 ,0.5981598 ,0.17921448 ,6.272888 ,23.434448 ,-5.6427 ,Andar
-3.634491 ,2.3056946 ,9.742004 ,0.51867676 ,-1.9315186 ,-0.99246216 ,3.378296 ,20.024109 ,-12.06665 ,Andar
-3.6130676 ,2.3842468 ,9.701538 ,0.15135193 ,-1.2072906 ,0.011947632 ,0.32958984 ,16.052246 ,-9.320068 ,Andar
-3.5226135 ,2.179535 ,9.592041 ,-0.3575592 ,0.76937866 ,0.5361786 ,-0.3768921 ,15.351868 ,-6.175232 ,Andar
-3.4607239 ,2.0486145 ,9.499207 ,-0.9070587 ,1.390213 ,0.62835693 ,2.3788452 ,17.398071 ,-8.87146 ,Andar
-3.3059998 ,1.9533997 ,9.589661 ,-1.3740845 ,0.25405884 ,0.40847778 ,4.6188354 ,22.207642 ,-5.6427 ,Andar
-3.0346375 ,2.1081238 ,9.682495 ,2.5200043 ,0.50064087 ,0.0181427 ,6.376648 ,24.525452 ,-8.67157 ,Andar
-2.832306 ,2.2747498 ,9.989563 ,1.4954071 ,-1.7839661 ,-0.80607605 ,2.9312134 ,16.853333 ,-15.194702 ,Andar
-2.8299255 ,2.3390198 ,10.622742 ,-0.97994995 ,-1.4288177 ,-0.08029175 ,-1.1184692 ,14.414978 ,-10.4522705 ,Andar
-3.063202 ,2.2485657 ,11.06311 ,-0.23643494 ,1.1989136 ,1.0824127 ,-1.2893677 ,15.505981 ,-6.7581177 ,Andar
-3.377411 ,2.1366882 ,11.4296875 ,-0.63153076 ,1.0454254 ,0.04499817 ,2.5863647 ,16.955566 ,-12.132263 ,Andar
-3.6273499 ,2.0176697 ,11.696289 ,-0.55052185 ,1.0186768 ,0.3758545 ,3.7399292 ,21.33789 ,-9.054565 ,Andar
-3.8177795 ,1.974823 ,11.851013 ,1.9765472 ,-0.32566833 ,0.041534424 ,5.0491333 ,21.302795 ,-16.175842 ,Andar
-3.9344177 ,2.0462341 ,11.9747925 ,2.4717255 ,-1.8390198 ,0.7626648 ,1.6906738 ,13.885498 ,-17.69104 ,Andar
-4.0796204 ,2.0367126 ,11.898621 ,-1.167511 ,-0.997406 ,0.5550232 ,-0.25634766 ,16.52832 ,-14.112854 ,Andar
-4.231964 ,1.7582092 ,11.674866 ,-1.454834 ,1.1508026 ,-0.046539307 ,0.7949829 ,17.90924 ,-11.633301 ,Andar
-4.422394 ,1.4797058 ,11.377319 ,-2.6278992 ,1.7095337 ,0.7967377 ,2.7236938 ,18.762207 ,-9.936523 ,Andar
-4.565216 ,1.2250061 ,11.1987915 ,0.40481567 ,0.8406677 ,0.2862854 ,6.92749 ,23.503113 ,-7.406616 ,Andar
-4.558075 ,1.0559998 ,10.798889 ,1.7307739 ,-1.0799103 ,-0.43293762 ,6.617737 ,22.27478 ,-12.098694 ,Andar
-4.443817 ,1.0012512 ,10.379944 ,1.6213379 ,-1.7105255 ,-0.2019043 ,1.2939453 ,15.67688 ,-13.047791 ,Andar
-4.2343445 ,1.070282 ,10.089539 ,-1.9607544 ,-1.1570282 ,-0.04434204 ,-1.5823364 ,16.886902 ,-9.936523 ,Andar
-4.1438904 ,1.2250061 ,9.765808 ,0.008377075 ,1.4777527 ,0.7091522 ,-1.461792 ,16.18805 ,-5.592346 ,Andar
-4.07724 ,1.4511414 ,9.377808 ,-1.2102356 ,1.0021667 ,0.5459442 ,1.914978 ,17.279053 ,-9.020996 ,Andar
-4.127228 ,1.6653748 ,8.913635 ,0.39033508 ,1.1514435 ,0.6504669 ,4.2053223 ,21.592712 ,-9.07135 ,Andar
-4.0939026 ,1.8105774 ,8.537537 ,1.6810455 ,-0.99964905 ,-0.45231628 ,6.617737 ,18.626404 ,-17.192078 ,Andar
-4.174835 ,2.0438538 ,8.209045 ,0.75953674 ,-1.8643341 ,-0.22181702 ,0.41656494 ,14.533997 ,-12.931824 ,Andar
-4.236725 ,2.2747498 ,7.911499 ,-0.9543152 ,-0.7267914 ,0.13269043 ,-4.1488647 ,17.108154 ,-9.120178 ,Andar
-4.3486023 ,2.308075 ,7.616333 ,-0.7983246 ,1.3630829 ,0.71551514 ,-1.927185 ,18.115234 ,-7.572937 ,Andar
-4.436676 ,2.372345 ,7.1569214 ,-1.0475159 ,1.1111145 ,0.462265 ,1.5701294 ,17.518616 ,-9.120178 ,Andar
-4.5937805 ,2.250946 ,6.8189087 ,1.5744019 ,0.89328 ,0.35614014 ,4.3426514 ,19.51294 ,-11.500549 ,Andar
-4.6056824 ,2.1247864 ,6.430908 ,0.66319275 ,-1.498352 ,-0.5310364 ,6.462097 ,16.699219 ,-16.47644 ,Andar
-4.584259 ,2.0509949 ,6.1190796 ,1.0211182 ,-1.436554 ,-0.33215332 ,-0.06713867 ,15.727234 ,-12.631226 ,Andar
-4.531891 ,2.0747986 ,5.838196 ,-1.1139526 ,-0.25756836 ,0.21482849 ,-3.753662 ,16.000366 ,-10.635376 ,Andar
-4.422394 ,2.3247375 ,5.5406494 ,-0.49887085 ,1.4521637 ,0.6607666 ,-1.083374 ,16.767883 ,-11.550903 ,Andar
-4.255768 ,2.6889343 ,5.378784 ,-1.6599121 ,0.30297852 ,0.35795593 ,2.482605 ,17.637634 ,-9.437561 ,Andar
-4.1010437 ,2.9460144 ,5.012207 ,0.7498169 ,1.1753082 ,0.63523865 ,5.0491333 ,20.41626 ,-8.189392 ,Andar
-3.9082336 ,3.129303 ,4.6765747 ,1.693222 ,-1.2702484 ,-0.4855957 ,6.892395 ,19.137573 ,-14.69574 ,Andar
-3.7868347 ,3.0674133 ,4.433777 ,0.27796936 ,-1.5926666 ,-0.25456238 ,0.86364746 ,16.06903 ,-11.999512 ,Andar
-3.672577 ,2.841278 ,3.9577026 ,-0.3267517 ,-0.09051514 ,0.040252686 ,-2.9266357 ,17.227173 ,-8.837891 ,Andar
-3.5916443 ,2.2271423 ,3.5697021 ,-1.1713562 ,1.2766724 ,0.5576935 ,0.3463745 ,17.60254 ,-9.902954 ,Andar
-3.558319 ,1.7486877 ,3.3269043 ,-0.6762848 ,0.49935913 ,0.35913086 ,3.1539917 ,18.43872 ,-8.854675 ,Andar
-3.5678406 ,1.5249329 ,3.2769165 ,1.4045715 ,-1.6778412 ,-0.8522186 ,6.9091797 ,21.678162 ,-6.9244385 ,Andar
-3.5487976 ,1.3773499 ,3.3911743 ,0.37580872 ,-1.4249725 ,0.1368103 ,5.3085327 ,18.55774 ,-13.729858 ,Andar
-3.513092 ,1.3321228 ,3.4625854 ,-0.71687317 ,-0.20822144 ,0.1268158 ,-1.2039185 ,14.329529 ,-12.831116 ,Andar
-3.5630798 ,1.2726135 ,3.6958618 ,-1.0068665 ,1.4952698 ,0.6356201 ,-4.2007446 ,16.716003 ,-7.572937 ,Andar
-3.4797668 ,1.2416687 ,3.8458252 ,-1.1358948 ,1.2575531 ,1.0711365 ,-2.9434204 ,15.403748 ,-6.425476 ,Andar
-3.5226135 ,1.0845642 ,3.7791748 ,1.32724 ,0.41758728 ,-0.090545654 ,2.293396 ,17.381287 ,-8.488464 ,Andar
-3.6011658 ,0.80844116 ,3.5506592 ,1.6180267 ,-1.7732239 ,-0.48350525 ,5.2734375 ,21.968079 ,-5.04303 ,Andar
-3.717804 ,0.1800232 ,3.6434937 ,-0.47857666 ,-2.1927795 ,-0.11073303 ,6.478882 ,20.297241 ,-11.3342285 ,Andar
-3.9986877 ,-0.30081177 ,4.39093 ,-0.5808563 ,0.01725769 ,0.20788574 ,0.9841919 ,14.21051 ,-13.214111 ,Andar
-4.2676697 ,-1.0339661 ,5.064575 ,-0.46191406 ,2.4434357 ,1.2683716 ,-2.2033691 ,15.284729 ,-10.368347 ,Andar
-4.4319153 ,-1.7695007 ,5.833435 ,-0.9438019 ,0.71292114 ,0.301239 ,-2.0141602 ,15.950012 ,-6.791687 ,Andar
-4.6271057 ,-2.0480042 ,6.973633 ,1.4769287 ,0.45144653 ,0.010925293 ,1.2588501 ,16.937256 ,-8.221436 ,Andar
-4.7604065 ,-1.7504578 ,7.885315 ,1.4644928 ,-1.8737946 ,-0.6127014 ,4.5150757 ,19.85321 ,-7.7072144 ,Andar
-4.879425 ,-1.2101135 ,8.975525 ,-0.30197144 ,-1.7512207 ,0.27438354 ,5.8761597 ,19.700623 ,-15.2771 ,Andar
-4.834198 ,-0.6174011 ,9.475403 ,-0.8970642 ,-0.1038208 ,0.046020508 ,1.0528564 ,13.801575 ,-14.245605 ,Andar
-5.0936584 ,-0.1913147 ,9.987183 ,-0.34779358 ,2.3810577 ,1.0114288 ,-2.8915405 ,14.704895 ,-9.736633 ,Andar
-5.42453 ,0.16098022 ,10.158569 ,-1.2045288 ,1.3603058 ,0.6160736 ,-2.822876 ,15.011597 ,-7.9727173 ,Andar
-5.87442 ,-0.029449463 ,10.637024 ,1.483017 ,0.25390625 ,-0.1456604 ,1.7593384 ,16.886902 ,-7.939148 ,Andar
-6.3005066 ,-0.43173218 ,10.860779 ,1.2857971 ,-2.256546 ,-0.23954773 ,4.722595 ,20.741272 ,-5.177307 ,Andar
-6.567108 ,-0.9149475 ,10.496582 ,-0.6504364 ,-2.0801544 ,0.2722931 ,6.5475464 ,22.821045 ,-9.703064 ,Andar
-6.5623474 ,-1.4767151 ,10.363281 ,-0.52290344 ,-0.2597046 ,0.044418335 ,2.3971558 ,17.14325 ,-13.148499 ,Andar
-6.398102 ,-1.9170837 ,11.113098 ,-0.64167786 ,2.4229736 ,1.0630798 ,-1.4968872 ,14.72168 ,-11.218262 ,Andar
-6.169586 ,-2.1336975 ,12.441345 ,-0.3324585 ,1.5947571 ,0.6504059 ,-1.7547607 ,14.602661 ,-6.541443 ,Andar
-6.2743225 ,-1.9861145 ,12.972168 ,2.1966858 ,0.12182617 ,-0.15666199 ,0.32958984 ,15.948486 ,-7.1899414 ,Andar
-6.4100037 ,-1.7361755 ,13.317322 ,1.5570984 ,-2.2937775 ,0.49505615 ,4.1885376 ,20.41626 ,-6.1584473 ,Andar
-6.3766785 ,-1.4790955 ,12.838867 ,-1.5928345 ,-1.9755859 ,0.15629578 ,6.3934326 ,21.917725 ,-9.286499 ,Andar
-6.1005554 ,-1.3695984 ,12.365173 ,-1.1465759 ,0.13581848 ,0.22247314 ,2.6382446 ,16.461182 ,-13.580322 ,Andar
-5.5102234 ,-1.3457947 ,12.396118 ,0.29431152 ,2.7512054 ,1.1673737 ,-1.7211914 ,14.807129 ,-8.837891 ,Andar
-5.1912537 ,-1.5076599 ,12.798401 ,-1.2122192 ,1.148346 ,0.16729736 ,-3.201294 ,14.942932 ,-2.8137207 ,Andar
-5.36026 ,-1.662384 ,13.43634 ,2.0054932 ,0.14100647 ,0.042816162 ,1.3290405 ,16.903687 ,-6.491089 ,Andar
-6.0767517 ,-1.5885925 ,15.116882 ,0.8793793 ,-2.691162 ,-0.07142639 ,5.015564 ,20.655823 ,-9.153748 ,Andar
-7.1479187 ,-1.579071 ,15.916687 ,-1.0273743 ,-1.8589935 ,-0.028274536 ,5.773926 ,21.064758 ,-10.418701 ,Andar
-7.752533 ,-1.7076111 ,15.87384 ,-0.3637085 ,0.7047577 ,0.45237732 ,2.241516 ,15.1474 ,-14.66217 ,Andar
-7.464508 ,-1.9789734 ,15.573914 ,0.2419281 ,2.719162 ,0.76475525 ,-1.8753052 ,14.039612 ,-10.618591 ,Andar
-6.548065 ,-2.3312683 ,15.066895 ,-1.4820709 ,0.8079376 ,0.16511536 ,-3.477478 ,14.363098 ,-4.244995 ,Andar
-5.5292664 ,-2.7121277 ,14.126648 ,1.9520264 ,-0.33293152 ,-0.20718384 ,0.4852295 ,15.385437 ,-8.305359 ,Andar
-4.9151306 ,-2.9811096 ,13.474426 ,2.294464 ,-2.3476105 ,0.42744446 ,4.8431396 ,19.973755 ,-9.65271 ,Andar
-4.565216 ,-3.252472 ,12.912659 ,-1.4914246 ,-1.677475 ,0.17675781 ,5.4977417 ,21.133423 ,-11.2838745 ,Andar
-4.239105 ,-3.4143372 ,12.070007 ,-0.97055054 ,0.96328735 ,0.6099243 ,3.2409668 ,15.216064 ,-15.028381 ,Andar
-4.046295 ,-3.2001038 ,11.601074 ,-0.66218567 ,2.4536896 ,0.75161743 ,-2.3406982 ,16.818237 ,-8.43811 ,Andar
-3.7963562 ,-2.8287659 ,11.596313 ,-2.0877533 ,0.837204 ,0.81211853 ,-3.3569336 ,16.426086 ,-1.965332 ,Andar
-3.570221 ,-2.578827 ,11.424927 ,2.305252 ,0.12989807 ,-0.2167511 ,0.3982544 ,16.972351 ,-4.5944214 ,Andar
-3.358368 ,-2.309845 ,11.06073 ,1.4985657 ,-2.3588715 ,-0.4135437 ,5.015564 ,20.245361 ,-9.486389 ,Andar
-3.1298523 ,-2.309845 ,10.596558 ,-0.2154541 ,-2.0018616 ,0.005432129 ,5.8929443 ,20.126343 ,-15.361023 ,Andar
-3.1512756 ,-2.7311707 ,10.234741 ,-0.58229065 ,-0.009231567 ,0.031600952 ,1.776123 ,13.801575 ,-16.741943 ,Andar
-3.1584167 ,-3.1358337 ,9.5849 ,-0.018859863 ,2.7999115 ,1.0410767 ,-3.1845093 ,17.449951 ,-9.387207 ,Andar
-3.2274475 ,-3.5381165 ,8.875549 ,-0.83966064 ,1.5516052 ,0.4104004 ,-3.3050537 ,16.477966 ,-1.9485474 ,Andar
-3.2226868 ,-3.7452087 ,8.404236 ,2.9516754 ,0.2889862 ,0.13798523 ,0.69122314 ,16.648865 ,-7.772827 ,Andar
-3.2322083 ,-3.7999573 ,8.0686035 ,2.3294525 ,-2.2179413 ,1.3334198 ,5.239868 ,19.750977 ,-10.469055 ,Andar
-3.2393494 ,-3.638092 ,7.8900757 ,-1.9822693 ,-1.8122101 ,0.87594604 ,6.272888 ,20.536804 ,-14.862061 ,Andar
-3.2203064 ,-3.1025085 ,7.7234497 ,-1.7297211 ,-0.20565796 ,0.13290405 ,1.8280029 ,14.602661 ,-14.595032 ,Andar
-3.2250671 ,-2.578827 ,7.3901978 ,-0.23841858 ,3.0842438 ,0.95321655 ,-3.6499023 ,16.444397 ,-5.8425903 ,Andar
-3.134613 ,-2.1289368 ,6.973633 ,-1.9652405 ,0.8748474 ,0.21734619 ,-4.219055 ,16.18805 ,-2.796936 ,Andar
-3.0513 ,-1.7504578 ,6.659424 ,1.8126984 ,0.50416565 ,0.044952393 ,1.5869141 ,16.444397 ,-10.168457 ,Andar
-3.063202 ,-1.5290833 ,6.2404785 ,0.8853607 ,-2.2575684 ,-0.40382385 ,4.273987 ,20.80841 ,-10.667419 ,Andar
-3.0489197 ,-1.495758 ,5.833435 ,-0.20722961 ,-1.8659363 ,0.13290405 ,5.067444 ,20.126343 ,-13.66272 ,Andar
-3.1584167 ,-1.6362 ,5.3883057 ,-0.8327179 ,0.24230957 ,0.13183594 ,0.6561279 ,12.419128 ,-15.9591675 ,Andar
-3.346466 ,-1.6980896 ,4.940796 ,-0.9212036 ,1.9663086 ,1.3132324 ,-5.0445557 ,16.01715 ,-9.6206665 ,Andar
-3.5797424 ,-1.8504333 ,4.5789795 ,-1.0103455 ,0.89642334 ,0.53312683 ,-4.5806885 ,16.171265 ,-5.24292 ,Andar
-3.9986877 ,-2.0122986 ,4.2719116 ,1.8120575 ,0.39312744 ,-0.0118255615 ,1.7929077 ,17.398071 ,-9.669495 ,Andar
-4.4081116 ,-2.264618 ,3.710144 ,0.8647461 ,-2.2153778 ,-0.827652 ,5.3253174 ,21.813965 ,-3.829956 ,Andar
-4.9579773 ,-2.3979187 ,3.1745605 ,0.61880493 ,-1.3321991 ,0.2210846 ,6.5994263 ,21.84906 ,-9.288025 ,Andar
-5.4483337 ,-2.5193176 ,2.767517 ,-1.1222839 ,-0.13548279 ,0.08804321 ,2.4139404 ,15.864563 ,-13.46283 ,Andar
-5.9220276 ,-2.4288635 ,2.574707 ,-0.56344604 ,2.1921082 ,0.9566345 ,-3.201294 ,15.863037 ,-7.9727173 ,Andar
-6.405243 ,-2.4098206 ,2.324768 ,-0.7960205 ,1.3388367 ,0.4456482 ,-3.9596558 ,15.864563 ,-3.1463623 ,Andar
-6.8884583 ,-2.2931824 ,2.1819458 ,2.1163025 ,0.403656 ,0.07223511 ,0.743103 ,15.472412 ,-7.9223633 ,Andar
-7.3978577 ,-2.143219 ,1.9105835 ,1.3547363 ,-2.5656586 ,0.21873474 ,4.4296265 ,20.280457 ,-11.582947 ,Andar
-7.8715515 ,-2.1146545 ,1.6725464 ,-1.9328766 ,-2.4734802 ,0.29344177 ,6.3064575 ,18.899536 ,-17.25769 ,Andar
-8.338104 ,-2.0551453 ,1.355957 ,-0.29571533 ,0.16732788 ,-0.21124268 ,3.1021118 ,8.8394165 ,-20.652771 ,Andar
-8.7308655 ,-1.9908752 ,1.2059937 ,-0.07243347 ,3.2987213 ,1.8459015 ,-2.8396606 ,12.231445 ,-15.1779175 ,Andar
-9.104584 ,-1.8694763 ,1.0012817 ,-1.8279266 ,0.87890625 ,0.21194458 ,-4.7698975 ,15.301514 ,-6.6238403 ,Andar
-9.442596 ,-1.5862122 ,0.8894043 ,2.1343536 ,0.42362976 ,0.101242065 ,0.86364746 ,15.931702 ,-9.835815 ,Andar
-9.585419 ,-1.2958069 ,0.82037354 ,1.0626068 ,-2.5453186 ,-0.5941162 ,4.2053223 ,20.46814 ,-9.869385 ,Andar
-9.637787 ,-0.9506531 ,0.7227783 ,-0.36418152 ,-2.0249329 ,0.025985718 ,5.635071 ,20.451355 ,-13.912964 ,Andar
-9.640167 ,-0.7078552 ,0.6989746 ,-0.43414307 ,0.1820221 ,0.16725159 ,2.56958 ,15.301514 ,-14.479065 ,Andar
-9.625885 ,-0.33651733 ,0.5442505 ,-0.39131165 ,2.5813293 ,1.2065277 ,-2.3757935 ,14.260864 ,-10.601807 ,Andar
-9.697296 ,-0.22225952 ,0.38952637 ,-0.89627075 ,1.3252258 ,0.30589294 ,-3.0807495 ,13.7664795 ,-5.924988 ,Andar
-9.821075 ,-0.22940063 ,0.22766113 ,2.1198273 ,0.21539307 ,0.073791504 ,2.293396 ,15.914917 ,-7.522583 ,Andar
-10.156708 ,-0.3650818 ,0.10626221 ,0.537735 ,-2.555832 ,-0.2829132 ,5.4107666 ,20.877075 ,-6.640625 ,Andar
-10.68277 ,-0.67214966 ,0.061035156 ,-0.4602661 ,-1.6734161 ,0.15629578 ,6.8237305 ,21.76361 ,-9.536743 ,Andar
-11.26358 ,-0.7911682 ,0.3704834 ,-0.8198395 ,0.20028687 ,0.20463562 ,2.2766113 ,15.760803 ,-12.231445 ,Andar
-11.963409 ,-0.9339905 ,0.62280273 ,-0.69065857 ,2.0466766 ,0.9581909 ,-1.2390137 ,15.795898 ,-10.835266 ,Andar
-12.710846 ,-1.1482239 ,0.9703369 ,-0.40156555 ,1.5571594 ,0.6080017 ,-2.8915405 ,16.033936 ,-5.343628 ,Andar
-13.339264 ,-1.2672424 ,1.4606934 ,1.555603 ,0.14100647 ,-0.13786316 ,0.36315918 ,15.779114 ,-6.8573 ,Andar
-13.539215 ,-1.3196106 ,1.9819946 ,1.2799225 ,-2.3374023 ,0.06251526 ,5.0491333 ,20.655823 ,-8.821106 ,Andar
-13.265472 ,-1.4600525 ,2.4223633 ,-1.0471344 ,-2.175583 ,-0.1335907 ,5.7907104 ,20.126343 ,-13.131714 ,Andar
-12.744171 ,-1.5695496 ,2.7318115 ,-0.7884369 ,0.108688354 ,0.12527466 ,2.5512695 ,13.442993 ,-15.727234 ,Andar
-12.1371765 ,-1.6123962 ,2.9484253 ,-0.41455078 ,2.8757477 ,1.7290955 ,-3.1158447 ,17.108154 ,-6.7245483 ,Andar
-11.77536 ,-1.514801 ,3.0912476 ,-1.2164307 ,1.0755005 ,0.38578796 ,-3.477478 ,15.249634 ,1.1474609 ,Andar
-11.618256 ,-1.3267517 ,2.9436646 ,2.3589783 ,0.23408508 ,-0.2408905 ,0.8987427 ,17.808533 ,-7.373047 ,Andar
-11.7777405 ,-1.2148743 ,2.6675415 ,1.5930328 ,-2.3549805 ,-0.0907135 ,5.8761597 ,20.484924 ,-7.989502 ,Andar
-12.061005 ,-1.0863342 ,2.4509277 ,-1.273529 ,-2.2767944 ,0.1691742 ,6.806946 ,22.224426 ,-10.418701 ,Andar
-12.410919 ,-0.9078064 ,2.3033447 ,-0.032318115 ,0.24327087 ,0.18476868 ,2.999878 ,15.864563 ,-13.464355 ,Andar
-12.694183 ,-0.7673645 ,2.2866821 ,-1.0789642 ,2.2837982 ,1.1186676 ,-2.7542114 ,15.625 ,-7.406616 ,Andar
-13.010773 ,-0.5840759 ,2.2200317 ,-1.2136536 ,1.5314178 ,1.1212311 ,-3.8223267 ,15.693665 ,-2.8808594 ,Andar
-13.148834 ,-0.44125366 ,2.2462158 ,1.7058868 ,0.42533875 ,-0.2807312 ,1.6738892 ,15.846252 ,-6.591797 ,Andar
-13.082184 ,-0.35317993 ,2.1914673 ,1.7379303 ,-2.3967896 ,-0.48542786 ,5.3253174 ,20.89386 ,-9.8526 ,Andar
-12.939362 ,-0.29367065 ,2.1748047 ,-0.7754669 ,-2.2485962 ,-0.013534546 ,5.7388306 ,20.962524 ,-14.346313 ,Andar
-12.646576 ,-0.231781 ,2.253357 ,-0.20043945 ,0.39985657 ,0.48815918 ,1.8447876 ,14.482117 ,-14.312744 ,Andar
-12.370453 ,-0.31271362 ,2.3723755 ,-0.7834778 ,2.036209 ,0.83465576 ,-3.8223267 ,16.886902 ,-8.905029 ,Andar
-12.020538 ,-0.31033325 ,2.536621 ,-1.2182007 ,0.79270935 ,0.5301361 ,-5.2001953 ,16.340637 ,-4.2785645 ,Andar
-11.6944275 ,-0.47695923 ,2.7318115 ,2.5181274 ,0.661438 ,0.2091217 ,0.8972168 ,16.61377 ,-6.1416626 ,Andar
-11.363556 ,-0.629303 ,2.9865112 ,-0.3062439 ,-2.3272095 ,-0.7718506 ,4.73938 ,20.552063 ,-9.8526 ,Andar
-11.013641 ,-0.84591675 ,2.934143 ,0.7205963 ,-1.4021606 ,-0.41557312 ,5.72052 ,21.524048 ,-13.430786 ,Andar
-10.604218 ,-1.026825 ,2.9222412 ,-0.5638733 ,0.59820557 ,0.57270813 ,2.4658203 ,14.790344 ,-15.310669 ,Andar
-10.113861 ,-1.136322 ,2.9484253 ,-0.53300476 ,1.9616547 ,0.6131897 ,-3.942871 ,17.347717 ,-7.0907593 ,Andar
-9.775848 ,-1.2934265 ,2.9865112 ,-1.334732 ,0.828125 ,0.63972473 ,-3.4957886 ,16.358948 ,-1.8981934 ,Andar
-9.423553 ,-1.488617 ,3.074585 ,1.5212097 ,0.029708862 ,-0.1642456 ,1.5701294 ,18.029785 ,-6.1920166 ,Andar
-9.254547 ,-1.6600037 ,3.055542 ,1.2700348 ,-1.9227142 ,-0.6174011 ,6.6696167 ,22.428894 ,-6.324768 ,Andar
-9.064117 ,-1.7314148 ,3.1983643 ,-0.17758179 ,-1.9404907 ,-0.17962646 ,5.944824 ,21.780396 ,-9.819031 ,Andar
-8.947479 ,-1.8528137 ,3.350708 ,-0.4406128 ,0.40060425 ,0.5705719 ,2.0690918 ,15.386963 ,-15.260315 ,Andar
-8.880829 ,-1.9551697 ,3.5316162 ,-0.72932434 ,2.1756592 ,0.9222412 ,-1.927185 ,17.910767 ,-7.739258 ,Andar
-8.847504 ,-2.033722 ,3.8529663 ,-1.7861176 ,0.9091339 ,0.762558 ,-2.3239136 ,16.221619 ,-2.1652222 ,Andar
-8.847504 ,-2.15036 ,4.0195923 ,1.5065155 ,0.4862213 ,-0.18582153 ,1.6220093 ,17.124939 ,-4.411316 ,Andar
-8.857025 ,-2.271759 ,4.107666 ,2.0664825 ,-1.8398743 ,-0.3745575 ,5.5145264 ,22.377014 ,-3.7124634 ,Andar
-8.802277 ,-2.393158 ,4.0648193 ,-0.18719482 ,-2.3745728 ,-0.25097656 ,6.7886353 ,23.434448 ,-7.7056885 ,Andar
-8.721344 ,-2.412201 ,4.1100464 ,-0.18452454 ,-0.25880432 ,-0.27005005 ,2.671814 ,17.927551 ,-12.8479 ,Andar
-8.676117 ,-2.4074402 ,4.281433 ,-0.75164795 ,2.4922943 ,1.2464142 ,-1.4968872 ,16.972351 ,-5.958557 ,Andar
-8.671356 ,-2.3407898 ,4.448059 ,-2.1628876 ,1.0188904 ,0.9207001 ,-1.4450073 ,18.115234 ,-0.68359375 ,Andar
-8.716583 ,-2.297943 ,4.743225 ,1.1425018 ,0.8671112 ,0.33644104 ,1.3977051 ,18.60962 ,-5.958557 ,Andar
-8.852264 ,-2.1765442 ,5.107422 ,2.1372986 ,-1.898407 ,-0.95887756 ,4.6707153 ,21.269226 ,-3.994751 ,Andar
-9.040314 ,-2.1313171 ,5.2597656 ,0.77908325 ,-2.1844025 ,0.14860535 ,5.9280396 ,22.479248 ,-8.905029 ,Andar
-9.111725 ,-2.1289368 ,5.395447 ,-1.0799255 ,-0.90719604 ,-0.18005371 ,1.8630981 ,17.671204 ,-11.134338 ,Andar
-9.123627 ,-2.0456238 ,5.3668823 ,-0.8909302 ,2.2674103 ,1.1940308 ,-1.0482788 ,16.596985 ,-4.727173 ,Andar
-9.20932 ,-2.0122986 ,5.4263916 ,0.31396484 ,2.180893 ,0.73628235 ,-0.119018555 ,16.801453 ,-4.6951294 ,Andar
-9.328339 ,-1.8956604 ,5.364502 ,1.876831 ,0.48814392 ,-0.27661133 ,2.5177002 ,18.251038 ,-7.107544 ,Andar
-9.504486 ,-1.8623352 ,5.357361 ,1.508606 ,-2.410675 ,0.96421814 ,6.135559 ,21.150208 ,-3.579712 ,Andar
-9.609222 ,-1.8075867 ,5.262146 ,-2.168396 ,-2.6757355 ,0.08932495 ,5.6518555 ,21.968079 ,-7.572937 ,Andar
-9.813934 ,-1.7242737 ,5.121704 ,-0.8958893 ,-0.30189514 ,-0.182724 ,2.3620605 ,17.62085 ,-11.949158 ,Andar
-9.944855 ,-1.6290588 ,4.921753 ,0.46392822 ,3.7348938 ,2.0045624 ,-0.8758545 ,16.596985 ,-6.3583374 ,Andar
-10.116241 ,-1.5433655 ,4.781311 ,-2.084549 ,0.34100342 ,0.05696106 ,-0.48065186 ,17.022705 ,-2.1148682 ,Andar
-10.325714 ,-1.3934021 ,4.6741943 ,1.5478058 ,0.9476929 ,0.54045105 ,2.3101807 ,18.319702 ,-6.6741943 ,Andar
-10.473297 ,-1.2862854 ,4.471863 ,0.7478943 ,-2.1502686 ,-1.0938873 ,6.3415527 ,22.172546 ,-2.1484375 ,Andar
-10.647064 ,-1.2124939 ,4.255249 ,1.3253174 ,-1.7004395 ,-0.019241333 ,5.5496216 ,23.161316 ,-4.811096 ,Andar
-10.773224 ,-1.1506042 ,4.1624146 ,-1.1094055 ,-0.4597168 ,-0.025497437 ,4.0496826 ,18.881226 ,-11.883545 ,Andar
-10.844635 ,-1.1410828 ,3.9696045 ,-0.9977417 ,1.9371948 ,1.0217438 ,0.19226074 ,17.62085 ,-7.8567505 ,Andar
-10.913666 ,-1.0839539 ,3.8862915 ,-1.0151978 ,1.3417206 ,0.8117523 ,-0.75531006 ,16.13617 ,-2.281189 ,Andar
-11.051727 ,-1.1339417 ,3.7910767 ,0.14472961 ,0.45272827 ,-0.02293396 ,1.2771606 ,17.433167 ,-5.143738 ,Andar
-11.2326355 ,-1.1458435 ,3.6577759 ,2.3556213 ,-0.93603516 ,-0.5366516 ,5.3085327 ,22.30835 ,-4.611206 ,Andar
-11.496857 ,-1.1268005 ,3.5720825 ,1.3957062 ,-1.9174805 ,0.025619507 ,7.598877 ,24.1333 ,-4.6279907 ,Andar
-11.727753 ,-1.0601501 ,3.61969 ,-0.34783936 ,-0.7536011 ,0.1277771 ,2.947998 ,18.676758 ,-13.447571 ,Andar
-12.020538 ,-1.0125427 ,3.638733 ,-0.3511505 ,0.84077454 ,0.6062927 ,-1.4968872 ,17.14325 ,-8.888245 ,Andar
-12.394257 ,-1.0863342 ,3.7791748 ,-1.1646271 ,-0.00944519 ,-0.18556213 ,-2.6000977 ,15.779114 ,-2.2644043 ,Andar
-12.93222 ,-1.1125183 ,4.1743164 ,-0.35751343 ,2.4212646 ,0.64779663 ,0.105285645 ,16.340637 ,-4.8431396 ,Andar
-13.50589 ,-1.117279 ,4.4194946 ,0.6207886 ,0.071624756 ,-0.15281677 ,5.5145264 ,21.728516 ,-12.498474 ,Andar
-13.989105 ,-1.3077087 ,4.569458 ,0.8928833 ,-1.6146088 ,0.019424438 ,5.7037354 ,19.39392 ,-17.308044 ,Andar
-14.324738 ,-1.431488 ,4.667053 ,0.012924194 ,-1.5570984 ,-0.069885254 ,2.1377563 ,13.783264 ,-17.65747 ,Andar
-14.360443 ,-1.4386292 ,4.724182 ,-0.64445496 ,0.64515686 ,0.36549377 ,-1.9622803 ,16.5802 ,-7.1411133 ,Andar
-13.998627 ,-1.4267273 ,4.6051636 ,-0.66763306 ,1.4362488 ,0.443573 ,-1.9622803 ,13.1362915 ,0.08087158 ,Andar
-13.205963 ,-1.3791199 ,4.305237 ,-0.4888916 ,1.3786316 ,0.39016724 ,2.9647827 ,17.160034 ,-9.803772 ,Andar
-12.246674 ,-1.4838562 ,3.9696045 ,1.4202118 ,-0.13366699 ,-0.21386719 ,5.7388306 ,21.40503 ,-9.020996 ,Andar
-11.301666 ,-1.5838318 ,3.2769165 ,1.5410156 ,-1.5367432 ,-0.09819031 ,7.409668 ,22.991943 ,-10.202026 ,Andar
-10.444733 ,-1.6481018 ,2.612793 ,0.084487915 ,-1.3649445 ,0.36506653 ,2.8961182 ,16.716003 ,-11.799622 ,Andar
-9.921051 ,-1.7790222 ,2.0724487 ,-0.60713196 ,0.019882202 ,0.21461487 ,-0.42877197 ,14.21051 ,-10.585022 ,Andar
-9.663971 ,-1.7528381 ,1.7225342 ,-1.0717621 ,1.2336884 ,0.03250122 ,-0.9460449 ,13.801575 ,-5.493164 ,Andar
-9.716339 ,-1.9099426 ,1.3726196 ,-1.0027008 ,1.7943878 ,0.6994934 ,2.156067 ,16.596985 ,-6.958008 ,Andar
-10.035309 ,-2.0075378 ,1.1203003 ,0.85694885 ,0.21598816 ,-0.20628357 ,5.773926 ,21.37146 ,-7.423401 ,Andar
-10.389984 ,-2.136078 ,0.87750244 ,2.1114502 ,-1.827652 ,-0.20718384 ,6.185913 ,22.531128 ,-6.9900513 ,Andar
-10.782745 ,-2.2884216 ,0.78704834 ,0.64604187 ,-1.8880005 ,0.5793762 ,4.58374 ,18.695068 ,-13.430786 ,Andar
-11.182648 ,-2.4978943 ,0.829895 ,0.6914978 ,-0.78089905 ,0.29478455 ,0.12207031 ,12.982178 ,-12.748718 ,Andar
-11.5278015 ,-2.631195 ,0.9227295 ,-0.5952759 ,0.68777466 ,0.15934753 ,-1.2039185 ,12.794495 ,-9.902954 ,Andar
-11.9039 ,-2.7621155 ,1.2036133 ,-0.64793396 ,1.4933472 ,-0.026885986 ,0.6744385 ,14.448547 ,-10.585022 ,Andar
-12.034821 ,-2.9168396 ,1.522583 ,-0.016830444 ,1.6277161 ,-0.6116333 ,1.5701294 ,15.710449 ,-7.25708 ,Andar
-12.0729065 ,-3.0120544 ,1.753479 ,0.24934387 ,-0.55841064 ,0.05065918 ,4.222107 ,19.052124 ,-11.383057 ,Andar
-11.722992 ,-3.0382385 ,1.9248657 ,-0.15429688 ,-1.2860107 ,0.5818939 ,4.602051 ,18.540955 ,-14.678955 ,Andar
-11.294525 ,-2.9406433 ,2.158142 ,-0.14111328 ,-0.578537 ,0.1945343 ,1.2939453 ,14.857483 ,-13.613892 ,Andar
-10.654205 ,-2.7359314 ,2.2509766 ,-0.7485962 ,1.2514648 ,-0.16249084 ,-1.0665894 ,15.182495 ,-8.970642 ,Andar
-10.140045 ,-2.5240784 ,2.1367188 ,-1.5186615 ,1.3044434 ,0.16195679 ,0.50201416 ,15.608215 ,-9.320068 ,Andar
-9.673492 ,-2.297943 ,1.9558105 ,0.048919678 ,1.2178802 ,0.03138733 ,2.999878 ,17.193604 ,-10.069275 ,Andar
-9.356903 ,-1.9861145 ,1.6106567 ,1.008667 ,-0.5572815 ,-0.19966125 ,5.2215576 ,20.689392 ,-10.818481 ,Andar
-9.030792 ,-1.7123718 ,1.4297485 ,1.7105865 ,-2.280899 ,0.41879272 ,5.4122925 ,18.830872 ,-15.394592 ,Andar
-8.783234 ,-1.450531 ,1.1274414 ,0.089019775 ,-1.4931183 ,0.34161377 ,1.8630981 ,13.305664 ,-16.226196 ,Andar
-8.533295 ,-1.2767639 ,0.9608154 ,-0.07237244 ,1.3968964 ,0.06524658 ,-0.289917 ,14.926147 ,-13.48114 ,Andar
-8.219086 ,-1.1577454 ,0.72753906 ,-1.7850494 ,1.5736084 ,-0.29354858 ,0.31280518 ,16.033936 ,-11.932373 ,Andar
-7.8977356 ,-1.1148987 ,0.5418701 ,-0.5587921 ,1.7344666 ,0.36746216 ,2.7069092 ,15.982056 ,-11.616516 ,Andar
-7.619232 ,-1.1625061 ,0.26098633 ,0.5927429 ,-0.3904419 ,-0.3413391 ,6.2561035 ,20.996094 ,-13.447571 ,Andar
-7.335968 ,-1.2815247 ,0.17053223 ,1.7822571 ,-2.1981812 ,0.125 ,7.0480347 ,20.587158 ,-16.542053 ,Andar
-7.15744 ,-1.6195374 ,0.06341553 ,0.1902771 ,-1.1999207 ,0.3874359 ,3.0334473 ,13.647461 ,-16.625977 ,Andar
-7.055084 ,-1.848053 ,-0.048461914 ,-1.1809235 ,0.60450745 ,0.16537476 ,-1.8753052 ,14.857483 ,-13.847351 ,Andar
-7.055084 ,-1.89328 ,-0.2722168 ,-0.94059753 ,1.9508667 ,0.15699768 ,-0.4638672 ,15.368652 ,-11.117554 ,Andar
-7.009857 ,-2.0741882 ,-0.4031372 ,-0.18954468 ,1.7764435 ,0.1340332 ,1.449585 ,14.874268 ,-11.26709 ,Andar
-7.0812683 ,-2.226532 ,-0.40789795 ,0.951416 ,-0.6891937 ,-0.23826599 ,2.999878 ,16.749573 ,-14.030457 ,Andar
-7.15744 ,-2.3384094 ,-0.40551758 ,2.0904083 ,-2.141571 ,0.70526123 ,4.841614 ,14.790344 ,-18.23883 ,Andar
-7.3074036 ,-2.4812317 ,-0.49835205 ,1.1500397 ,-2.7153015 ,0.37013245 ,3.3447266 ,13.920593 ,-18.156433 ,Andar
-7.3645325 ,-2.605011 ,-0.43170166 ,0.4424591 ,0.32525635 ,0.67251587 ,0.105285645 ,16.61377 ,-15.794373 ,Andar
-7.5240173 ,-2.6788025 ,-0.369812 ,-0.27313232 ,1.3309326 ,0.039398193 ,-1.272583 ,16.784668 ,-13.995361 ,Andar
-7.6739807 ,-2.7930603 ,-0.24841309 ,1.7630768 ,-1.2981262 ,-0.19763184 ,2.2766113 ,16.818237 ,-14.0625 ,Andar
-7.869171 ,-2.816864 ,-0.046081543 ,0.36860657 ,-2.8370667 ,0.7206421 ,5.3588867 ,19.836426 ,-12.515259 ,Andar
-8.05484 ,-2.745453 ,0.11816406 ,-0.8163147 ,-1.8305817 ,-0.16409302 ,7.3913574 ,21.746826 ,-15.077209 ,Andar
-8.238129 ,-2.4217224 ,0.18719482 ,-1.1870117 ,1.458252 ,0.86413574 ,6.2026978 ,18.933105 ,-17.224121 ,Andar
-8.316681 ,-1.9861145 ,0.35858154 ,-0.43922424 ,2.543457 ,0.99269104 ,1.3458252 ,14.363098 ,-15.760803 ,Andar
-8.302399 ,-1.6338196 ,0.4847412 ,-0.3824005 ,1.4746552 ,0.4528656 ,-2.7542114 ,16.13617 ,-12.033081 ,Andar
-8.280975 ,-1.2434387 ,0.33477783 ,1.7741852 ,-1.0120392 ,-0.45825195 ,-0.06713867 ,15.216064 ,-14.228821 ,Andar
-8.200043 ,-0.8102112 ,0.2062378 ,0.9584656 ,-2.5754395 ,0.15811157 ,5.065918 ,16.989136 ,-14.363098 ,Andar
-8.061981 ,-0.23892212 ,0.15863037 ,-0.46368408 ,-1.3265381 ,0.06289673 ,7.978821 ,21.917725 ,-16.242981 ,Andar
-8.1024475 ,0.025299072 ,0.18719482 ,-1.10466 ,0.55911255 ,0.060699463 ,8.149719 ,19.700623 ,-18.539429 ,Andar
-8.219086 ,0.14431763 ,0.20861816 ,-0.28936768 ,2.6148071 ,1.251648 ,1.2252808 ,14.823914 ,-16.708374 ,Andar
-8.469025 ,0.10623169 ,0.30859375 ,-0.19430542 ,1.2977753 ,0.3881836 ,-4.9591064 ,17.160034 ,-13.830566 ,Andar
-8.771332 ,-0.13418579 ,0.43475342 ,1.7114868 ,-0.7516327 ,-0.31469727 ,-2.3239136 ,16.18805 ,-13.08136 ,Andar
-9.126007 ,-0.2984314 ,0.62280273 ,1.424057 ,-2.6126099 ,-0.18022156 ,3.4820557 ,16.989136 ,-13.664246 ,Andar
-9.494965 ,-0.4222107 ,0.85369873 ,-0.47569275 ,-1.5112762 ,-0.15405273 ,7.409668 ,19.99054 ,-16.059875 ,Andar
-9.923431 ,-0.4555359 ,1.0512695 ,-1.1972046 ,1.0575562 ,0.6576233 ,6.790161 ,16.375732 ,-19.055176 ,Andar
-10.375702 ,-0.20321655 ,1.3988037 ,-0.68429565 ,2.1804657 ,0.9154053 ,1.0177612 ,12.641907 ,-18.43872 ,Andar
-10.697052 ,-0.053253174 ,1.8724976 ,-0.667099 ,1.2437744 ,0.5632477 ,-3.012085 ,13.937378 ,-12.149048 ,Andar
-10.932709 ,0.013397217 ,2.2938232 ,1.4760742 ,-0.5950928 ,-0.368042 ,5.5664063 ,20.89386 ,-11.517334 ,Andar
-11.018402 ,-0.029449463 ,2.7770386 ,1.7025146 ,-2.3108063 ,-0.17797852 ,6.083679 ,16.630554 ,-18.10608 ,Andar
-10.9184265 ,-0.04849243 ,3.2340698 ,-1.0122681 ,-1.579956 ,-0.13594055 ,-0.050354004 ,11.413574 ,-16.642761 ,Andar
-10.632782 ,-0.06277466 ,3.6030273 ,-0.7836304 ,1.0427094 ,0.4038849 ,-4.803467 ,12.913513 ,-12.580872 ,Andar
-10.263824 ,0.06338501 ,3.7363281 ,-0.5845947 ,2.174591 ,1.0415039 ,-2.1514893 ,14.24408 ,-10.784912 ,Andar
-9.854401 ,0.21334839 ,3.8029785 ,-0.20481873 ,1.2989502 ,0.3927307 ,3.567505 ,16.66565 ,-12.1154785 ,Andar
-9.430695 ,0.5180359 ,3.8148804 ,1.3184204 ,-0.7852783 ,-0.23687744 ,5.8410645 ,22.018433 ,-9.65271 ,Andar
-9.187897 ,0.76083374 ,3.8244019 ,1.6394501 ,-2.4613037 ,0.033309937 ,5.393982 ,18.814087 ,-15.310669 ,Andar
-9.030792 ,0.99887085 ,3.6815796 ,-0.84799194 ,-1.7740326 ,-0.32756042 ,0.5706787 ,13.119507 ,-15.47699 ,Andar
-9.159332 ,0.9964905 ,3.5697021 ,-0.8125305 ,1.1867371 ,0.55070496 ,-4.838562 ,14.994812 ,-11.483765 ,Andar
-9.5520935 ,0.9845886 ,3.2269287 ,-0.52723694 ,2.2915497 ,0.8551178 ,-3.6834717 ,14.63623 ,-8.970642 ,Andar
-10.2447815 ,0.8893738 ,2.8079834 ,-1.3123016 ,1.2947235 ,0.39149475 ,2.0690918 ,17.0578 ,-10.868835 ,Andar
-11.087433 ,0.71084595 ,2.324768 ,1.1863556 ,-0.31925964 ,-0.7398071 ,4.911804 ,22.633362 ,-5.126953 ,Andar
-12.001495 ,0.6061096 ,1.8106079 ,5.1027527 ,-3.27948 ,0.73831177 ,6.7382813 ,21.133423 ,-13.645935 ,Andar
-12.982208 ,0.43948364 ,1.5178223 ,0.4830475 ,-2.7344818 ,0.51545715 ,1.9134521 ,13.630676 ,-14.978027 ,Andar
-13.703461 ,0.31570435 ,1.3988037 ,-0.8894348 ,1.6465607 ,0.5141754 ,-3.4439087 ,15.1474 ,-10.900879 ,Andar
-14.122406 ,0.22525024 ,1.4011841 ,-1.8343964 ,3.457077 ,0.13760376 ,-3.288269 ,16.66565 ,-7.623291 ,Andar
-14.291412 ,0.08242798 ,1.7272949 ,-1.5584412 ,2.3349152 ,0.030960083 ,1.9317627 ,17.330933 ,-6.7749023 ,Andar
-14.200958 ,-0.15560913 ,2.4057007 ,0.6661835 ,0.40237427 ,-0.3058319 ,5.722046 ,21.525574 ,-3.0471802 ,Andar
-13.836761 ,-0.4721985 ,2.9127197 ,1.6764526 ,-2.5944977 ,-0.30540466 ,6.565857 ,22.531128 ,-5.2261353 ,Andar
-13.163116 ,-0.87924194 ,3.3911743 ,-0.22367859 ,-2.4931946 ,0.39422607 ,3.4820557 ,17.637634 ,-12.265015 ,Andar
-12.520416 ,-1.405304 ,3.600647 ,-0.26971436 ,-0.16096497 ,0.19656372 ,-1.1520386 ,15.983582 ,-10.119629 ,Andar
-11.953888 ,-1.931366 ,3.7696533 ,-1.2932281 ,2.666397 ,0.80026245 ,-2.2201538 ,14.448547 ,-6.025696 ,Andar
-11.449249 ,-2.3122253 ,3.8220215 ,-1.1943207 ,1.80336 ,0.58428955 ,0.5355835 ,15.130615 ,-5.659485 ,Andar
-10.999359 ,-2.6573792 ,3.8791504 ,0.95500183 ,0.6605835 ,-0.05647278 ,5.5664063 ,21.269226 ,-4.927063 ,Andar
-10.604218 ,-2.771637 ,3.819641 ,1.8733673 ,-1.9994049 ,-0.32911682 ,7.3928833 ,24.3042 ,-6.1584473 ,Andar
-10.201935 ,-2.9216003 ,3.7149048 ,0.060821533 ,-1.99823 ,0.39950562 ,4.1015625 ,18.251038 ,-13.496399 ,Andar
-9.766327 ,-2.9287415 ,3.6149292 ,-0.45133972 ,-0.47898865 ,-0.0074920654 ,-2.0828247 ,15.437317 ,-12.083435 ,Andar
-9.425934 ,-2.9953918 ,3.61969 ,-1.0518341 ,1.7226105 ,0.6690979 ,-4.23584 ,16.61377 ,-2.748108 ,Andar
-9.045074 ,-3.1477356 ,3.524475 ,-0.083969116 ,1.7653961 ,0.68052673 ,-1.7028809 ,15.847778 ,-4.6279907 ,Andar
-8.749908 ,-3.3286438 ,3.524475 ,2.0601196 ,0.25369263 ,-0.027313232 ,5.3771973 ,20.024109 ,-11.26709 ,Andar
-8.571381 ,-3.6285706 ,3.4887695 ,0.4156494 ,-2.4150543 ,-0.23014832 ,6.7718506 ,21.813965 ,-11.616516 ,Andar
-8.4166565 ,-3.8642273 ,3.472107 ,0.12223816 ,-1.3344421 ,0.2842102 ,5.2215576 ,16.801453 ,-16.708374 ,Andar
-8.345245 ,-4.080841 ,3.5125732 ,-1.2443085 ,0.46543884 ,0.07266235 ,-1.1352539 ,16.5802 ,-11.566162 ,Andar
-8.273834 ,-4.1855774 ,3.5578003 ,-0.76361084 ,1.6331024 ,0.7072296 ,-3.3569336 ,18.574524 ,-1.9317627 ,Andar
-8.288116 ,-4.2189026 ,3.664917 ,-0.2944336 ,0.8725586 ,0.4449005 ,-0.8758545 ,17.108154 ,-2.6306152 ,Andar
-8.259552 ,-4.1141663 ,3.914856 ,0.88327026 ,0.5595398 ,-0.053100586 ,4.8599243 ,19.206238 ,-7.5393677 ,Andar
-8.261932 ,-3.952301 ,4.1290894 ,1.7862549 ,-1.5020294 ,0.07336426 ,6.4453125 ,21.115112 ,-7.373047 ,Andar
-8.264313 ,-3.759491 ,4.3028564 ,-0.58000183 ,-1.8235931 ,0.3040161 ,4.446411 ,17.944336 ,-12.731934 ,Andar
-8.352386 ,-3.547638 ,4.602783 ,-0.8995209 ,-0.41661072 ,0.060546875 ,-0.7034302 ,17.414856 ,-8.921814 ,Andar
-8.4999695 ,-3.388153 ,4.8241577 ,-1.0180359 ,1.881073 ,0.95214844 ,-2.546692 ,22.070313 ,-3.6468506 ,Andar
-8.688019 ,-3.0572815 ,4.7527466 ,-1.4755096 ,0.8217621 ,0.24794006 ,-1.3580322 ,18.847656 ,-1.9317627 ,Andar
-8.933197 ,-2.7859192 ,4.8360596 ,1.8329926 ,1.1959229 ,0.40213013 ,3.930664 ,19.206238 ,-7.6065063 ,Andar
-9.27121 ,-2.5264587 ,5.088379 ,1.2298737 ,-1.4987793 ,-0.35816956 ,7.0648193 ,23.025513 ,-8.903503 ,Andar
-9.616364 ,-2.252716 ,5.2192993 ,0.52433777 ,-1.8734741 ,0.37478638 ,5.9799194 ,19.085693 ,-14.678955 ,Andar
-10.018646 ,-2.0480042 ,5.54303 ,-0.6419983 ,-0.92744446 ,-0.20654297 ,-1.3076782 ,15.249634 ,-12.298584 ,Andar
-10.537567 ,-1.9670715 ,5.7905884 ,-1.4026642 ,1.547821 ,0.6216278 ,-5.0109863 ,16.085815 ,-5.592346 ,Andar
-11.146942 ,-1.8623352 ,5.961975 ,-1.1018829 ,1.8299103 ,0.8417053 ,-2.2537231 ,16.152954 ,-5.8258057 ,Andar
-11.834869 ,-1.7290344 ,6.1452637 ,0.3243866 ,0.9198761 ,0.5494232 ,2.9647827 ,18.89801 ,-9.336853 ,Andar
-12.47757 ,-1.4838562 ,6.2261963 ,1.3280945 ,-1.9758453 ,-0.8740082 ,6.376648 ,22.854614 ,-8.305359 ,Andar
-13.205963 ,-1.2458191 ,6.411865 ,0.45458984 ,-2.4080048 ,-0.5625 ,5.0491333 ,19.08722 ,-12.915039 ,Andar
-13.820099 ,-0.44125366 ,7.1331177 ,0.058792114 ,-0.50772095 ,-0.19122314 ,-0.7736206 ,16.630554 ,-11.782837 ,Andar
-14.431854 ,-0.21035767 ,6.742737 ,-1.1526184 ,2.1199493 ,1.3858643 ,-4.753113 ,18.86444 ,-4.4784546 ,Andar
-14.874603 ,-0.20559692 ,6.109558 ,-0.8181915 ,2.1201172 ,1.0608826 ,-2.4612427 ,17.041016 ,-5.392456 ,Andar
-15.322113 ,-0.5031433 ,5.67395 ,1.2236328 ,0.8644409 ,-0.06121826 ,3.2745361 ,18.797302 ,-9.336853 ,Andar
-15.693451 ,-1.0672913 ,5.762024 ,3.8368225 ,-1.9810333 ,0.13702393 ,6.3064575 ,22.41211 ,-9.802246 ,Andar
-15.886261 ,-1.1339417 ,5.8358154 ,-1.2607117 ,-2.2703247 ,0.693985 ,5.479431 ,19.104004 ,-13.830566 ,Andar
-15.886261 ,-1.5505066 ,5.8548584 ,-1.4625244 ,-1.1634979 ,-0.09616089 ,-0.6011963 ,15.744019 ,-12.782288 ,Andar
-15.707733 ,-1.8575745 ,5.590637 ,-0.4290161 ,2.5433502 ,1.302124 ,-4.1488647 ,17.414856 ,-5.4260254 ,Andar
-14.946014 ,-2.3050842 ,4.959839 ,-0.58288574 ,1.7729187 ,0.54878235 ,-1.1856079 ,15.812683 ,-5.7922363 ,Andar
-13.908173 ,-2.8311462 ,4.017212 ,-0.14692688 ,-0.2437439 ,-0.47224426 ,4.2404175 ,18.762207 ,-9.736633 ,Andar
-12.92746 ,-3.502411 ,3.036499 ,1.7902069 ,-2.121109 ,-0.77708435 ,6.5826416 ,22.172546 ,-6.8084717 ,Andar
-12.044342 ,-4.254608 ,2.3723755 ,0.33207703 ,-1.796936 ,-0.25968933 ,4.8431396 ,19.871521 ,-10.551453 ,Andar
-11.558746 ,-4.7878113 ,1.9724731 ,-0.3028717 ,0.52098083 ,0.200943 ,-0.5142212 ,13.647461 ,-13.996887 ,Andar
-11.373077 ,-5.1424866 ,1.6296997 ,-0.32263184 ,2.8947144 ,0.9376831 ,-0.97961426 ,15.267944 ,-8.787537 ,Andar
-10.604218 ,-5.3614807 ,1.0869751 ,-3.0182953 ,0.23200989 ,0.41712952 ,-1.5823364 ,16.340637 ,-8.47168 ,Andar
-10.835114 ,-5.575714 ,-0.2722168 ,1.9152832 ,0.8986206 ,0.40548706 ,2.5863647 ,17.364502 ,-13.098145 ,Andar
-12.175262 ,-4.90683 ,-1.1362915 ,1.9655457 ,-1.7382965 ,-0.66130066 ,7.3242188 ,21.88263 ,-13.580322 ,Andar
-12.727509 ,-3.8166199 ,1.1393433 ,0.22120667 ,-1.8095398 ,0.36816406 ,6.5994263 ,21.575928 ,-14.845276 ,Andar
-13.5225525 ,-2.347931 ,2.4628296 ,-0.72387695 ,-0.5825958 ,-0.10752869 ,2.0874023 ,14.619446 ,-14.712524 ,Andar
-13.643951 ,-2.4026794 ,2.003418 ,-1.0129547 ,1.5535278 ,0.49954224 ,-4.3899536 ,18.643188 ,-8.555603 ,Andar
-13.277374 ,-2.835907 ,1.2655029 ,-1.0538635 ,1.6078491 ,1.1419525 ,-4.2877197 ,19.598389 ,-4.9606323 ,Andar
-12.998871 ,-3.1548767 ,0.8656006 ,1.3764191 ,0.76216125 ,0.14898682 ,1.1901855 ,18.165588 ,-8.454895 ,Andar
-12.815582 ,-2.8835144 ,0.86083984 ,0.6546478 ,-2.024292 ,-0.5970001 ,5.722046 ,21.592712 ,-9.336853 ,Andar
-12.472809 ,-2.5907288 ,0.62042236 ,0.7211914 ,-1.8337402 ,0.14198303 ,6.651306 ,22.343445 ,-12.698364 ,Andar
-12.2204895 ,-2.3788757 ,0.22528076 ,-0.7485504 ,-0.14648438 ,-0.018707275 ,1.8966675 ,14.089966 ,-14.529419 ,Andar
-11.896759 ,-2.3122253 ,-0.07702637 ,-0.6685486 ,1.9866028 ,0.6140442 ,-3.9596558 ,18.797302 ,-11.035156 ,Andar
-11.596832 ,-2.2669983 ,-0.13891602 ,-1.5596771 ,0.75549316 ,0.6210327 ,-5.3726196 ,19.137573 ,-6.375122 ,Andar
-11.251678 ,-2.0646667 ,-0.074645996 ,2.1299286 ,1.1316223 ,0.28901672 ,-0.66986084 ,17.210388 ,-7.789612 ,Andar
-10.830353 ,-1.8242493 ,0.0657959 ,0.94618225 ,-2.099533 ,-0.40089417 ,3.9291382 ,18.353271 ,-13.696289 ,Andar
-10.523285 ,-1.5028992 ,0.15386963 ,-0.4139099 ,-1.9929352 ,0.3322754 ,6.8237305 ,15.454102 ,-19.454956 ,Andar
-10.256683 ,-1.3624573 ,0.30621338 ,-0.32444763 ,-0.018844604 ,0.058624268 ,-1.272583 ,12.385559 ,-14.961243 ,Andar
-9.973419 ,-1.1220398 ,0.2467041 ,-0.7420349 ,1.9990997 ,0.6049652 ,-6.613159 ,16.511536 ,-10.835266 ,Andar
-9.680634 ,-0.96017456 ,0.26098633 ,-1.1922455 ,0.99575806 ,0.4976654 ,-5.9402466 ,15.812683 ,-9.254456 ,Andar
-9.278351 ,-0.8649597 ,0.29907227 ,1.5094604 ,0.5790405 ,0.29248047 ,0.05340576 ,15.505981 ,-10.884094 ,Andar
-8.833221 ,-0.85543823 ,0.26574707 ,1.6069183 ,-1.2315369 ,-0.25125122 ,4.2404175 ,18.55774 ,-14.26239 ,Andar
-8.395233 ,-0.9220886 ,0.26574707 ,0.22676086 ,-2.049759 ,0.1982727 ,6.0317993 ,18.38684 ,-15.826416 ,Andar
-7.9263 ,-0.9720764 ,0.34191895 ,-0.7550049 ,-0.9036255 ,-0.61231995 ,2.4658203 ,13.084412 ,-17.373657 ,Andar
-7.688263 ,-1.007782 ,0.37286377 ,-0.48023987 ,2.0108948 ,0.84298706 ,-3.477478 ,14.875793 ,-11.66687 ,Andar
-7.4240417 ,-1.0887146 ,0.38952637 ,-2.0545807 ,1.1445465 ,1.0268707 ,-4.1152954 ,16.05072 ,-6.5582275 ,Andar
-7.2431335 ,-1.1053772 ,0.40856934 ,1.3132477 ,1.2831421 ,0.31907654 ,1.3977051 ,17.245483 ,-9.353638 ,Andar
-7.02652 ,-1.1791687 ,0.32763672 ,1.311966 ,-1.6518402 ,-0.7761688 ,4.170227 ,19.819641 ,-7.507324 ,Andar
-6.859894 ,-1.321991 ,0.19671631 ,0.99057007 ,-1.8478394 ,0.54792786 ,6.3583374 ,20.314026 ,-13.146973 ,Andar
-6.688507 ,-1.495758 ,0.11578369 ,-1.4828186 ,-1.0853577 ,-0.20899963 ,2.758789 ,15.216064 ,-15.527344 ,Andar
-6.5766296 ,-1.6504822 ,0.011047363 ,-0.6626129 ,1.747818 ,0.8262787 ,-1.4968872 ,16.323853 ,-12.149048 ,Andar
-6.4219055 ,-1.7147522 ,-0.17462158 ,-1.1073761 ,1.5637817 ,0.73773193 ,-3.9779663 ,16.323853 ,-7.05719 ,Andar
-6.3957214 ,-1.8123474 ,-0.21746826 ,0.9348602 ,1.0527954 ,0.36479187 ,0.14038086 ,15.931702 ,-6.575012 ,Andar
-6.4742737 ,-1.89328 ,-0.29840088 ,1.5795288 ,-1.5853424 ,-0.40628052 ,4.4815063 ,19.819641 ,-8.27179 ,Andar
-6.624237 ,-2.0170593 ,-0.3126831 ,0.17478943 ,-2.189148 ,0.22476196 ,6.944275 ,23.213196 ,-9.120178 ,Andar
-6.7313538 ,-2.0646667 ,-0.40551758 ,-0.79922485 ,-0.7480469 ,-0.29647827 ,2.5344849 ,16.630554 ,-11.849976 ,Andar
-6.8765564 ,-2.2241516 ,-0.50787354 ,-0.45706177 ,2.046463 ,0.79252625 ,-2.8396606 ,16.358948 ,-5.6259155 ,Andar
-6.938446 ,-2.271759 ,-0.5840454 ,-1.1030579 ,0.9961395 ,0.3703003 ,-3.8909912 ,15.455627 ,-3.3462524 ,Andar
-7.074127 ,-2.316986 ,-0.5935669 ,1.2486267 ,0.91218567 ,0.486557 ,0.5187988 ,16.716003 ,-5.3100586 ,Andar
-7.2693176 ,-2.3193665 ,-0.62927246 ,1.3670807 ,-1.8187866 ,-0.38583374 ,6.3079834 ,23.22998 ,-7.473755 ,Andar
-7.533539 ,-2.3003235 ,-0.5840454 ,0.5251312 ,-1.9878082 ,0.42092896 ,6.1523438 ,22.053528 ,-11.317444 ,Andar
-7.8763123 ,-2.252716 ,-0.5531006 ,-1.0073547 ,-0.6453552 ,-0.38726807 ,3.3447266 ,13.032532 ,-18.455505 ,Andar
-8.235748 ,-2.1575012 ,-0.4126587 ,-0.6772461 ,2.067566 ,0.87615967 ,-2.2033691 ,14.15863 ,-12.698364 ,Andar
-8.621368 ,-2.143219 ,-0.39123535 ,-1.7857971 ,1.3101044 ,1.0061493 ,-4.512024 ,15.011597 ,-3.312683 ,Andar
-8.837982 ,-2.1289368 ,-0.33410645 ,0.30847168 ,0.700531 ,0.08938599 ,1.0360718 ,16.204834 ,-8.03833 ,Andar
-9.08316 ,-2.1194153 ,-0.30792236 ,2.0000916 ,-1.0910797 ,-0.6355591 ,6.0653687 ,20.672607 ,-12.898254 ,Andar
-9.318817 ,-2.0361023 ,-0.26507568 ,1.0793304 ,-1.91539 ,0.05760193 ,4.550171 ,20.501709 ,-11.367798 ,Andar
-9.511627 ,-1.9884949 ,-0.12939453 ,-0.7852936 ,-0.86698914 ,-0.2214508 ,-0.015258789 ,14.346313 ,-10.151672 ,Andar
-9.868683 ,-1.8980408 ,0.006286621 ,-1.1461487 ,1.2862396 ,0.6322479 ,-3.8909912 ,13.7161255 ,-6.6085815 ,Andar
-10.156708 ,-1.8908997 ,0.18719482 ,-1.1982727 ,1.5339813 ,0.9303589 ,-3.3218384 ,12.437439 ,-6.2591553 ,Andar
-10.532806 ,-1.809967 ,0.51330566 ,0.71873474 ,1.0224152 ,0.35491943 ,3.413391 ,15.931702 ,-12.565613 ,Andar
-10.789886 ,-1.7980652 ,0.996521 ,1.8377991 ,-1.1457672 ,-0.43084717 ,5.755615 ,20.739746 ,-4.611206 ,Andar
-10.820831 ,-1.7599792 ,1.4916382 ,0.6686859 ,-2.101883 ,0.18455505 ,6.6864014 ,22.036743 ,-10.668945 ,Andar
-10.482819 ,-1.6028748 ,2.1533813 ,-0.7727356 ,-1.1286163 ,-0.5637207 ,2.947998 ,14.994812 ,-14.645386 ,Andar
-10.035309 ,-1.4076843 ,2.8198853 ,-0.73049927 ,1.7149811 ,0.8539429 ,-0.9963989 ,14.602661 ,-11.3342285 ,Andar
-9.514008 ,-1.1886902 ,3.4030762 ,-0.9977875 ,1.5445099 ,0.7595215 ,-2.5299072 ,13.903809 ,-6.8573 ,Andar
-9.123627 ,-0.96969604 ,3.5482788 ,0.26254272 ,1.1528778 ,0.39753723 ,0.8117676 ,15.301514 ,-7.5897217 ,Andar
-8.797516 ,-0.75546265 ,3.6030273 ,1.7592316 ,-1.3304443 ,-0.3271942 ,5.0491333 ,19.90509 ,-9.719849 ,Andar
-8.514252 ,-0.5102844 ,3.5768433 ,0.550827 ,-2.321167 ,0.1265564 ,7.1517944 ,22.018433 ,-14.079285 ,Andar
-8.37619 ,-0.30081177 ,3.4125977 ,-1.0239105 ,-1.1990051 ,-0.17530823 ,1.6204834 ,15.284729 ,-13.197327 ,Andar
-8.369049 ,-0.100860596 ,3.3792725 ,-0.29240417 ,1.9651337 ,0.8522339 ,-2.1514893 ,16.392517 ,-9.819031 ,Andar
-8.626129 ,-0.036590576 ,3.2626343 ,-0.51730347 ,1.2396088 ,0.07443237 ,-2.7023315 ,15.812683 ,-6.690979 ,Andar
-9.133148 ,0.008636475 ,3.3007202 ,0.92658997 ,1.4755096 ,0.63690186 ,1.8630981 ,16.477966 ,-9.770203 ,Andar
-9.844879 ,0.051483154 ,3.2888184 ,0.8791046 ,-1.5654297 ,-0.2531128 ,3.6895752 ,20.739746 ,-8.305359 ,Andar
-10.689911 ,0.17288208 ,3.3292847 ,0.9547882 ,-1.7051849 ,0.6794586 ,7.1517944 ,20.825195 ,-15.310669 ,Andar
-11.45639 ,0.28952026 ,3.2578735 ,-1.7912445 ,-1.4969635 ,-0.5761719 ,1.5701294 ,13.664246 ,-15.011597 ,Andar
-12.070526 ,0.37521362 ,3.165039 ,-0.45161438 ,1.6054993 ,0.74909973 ,-3.9779663 ,17.074585 ,-8.953857 ,Andar
-12.510895 ,0.57992554 ,3.017456 ,-1.016159 ,1.8295288 ,0.9466553 ,-4.614258 ,17.227173 ,-5.2764893 ,Andar
-12.725128 ,0.71084595 ,2.798462 ,-0.33016968 ,0.926651 ,0.28457642 ,0.5706787 ,16.119385 ,-9.353638 ,Andar
-12.886993 ,0.8132019 ,2.6794434 ,2.1190796 ,-0.76000977 ,-0.5090332 ,4.446411 ,20.46814 ,-9.835815 ,Andar
-12.986969 ,0.7084656 ,2.760376 ,1.4087372 ,-2.1621246 ,0.03741455 ,6.3583374 ,20.86029 ,-14.479065 ,Andar
-12.998871 ,0.6251526 ,2.741333 ,-1.7074432 ,-1.3787689 ,0.006286621 ,3.4988403 ,14.346313 ,-16.409302 ,Andar
-12.941742 ,0.34902954 ,2.991272 ,-0.42608643 ,1.420929 ,0.6875305 ,-2.0309448 ,12.863159 ,-13.397217 ,Andar
-12.708466 ,0.034820557 ,3.2792969 ,-0.75335693 ,2.1705322 ,0.8671875 ,-3.994751 ,9.828186 ,-7.307434 ,Andar
-12.253815 ,-0.24368286 ,3.6553955 ,-0.51730347 ,1.1385193 ,0.46209717 ,0.3982544 ,13.595581 ,-10.884094 ,Andar
-11.877716 ,-0.5055237 ,3.9577026 ,1.0892029 ,-1.0840759 ,-0.52815247 ,4.171753 ,19.717407 ,-9.968567 ,Andar
-11.430206 ,-0.7030945 ,4.1885986 ,1.9662323 ,-2.4599762 ,-0.30252075 ,7.116699 ,22.2229 ,-14.179993 ,Andar
-10.977936 ,-0.92922974 ,4.338562 ,-1.4239655 ,-1.7213745 ,-0.4875641 ,3.8101196 ,14.585876 ,-16.442871 ,Andar
-10.630402 ,-1.0577698 ,4.26001 ,-0.21673584 ,1.3646393 ,0.7119293 ,-2.1850586 ,13.391113 ,-13.713074 ,Andar
-10.411407 ,-1.2529602 ,4.100525 ,-0.07809448 ,2.6136322 ,1.1178741 ,-5.4763794 ,13.920593 ,-5.4763794 ,Andar
-10.294769 ,-1.3434143 ,3.8934326 ,-1.2209167 ,0.82710266 ,0.34706116 ,-0.17089844 ,16.06903 ,-8.505249 ,Andar
-10.17099 ,-1.4576721 ,3.8244019 ,2.238922 ,-0.5152588 ,-0.21792603 ,4.222107 ,19.08722 ,-10.4522705 ,Andar
-10.087677 ,-1.5243225 ,3.9077148 ,1.6770477 ,-2.664627 ,-0.16445923 ,6.806946 ,21.746826 ,-13.813782 ,Andar
-9.935333 ,-1.6457214 ,3.9505615 ,1.3797302 ,-1.7902069 ,0.051361084 ,3.3950806 ,13.835144 ,-15.643311 ,Andar
-9.668732 ,-1.8742371 ,4.224304 ,0.66233826 ,-1.5977936 ,-0.28729248 ,-2.9266357 ,15.966797 ,-10.668945 ,Andar
-9.33786 ,-2.0694275 ,4.493286 ,-0.048721313 ,-1.0401764 ,0.25804138 ,-4.6661377 ,16.835022 ,-4.8599243 ,Andar
-8.966522 ,-2.2955627 ,4.724182 ,-0.094055176 ,-0.53330994 ,-0.009414673 ,1.6738892 ,16.835022 ,-10.551453 ,Andar
-8.661835 ,-2.605011 ,4.890808 ,0.0259552 ,-0.5693512 ,-0.4451599 ,4.5318604 ,19.802856 ,-10.418701 ,Andar
-8.321442 ,-2.8121033 ,4.9717407 ,-0.09715271 ,0.7343445 ,-0.5237732 ,6.4102173 ,21.354675 ,-14.030457 ,Andar
-8.107208 ,-3.0358582 ,5.000305 ,0.2598114 ,0.21620178 ,-0.12600708 ,2.5512695 ,13.067627 ,-15.9591675 ,Andar
-7.964386 ,-3.1834412 ,5.038391 ,0.1643219 ,0.4363861 ,0.18049622 ,-2.307129 ,15.489197 ,-12.098694 ,Andar
-8.035797 ,-3.169159 ,5.1121826 ,-0.17106628 ,-0.0901947 ,0.27485657 ,-4.269409 ,14.260864 ,-5.975342 ,Andar
-8.171478 ,-3.0620422 ,5.2526245 ,-0.09020996 ,-0.2594452 ,-0.006164551 ,0.6225586 ,16.13617 ,-9.436035 ,Andar
-8.50473 ,-2.8311462 ,5.4002075 ,0.04144287 ,-0.2995453 ,-0.34176636 ,5.0323486 ,21.45691 ,-8.570862 ,Andar
-8.909393 ,-2.6835632 ,5.4835205 ,-0.029327393 ,0.010528564 ,-0.527298 ,7.0999146 ,23.672485 ,-7.839966 ,Andar
-9.378326 ,-2.4931335 ,5.5977783 ,0.091430664 ,0.07211304 ,-0.046539307 ,3.9474487 ,16.870117 ,-13.946533 ,Andar
-9.768707 ,-2.245575 ,5.590637 ,0.10343933 ,0.10067749 ,0.12890625 ,-0.6866455 ,15.011597 ,-10.667419 ,Andar
-10.0781555 ,-1.95755 ,5.5358887 ,-0.47148132 ,0.32066345 ,0.40725708 ,-1.8753052 ,16.563416 ,-6.7581177 ,Andar
-10.337616 ,-1.6100159 ,5.435913 ,0.048065186 ,-0.4809723 ,0.009429932 ,0.69122314 ,16.204834 ,-6.4086914 ,Andar
-10.632782 ,-1.2505798 ,5.1050415 ,0.09025574 ,-0.12319946 ,-0.601593 ,4.6188354 ,20.94574 ,-7.5393677 ,Andar
-11.0017395 ,-0.9815979 ,4.8551025 ,0.31214905 ,0.16685486 ,-0.3558197 ,6.2561035 ,22.7005 ,-8.987427 ,Andar
