-2.941995 ,8.100293 ,3.1185145 ,-0.059341244 ,-0.34033948 ,-0.16755176 ,9.8 ,30.300001 ,14.2 ,?
-1.3533176 ,8.404299 ,2.9027684 ,-0.09424786 ,-0.3071782 ,-0.20245837 ,10.1 ,30.6 ,13.6 ,?
-2.1574628 ,8.659272 ,2.9027684 ,-0.11170117 ,-0.1535891 ,-0.15533444 ,10.400001 ,30.7 ,12.900001 ,?
-2.4124358 ,9.277091 ,3.697107 ,-0.029670622 ,-0.099483855 ,-0.1815144 ,10.1 ,30.800001 ,13.1 ,?
-1.5494506 ,9.384964 ,3.8147867 ,0.006981323 ,-0.25307295 ,-0.28797957 ,7.9 ,30.300001 ,14.3 ,?
-1.6867437 ,9.63013 ,4.089373 ,0.04886926 ,-0.38222742 ,-0.3071782 ,5.3 ,29.6 ,15.400001 ,?
-2.8733485 ,9.355544 ,4.5502853 ,0.13439047 ,-0.51312727 ,-0.28797957 ,3.4 ,28.2 ,16.7 ,?
-2.608569 ,9.090764 ,4.1580195 ,0.14660779 ,-0.664971 ,-0.35081148 ,1.3000001 ,26.800001 ,17.9 ,?
-1.8632635 ,8.610238 ,3.7755601 ,0.15184377 ,-0.82554144 ,-0.41713405 ,-1.5 ,25.9 ,19.0 ,?
-2.441856 ,8.610238 ,3.7363336 ,0.1867504 ,-0.881392 ,-0.38222742 ,-4.2000003 ,25.0 ,20.5 ,?
-2.4810824 ,8.943665 ,3.7363336 ,0.24085565 ,-0.902336 ,-0.36651945 ,-6.8 ,24.0 ,22.4 ,?
-2.1672697 ,8.776952 ,3.4225209 ,0.23387432 ,-0.8447401 ,-0.43458736 ,-8.900001 ,23.300001 ,23.300001 ,?
-2.2751427 ,9.012311 ,3.4225209 ,0.28797957 ,-0.79936147 ,-0.49218327 ,-8.8 ,23.2 ,23.300001 ,?
-2.883155 ,9.551677 ,3.5303938 ,0.3857181 ,-0.67718834 ,-0.45029533 ,-8.3 ,23.300001 ,23.4 ,?
-3.8736267 ,10.287175 ,3.7559469 ,0.44331402 ,-0.5846858 ,-0.3735008 ,-8.8 ,23.7 ,23.2 ,?
-4.1874394 ,10.110656 ,3.7363336 ,0.43458736 ,-0.73478425 ,-0.27401692 ,-9.1 ,24.2 ,23.2 ,?
-4.324733 ,9.443804 ,3.550007 ,0.3752461 ,-1.1466823 ,-0.17278774 ,-9.1 ,24.0 ,23.2 ,?
-4.2953124 ,8.776952 ,2.9321883 ,0.33335817 ,-1.3980099 ,-0.1308998 ,-8.900001 ,24.0 ,23.4 ,?
-3.8344 ,8.531785 ,2.7850885 ,0.30194223 ,-1.2339488 ,-0.15533444 ,-8.900001 ,23.9 ,23.4 ,?
-3.3636808 ,8.512172 ,2.3732092 ,0.3124142 ,-0.72780293 ,-0.19373171 ,-9.1 ,23.9 ,23.0 ,?
-3.1577413 ,8.571012 ,2.432049 ,0.35255682 ,0.0226893 ,-0.29845157 ,-9.6 ,24.0 ,23.0 ,?
-2.9223816 ,8.1101 ,2.7360554 ,0.3298675 ,0.73129356 ,-0.3071782 ,-9.7 ,24.0 ,23.0 ,?
-2.883155 ,8.090487 ,3.0596747 ,0.31415954 ,1.4346619 ,-0.21118502 ,-9.7 ,23.9 ,23.0 ,?
-2.0005565 ,7.404021 ,3.3538742 ,0.35081148 ,1.8500506 ,0.06283191 ,-9.3 ,24.0 ,22.9 ,?
-0.60801226 ,6.6783285 ,3.079288 ,0.13439047 ,2.5551643 ,0.49741927 ,-9.2 ,24.2 ,22.7 ,?
-0.7747253 ,6.2272224 ,2.3143694 ,0.4764753 ,3.9758635 ,0.26878095 ,-9.5 ,24.4 ,22.4 ,?
-0.32361946 ,9.110377 ,2.5399222 ,0.019198637 ,4.506444 ,1.2897995 ,-9.6 ,24.800001 ,22.4 ,?
-1.5690639 ,9.855683 ,-2.6183755 ,-0.22514766 ,3.1904645 ,0.75223756 ,-9.6 ,24.6 ,22.6 ,?
-1.0591182 ,13.258591 ,-2.9616082 ,-0.49218327 ,2.5028043 ,0.06457724 ,-9.2 ,24.5 ,22.300001 ,?
-3.8736267 ,8.551398 ,-1.2650578 ,-0.3752461 ,2.1711915 ,0.3124142 ,-8.8 ,24.800001 ,22.2 ,?
-2.6477954 ,7.6491866 ,0.14709975 ,-0.1535891 ,1.9024105 ,0.4939286 ,-8.8 ,25.1 ,22.300001 ,?
-1.2454445 ,8.875018 ,-0.17651969 ,-0.1535891 ,1.8500506 ,0.5393072 ,-9.2 ,25.1 ,22.0 ,?
-1.0689248 ,9.355544 ,-0.9414384 ,-0.28099826 ,2.115341 ,0.57595915 ,-9.400001 ,25.2 ,21.800001 ,?
-1.1571847 ,9.365351 ,-1.0591182 ,-0.34208483 ,2.6563933 ,0.67718834 ,-9.400001 ,25.2 ,22.0 ,?
-0.8629852 ,9.7183895 ,-0.9120184 ,-0.34208483 ,3.4051404 ,0.84648544 ,-9.1 ,25.2 ,22.0 ,?
-0.60801226 ,10.0910425 ,-0.6374322 ,-0.43458736 ,4.248135 ,1.0541798 ,-8.900001 ,25.4 ,22.1 ,?
-0.16671304 ,9.98317 ,-0.6766588 ,-0.56548715 ,5.01259 ,1.155409 ,-9.3 ,25.4 ,22.6 ,?
-0.10787315 ,10.228335 ,-1.0885382 ,-0.7295483 ,5.64789 ,1.1065397 ,-9.5 ,25.5 ,22.7 ,?
-1.0885382 ,11.032481 ,-2.2064962 ,-1.0192732 ,5.815442 ,1.0070559 ,-9.7 ,25.300001 ,22.7 ,?
-2.353596 ,11.26784 ,-3.2558076 ,-1.350886 ,5.4436865 ,0.9250253 ,-9.6 ,25.1 ,23.1 ,?
-2.991028 ,10.581375 ,-3.559814 ,-1.4521152 ,4.796169 ,0.82554144 ,-9.2 ,24.800001 ,23.1 ,?
-3.216581 ,11.081514 ,-3.3146477 ,-1.4625871 ,4.2533712 ,0.81506944 ,-9.1 ,24.2 ,23.4 ,?
-3.6578803 ,11.895466 ,-2.6281822 ,-1.535891 ,3.920013 ,1.0105464 ,-9.400001 ,24.2 ,23.300001 ,?
-3.275421 ,10.973641 ,-1.3925443 ,-1.3980099 ,3.7978396 ,1.1309743 ,-9.400001 ,24.4 ,23.2 ,?
-2.8929617 ,11.209001 ,0.049033247 ,-1.2915448 ,3.698356 ,1.2269676 ,-9.3 ,24.4 ,22.7 ,?
-3.6774936 ,12.179859 ,-0.35303938 ,-1.408482 ,3.5377855 ,1.5132017 ,-9.2 ,23.9 ,22.7 ,?
-5.0308113 ,13.297817 ,0.44129923 ,-1.4067366 ,3.4313202 ,1.6650455 ,-8.900001 ,23.800001 ,22.6 ,?
-5.325011 ,13.288011 ,2.265336 ,-1.1274836 ,3.022913 ,1.5847603 ,-8.900001 ,23.9 ,22.5 ,?
-5.7368903 ,14.043122 ,1.5004175 ,-1.2950354 ,2.4382272 ,1.5603257 ,-9.3 ,24.2 ,22.7 ,?
-5.9134097 ,12.699612 ,-0.1372931 ,-1.5847603 ,1.8919386 ,1.8378333 ,-9.3 ,24.4 ,22.5 ,?
-5.2269444 ,9.7183895 ,0.18632634 ,-1.567307 ,1.5533444 ,2.083925 ,-9.2 ,24.2 ,22.5 ,?
-4.785645 ,7.678607 ,0.7649187 ,-1.4521152 ,1.3281966 ,2.1973715 ,-9.1 ,23.9 ,22.5 ,?
-4.815065 ,6.521422 ,0.7354987 ,-1.2653648 ,1.1780982 ,2.2392592 ,-9.0 ,24.0 ,23.0 ,?
-4.903325 ,4.2364726 ,1.8632635 ,-0.9826212 ,1.1780982 ,2.2200608 ,-9.400001 ,24.2 ,23.1 ,?
-4.422799 ,2.9321883 ,1.8632635 ,-0.68766034 ,0.6632257 ,1.7697654 ,-9.5 ,24.300001 ,22.9 ,?
-4.2070527 ,3.0890946 ,0.69627213 ,-0.60388446 ,-0.21467568 ,1.0018198 ,-9.6 ,24.2 ,23.0 ,?
-5.0013914 ,3.9226599 ,0.57859236 ,-0.74525625 ,-1.2147502 ,0.27576226 ,-9.5 ,24.2 ,22.7 ,?
-4.1384063 ,4.0795665 ,0.2353596 ,-0.6422817 ,-2.026329 ,-0.49218327 ,-9.6 ,24.5 ,22.7 ,?
-0.588399 ,6.9823346 ,1.6475172 ,0.027925292 ,-2.6616294 ,-1.3491406 ,-9.7 ,24.2 ,22.9 ,?
1.147378 ,14.317709 ,1.1179581 ,0.54803383 ,-3.2166445 ,-2.1677008 ,-10.3 ,24.6 ,22.7 ,?
2.775282 ,19.544653 ,-0.16671304 ,0.68766034 ,-3.3213644 ,-2.485351 ,-10.3 ,24.6 ,22.6 ,?
4.1285996 ,18.220755 ,3.049868 ,1.0314904 ,-2.4364817 ,-2.3614326 ,-10.1 ,24.4 ,22.6 ,?
5.991863 ,16.661497 ,5.8447633 ,1.2566382 ,-1.4695685 ,-2.1205769 ,-9.900001 ,24.4 ,23.0 ,?
5.7565036 ,14.376549 ,5.344624 ,1.1379557 ,-0.6283191 ,-1.8064173 ,-9.8 ,24.5 ,23.0 ,?
4.059953 ,12.346572 ,4.932745 ,0.8726654 ,0.015707977 ,-1.8692492 ,-10.1 ,24.5 ,23.4 ,?
1.7848103 ,10.375436 ,4.167826 ,0.6178471 ,0.054105252 ,-2.0455277 ,-10.0 ,24.7 ,23.300001 ,?
-0.4707192 ,8.394492 ,3.4911673 ,0.4660033 ,-0.34732082 ,-1.9861864 ,-10.0 ,24.6 ,23.2 ,?
-1.8534569 ,7.404021 ,3.3538742 ,0.43458736 ,-0.7679455 ,-1.8901932 ,-9.8 ,24.300001 ,23.4 ,?
-1.4513842 ,7.3255672 ,2.941995 ,0.4258607 ,-1.0349811 ,-1.8517959 ,-9.7 ,24.5 ,23.300001 ,?
-0.75511205 ,7.708027 ,2.2849493 ,0.35081148 ,-1.2095143 ,-1.7767467 ,-9.900001 ,24.7 ,23.2 ,?
-0.088259846 ,8.061066 ,1.4611908 ,0.15009844 ,-1.2566382 ,-1.6371202 ,-10.3 ,24.6 ,23.1 ,?
0.30400613 ,7.5707335 ,1.1964113 ,0.034906615 ,-1.0279998 ,-1.4468791 ,-10.3 ,24.800001 ,23.0 ,?
0.20593965 ,6.913688 ,1.7259704 ,0.02443463 ,-0.664971 ,-1.2182409 ,-9.7 ,24.7 ,22.9 ,?
-0.1569064 ,6.766588 ,1.4415776 ,-0.0907572 ,-0.4363327 ,-1.0524344 ,-9.6 ,24.2 ,23.0 ,?
0.0 ,6.413549 ,0.7649187 ,-0.14835311 ,-0.29321557 ,-1.0716331 ,-9.3 ,24.5 ,23.300001 ,?
0.3138128 ,5.933023 ,0.48052585 ,-0.036651947 ,-0.23038366 ,-1.0349811 ,-9.1 ,24.300001 ,23.300001 ,?
0.71588546 ,6.5998755 ,0.2157463 ,0.0034906615 ,0.0453786 ,-0.9302613 ,-9.1 ,24.300001 ,23.5 ,?
0.93163174 ,8.178746 ,0.0588399 ,-0.066322565 ,0.5672325 ,-0.7155856 ,-8.8 ,24.4 ,23.6 ,?
0.5491724 ,9.080957 ,0.19613299 ,-0.2775076 ,1.0541798 ,-0.41538873 ,-8.5 ,24.5 ,23.6 ,?
0.19613299 ,8.737725 ,0.84337187 ,-0.28274357 ,1.4625871 ,-0.08203054 ,-8.6 ,24.5 ,23.7 ,?
-0.2549729 ,8.727919 ,2.3830159 ,0.17278774 ,1.8011813 ,0.24260098 ,-8.7 ,24.5 ,23.800001 ,?
-1.5984839 ,12.081793 ,3.2067745 ,0.5986484 ,2.026329 ,0.92153466 ,-8.7 ,24.9 ,23.7 ,?
-3.4519408 ,16.269232 ,2.1378496 ,0.6684617 ,1.8029267 ,1.8325973 ,-9.0 ,24.9 ,23.2 ,?
-4.0403395 ,15.759286 ,1.9221034 ,0.81332415 ,1.1309743 ,2.2619486 ,-9.2 ,25.0 ,23.2 ,?
-3.0302548 ,13.925443 ,3.246001 ,0.8342681 ,0.3630288 ,1.9041559 ,-9.3 ,24.800001 ,23.0 ,?
-1.5200307 ,12.346572 ,3.246001 ,0.7190763 ,-0.24783696 ,1.350886 ,-9.1 ,24.800001 ,23.0 ,?
-1.1866046 ,11.59146 ,3.1871612 ,0.68766034 ,-0.33684883 ,1.3421594 ,-9.1 ,24.800001 ,23.1 ,?
-1.4317709 ,12.395605 ,3.8147867 ,0.5881765 ,0.19896771 ,1.6807535 ,-9.1 ,24.4 ,23.2 ,?
-0.97085834 ,13.08207 ,2.8047018 ,0.16929708 ,0.8988453 ,1.825616 ,-9.400001 ,24.7 ,23.0 ,?
-0.19613299 ,12.356379 ,1.8534569 ,-0.37873676 ,1.4852765 ,1.7767467 ,-9.3 ,24.7 ,23.300001 ,?
0.00980665 ,10.591182 ,1.3337044 ,-0.8744107 ,1.7819827 ,1.7662747 ,-8.6 ,24.800001 ,23.6 ,?
-0.65704554 ,9.65955 ,0.9610517 ,-1.2287128 ,1.7592934 ,1.762784 ,-8.2 ,25.1 ,23.300001 ,?
-1.3140911 ,9.443804 ,0.8727918 ,-1.4765499 ,1.2793274 ,1.7505667 ,-8.1 ,25.4 ,23.0 ,?
-2.0888164 ,9.257478 ,0.56878567 ,-1.5795243 ,0.6981323 ,1.7086788 ,-8.3 ,25.5 ,23.0 ,?
-1.93191 ,8.904438 ,1.0395049 ,-1.4695685 ,0.27401692 ,1.5952322 ,-8.2 ,25.4 ,22.9 ,?
-1.1179581 ,8.698499 ,1.8632635 ,-1.2671101 ,-0.034906615 ,1.5324004 ,-8.2 ,25.7 ,22.7 ,?
-1.0395049 ,8.825985 ,1.8044236 ,-1.097813 ,-0.026179962 ,1.514947 ,-7.6 ,25.6 ,22.9 ,?
-0.6276256 ,9.522257 ,2.128043 ,-0.99134785 ,0.14835311 ,1.4556059 ,-7.7000003 ,25.4 ,22.5 ,?
-0.57859236 ,9.502644 ,2.0299766 ,-0.89360934 ,0.3001969 ,1.4294258 ,-8.1 ,25.7 ,22.5 ,?
-0.5491724 ,8.247393 ,1.8240368 ,-0.696387 ,0.54279786 ,1.3840473 ,-8.3 ,25.7 ,22.6 ,?
0.049033247 ,7.5118937 ,1.8632635 ,-0.5497792 ,0.8290321 ,1.1013037 ,-8.6 ,25.1 ,22.9 ,?
0.10787315 ,7.6688 ,2.1574628 ,-0.34906614 ,0.92153466 ,0.7155856 ,-8.6 ,24.9 ,22.9 ,?
-0.098066494 ,7.8257065 ,2.0593965 ,-0.0680679 ,0.68416965 ,0.35430214 ,-8.8 ,25.2 ,22.9 ,?
-0.38245934 ,7.864933 ,1.8338435 ,0.15009844 ,0.24085565 ,0.0052359924 ,-8.5 ,25.0 ,23.0 ,?
-0.7649187 ,8.16894 ,1.5102241 ,0.3124142 ,-0.21467568 ,-0.3804821 ,-8.900001 ,25.1 ,22.7 ,?
-1.2552512 ,8.629851 ,1.7259704 ,0.52534455 ,-0.58294046 ,-0.664971 ,-9.0 ,25.0 ,22.7 ,?
-1.0983448 ,8.953471 ,1.8926834 ,0.7487469 ,-0.89011866 ,-0.8569574 ,-9.400001 ,24.4 ,22.5 ,?
-0.6864655 ,9.502644 ,1.4906107 ,0.881392 ,-1.1850796 ,-1.0786144 ,-9.6 ,24.4 ,22.7 ,?
-0.2549729 ,10.149882 ,1.0493115 ,0.9093173 ,-1.4032459 ,-1.31947 ,-9.3 ,24.6 ,22.5 ,?
-0.14709975 ,10.189109 ,0.9414384 ,0.89360934 ,-1.535891 ,-1.5481083 ,-9.3 ,24.6 ,22.6 ,?
0.14709975 ,10.022396 ,0.8727918 ,0.8744107 ,-1.5899963 ,-1.7505667 ,-9.3 ,24.5 ,22.4 ,?
0.44129923 ,10.061623 ,0.8629852 ,0.87092006 ,-1.5917417 ,-2.005385 ,-9.900001 ,24.5 ,22.2 ,?
0.8041453 ,10.787314 ,0.70607877 ,0.8988453 ,-1.5865057 ,-2.2863834 ,-10.0 ,24.1 ,22.2 ,?
0.75511205 ,12.336765 ,0.1569064 ,0.8726654 ,-1.6388656 ,-2.474879 ,-10.0 ,24.4 ,22.4 ,?
0.5982056 ,14.092155 ,-0.38245934 ,0.7295483 ,-1.5707977 ,-2.5604002 ,-9.3 ,24.800001 ,22.7 ,?
0.4707192 ,14.788428 ,-0.18632634 ,0.56897783 ,-1.2863088 ,-2.5516737 ,-8.8 ,24.6 ,22.800001 ,?
0.39226598 ,14.141189 ,0.5393657 ,0.49218327 ,-0.95469594 ,-2.4556804 ,-9.0 ,24.6 ,22.800001 ,?
-0.0392266 ,12.640772 ,1.1277647 ,0.5270899 ,-0.7871442 ,-2.2654393 ,-9.400001 ,24.4 ,22.7 ,?
-0.84337187 ,11.258034 ,1.4219642 ,0.5672325 ,-0.73827493 ,-2.1031237 ,-9.6 ,24.1 ,22.9 ,?
-1.3925443 ,10.630408 ,1.1277647 ,0.41015273 ,-0.80285215 ,-1.8797212 ,-8.7 ,24.4 ,22.9 ,?
-1.4906107 ,9.384964 ,0.5491724 ,0.22863832 ,-0.7906348 ,-1.6598096 ,-8.400001 ,24.5 ,23.300001 ,?
-1.2650578 ,8.335652 ,0.6864655 ,0.08203054 ,-0.6527537 ,-1.4590966 ,-8.5 ,24.2 ,23.0 ,?
-0.97085834 ,7.72764 ,0.65704554 ,-0.06283191 ,-0.5881765 ,-1.2793274 ,-9.0 ,23.9 ,23.0 ,?
-1.1964113 ,7.864933 ,0.44129923 ,-0.18500505 ,-0.50789124 ,-1.1728623 ,-9.5 ,23.9 ,23.0 ,?
-1.4513842 ,8.423912 ,-0.098066494 ,-0.3630288 ,-0.5218539 ,-1.0279998 ,-9.5 ,23.9 ,23.0 ,?
-1.5886773 ,8.590625 ,-0.32361946 ,-0.39619008 ,-0.46251264 ,-0.84648544 ,-9.0 ,24.2 ,23.0 ,?
-1.2552512 ,8.453332 ,-0.00980665 ,-0.3176502 ,-0.3857181 ,-0.6248284 ,-9.0 ,24.5 ,23.0 ,?
-1.0493115 ,8.325846 ,0.2353596 ,-0.2042037 ,-0.27576226 ,-0.39095408 ,-9.400001 ,24.2 ,23.2 ,?
-0.69627213 ,8.394492 ,0.12748645 ,-0.12915447 ,-0.19722238 ,-0.28623423 ,-9.7 ,24.1 ,23.0 ,?
-0.4707192 ,8.659272 ,0.0196133 ,-0.057595916 ,-0.09599319 ,-0.26529026 ,-10.0 ,24.0 ,23.0 ,?
-0.5393657 ,9.247671 ,-0.16671304 ,-0.010471985 ,0.1134465 ,-0.16231576 ,-9.900001 ,23.9 ,23.0 ,?
-0.83356524 ,9.590903 ,-0.10787315 ,0.034906615 ,0.4817113 ,0.09250253 ,-9.7 ,24.2 ,23.0 ,?
-1.1081514 ,9.934136 ,0.14709975 ,0.099483855 ,0.86568403 ,0.44680467 ,-9.900001 ,24.2 ,23.0 ,?
-1.2552512 ,9.95375 ,0.32361946 ,0.19547704 ,1.2182409 ,0.8115788 ,-10.0 ,24.2 ,23.0 ,?
-1.5102241 ,9.973363 ,0.5001391 ,0.27576226 ,1.556835 ,1.1431917 ,-10.0 ,24.1 ,23.0 ,?
-1.93191 ,10.600988 ,0.5295591 ,0.26529026 ,1.8291066 ,1.4713138 ,-9.900001 ,24.0 ,22.9 ,?
-2.5595355 ,11.199194 ,0.44129923 ,0.14486246 ,1.9233545 ,1.788964 ,-9.8 ,24.300001 ,23.0 ,?
-2.824315 ,10.591182 ,0.9120184 ,0.120427825 ,1.7051882 ,1.8552866 ,-9.5 ,24.7 ,23.300001 ,?
-2.5791488 ,9.257478 ,1.7848103 ,0.26529026 ,1.2304581 ,1.593487 ,-9.6 ,25.1 ,23.300001 ,?
-2.441856 ,9.080957 ,2.010363 ,0.39619008 ,0.6195924 ,1.1222477 ,-9.7 ,24.800001 ,23.300001 ,?
-2.4614692 ,10.473502 ,1.4415776 ,0.35604748 ,0.22863832 ,0.97214925 ,-9.7 ,24.7 ,23.300001 ,?
-2.9223816 ,12.454445 ,0.9120184 ,0.1867504 ,0.2600543 ,1.2444208 ,-9.7 ,24.7 ,23.6 ,?
-2.5006957 ,13.395884 ,0.89240515 ,-0.027925292 ,0.5637418 ,1.4713138 ,-9.5 ,24.7 ,23.5 ,?
-1.6279038 ,13.248784 ,1.3238977 ,-0.26529026 ,0.86568403 ,1.5411271 ,-9.7 ,24.6 ,23.4 ,?
-1.2552512 ,12.483865 ,1.4611908 ,-0.6091204 ,1.0733784 ,1.6109403 ,-9.900001 ,24.6 ,23.0 ,?
-1.2160245 ,11.26784 ,1.2846711 ,-0.92327994 ,1.1309743 ,1.6894802 ,-10.0 ,24.2 ,23.0 ,?
-1.2944778 ,10.395049 ,1.2944778 ,-1.1676263 ,0.9302613 ,1.7278775 ,-10.0 ,24.1 ,23.0 ,?
-1.4219642 ,9.757616 ,1.0198916 ,-1.3072528 ,0.62308306 ,1.7104242 ,-9.7 ,24.300001 ,23.0 ,?
-1.2160245 ,9.5320635 ,1.2748644 ,-1.3439047 ,0.40666208 ,1.6057043 ,-9.7 ,24.4 ,22.9 ,?
-0.8727918 ,9.228058 ,1.7946169 ,-1.2601289 ,0.34732082 ,1.4713138 ,-9.7 ,24.5 ,22.7 ,?
-0.61781895 ,9.286898 ,1.5200307 ,-1.1693716 ,0.30194223 ,1.3543767 ,-9.900001 ,24.6 ,22.7 ,?
-0.6276256 ,9.375157 ,1.2846711 ,-1.0873411 ,0.34208483 ,1.2775822 ,-9.7 ,24.6 ,22.7 ,?
-0.6668522 ,9.149604 ,0.9414384 ,-0.99134785 ,0.5235992 ,1.2514021 ,-9.5 ,24.6 ,23.0 ,?
-0.78453195 ,8.992698 ,1.0198916 ,-0.907572 ,0.8168148 ,1.1780982 ,-9.6 ,24.7 ,22.9 ,?
-0.8041453 ,8.669079 ,0.7649187 ,-0.8779014 ,1.0000745 ,1.0541798 ,-9.6 ,24.6 ,23.2 ,?
-1.1179581 ,8.061066 ,0.7354987 ,-0.80285215 ,0.9878572 ,0.8691747 ,-9.7 ,24.7 ,23.300001 ,?
-1.176798 ,7.472667 ,1.1081514 ,-0.5899218 ,0.8185601 ,0.54279786 ,-9.5 ,24.6 ,23.300001 ,?
-1.1179581 ,7.2176943 ,1.4415776 ,-0.31415954 ,0.48694727 ,0.14660779 ,-9.6 ,24.300001 ,23.6 ,?
-1.2944778 ,7.364794 ,1.4611908 ,-0.07504922 ,0.18325973 ,-0.12566382 ,-9.400001 ,24.2 ,23.5 ,?
-1.2748644 ,7.737447 ,1.4611908 ,0.21816635 ,-0.13439047 ,-0.34732082 ,-9.7 ,24.5 ,23.800001 ,?
-0.9120184 ,8.521978 ,1.6769371 ,0.5235992 ,-0.36128345 ,-0.54628855 ,-9.7 ,24.800001 ,23.7 ,?
-0.5982056 ,9.257478 ,1.8044236 ,0.7766722 ,-0.5166179 ,-0.7295483 ,-9.3 ,24.800001 ,23.6 ,?
-0.17651969 ,10.306788 ,1.7946169 ,0.92327994 ,-0.6126111 ,-0.928516 ,-9.1 ,24.300001 ,23.4 ,?
0.20593965 ,11.405133 ,1.4906107 ,0.9756399 ,-0.69464165 ,-1.1536636 ,-8.7 ,24.0 ,23.300001 ,?
0.49033248 ,11.924886 ,1.2454445 ,0.94422394 ,-0.7976161 ,-1.3281966 ,-8.5 ,24.5 ,23.5 ,?
0.37265268 ,11.6503 ,1.1571847 ,0.907572 ,-0.9145533 ,-1.4311712 ,-8.400001 ,24.800001 ,23.300001 ,?
0.00980665 ,11.081514 ,1.5200307 ,0.907572 ,-1.0594158 ,-1.4974937 ,-8.2 ,25.1 ,23.1 ,?
-0.24516624 ,10.885382 ,1.6573238 ,0.9197893 ,-1.3439047 ,-1.556835 ,-7.9 ,25.0 ,23.0 ,?
-0.2549729 ,11.169774 ,1.3925443 ,0.918044 ,-1.593487 ,-1.7243868 ,-7.6 ,24.6 ,23.0 ,?
0.2157463 ,12.00334 ,1.2944778 ,0.8796467 ,-1.7645293 ,-1.9477891 ,-7.6 ,24.800001 ,23.300001 ,?
0.4707192 ,12.993811 ,0.9610517 ,0.7679455 ,-1.8448147 ,-2.0751982 ,-7.8 ,25.1 ,23.300001 ,?
0.60801226 ,13.484143 ,0.34323275 ,0.6003938 ,-1.762784 ,-2.1101048 ,-8.1 ,25.1 ,23.300001 ,?
0.70607877 ,13.072264 ,0.37265268 ,0.5218539 ,-1.5324004 ,-2.073453 ,-8.400001 ,24.7 ,23.0 ,?
0.57859236 ,12.591739 ,0.6276256 ,0.39444476 ,-1.2845634 ,-1.9547704 ,-8.2 ,24.0 ,23.1 ,?
0.5295591 ,11.032481 ,0.5491724 ,0.28448892 ,-0.9424786 ,-1.7034428 ,-7.9 ,24.0 ,23.300001 ,?
0.5982056 ,9.375157 ,0.98066497 ,0.24609163 ,-0.5707232 ,-1.5219284 ,-7.9 ,24.2 ,23.300001 ,?
0.46091253 ,8.316039 ,1.0885382 ,0.1535891 ,-0.26354495 ,-1.4137179 ,-8.0 ,23.9 ,23.2 ,?
-0.0784532 ,7.678607 ,0.8237586 ,0.06283191 ,-0.10471985 ,-1.3631033 ,-8.5 ,23.9 ,22.800001 ,?
-0.8041453 ,7.5511203 ,0.5491724 ,0.07679455 ,-0.066322565 ,-1.3788112 ,-8.5 ,24.1 ,22.7 ,?
-1.4808041 ,8.453332 ,0.049033247 ,-0.0226893 ,-0.18849573 ,-1.3037621 ,-8.7 ,24.2 ,23.0 ,?
-2.1182363 ,8.757339 ,-0.6276256 ,-0.20594902 ,-0.34557548 ,-1.0629064 ,-8.5 ,24.2 ,23.0 ,?
-1.6867437 ,8.482752 ,-0.44129923 ,-0.18849573 ,-0.40142608 ,-0.8290321 ,-8.5 ,24.9 ,23.0 ,?
-1.2748644 ,8.100293 ,0.02941995 ,-0.11519183 ,-0.43807802 ,-0.6126111 ,-8.900001 ,24.7 ,23.0 ,?
-1.1866046 ,8.267006 ,0.0392266 ,-0.0907572 ,-0.459022 ,-0.469494 ,-8.900001 ,24.6 ,22.7 ,?
-1.1669914 ,8.365072 ,-0.24516624 ,-0.13962646 ,-0.41538873 ,-0.3228862 ,-9.1 ,24.6 ,22.9 ,?
-1.0787314 ,8.119906 ,-0.02941995 ,-0.07679455 ,-0.23038366 ,-0.21642101 ,-8.7 ,24.6 ,23.0 ,?
-0.8041453 ,8.4925585 ,0.4118793 ,0.057595916 ,0.038397275 ,-0.10995584 ,-8.6 ,24.5 ,22.800001 ,?
-0.89240515 ,9.5320635 ,0.20593965 ,0.066322565 ,0.40142608 ,0.12391848 ,-8.5 ,24.4 ,22.7 ,?
-1.1375713 ,10.395049 ,-0.0784532 ,0.02094397 ,0.72780293 ,0.3857181 ,-8.8 ,24.6 ,22.9 ,?
-1.3238977 ,10.444082 ,0.17651969 ,0.043633267 ,1.0541798 ,0.685915 ,-9.0 ,24.4 ,22.9 ,?
-1.7750036 ,10.1989155 ,0.65704554 ,0.108210504 ,1.3229607 ,0.938988 ,-8.900001 ,24.2 ,22.6 ,?
-2.1574628 ,10.8657675 ,0.34323275 ,0.1134465 ,1.4730592 ,1.1484276 ,-8.7 ,24.300001 ,22.800001 ,?
-2.7654753 ,12.022953 ,0.12748645 ,0.031415954 ,1.5411271 ,1.4451338 ,-8.5 ,24.5 ,22.9 ,?
-3.1381278 ,11.846433 ,0.5491724 ,0.038397275 ,1.5062205 ,1.6807535 ,-8.5 ,24.5 ,23.0 ,?
-2.853735 ,10.502922 ,1.6965504 ,0.13962646 ,1.2671101 ,1.6179216 ,-8.3 ,24.800001 ,23.0 ,?
-2.3830159 ,9.306511 ,2.2555294 ,0.23736498 ,0.7766722 ,1.2706008 ,-8.2 ,24.9 ,22.800001 ,?
-2.3339827 ,9.51245 ,1.6867437 ,0.19896771 ,0.2775076 ,0.92327994 ,-7.9 ,24.9 ,22.7 ,?
-2.2359161 ,10.934415 ,1.0689248 ,0.07330389 ,0.07330389 ,0.9424786 ,-7.6 ,24.9 ,22.300001 ,?
-1.8828768 ,12.238699 ,1.0591182 ,-0.038397275 ,0.28623423 ,1.192061 ,-8.0 ,25.0 ,22.6 ,?
-1.0198916 ,12.611352 ,1.4415776 ,-0.19722238 ,0.7295483 ,1.387538 ,-8.6 ,24.800001 ,22.5 ,?
-0.2353596 ,12.552511 ,1.5494506 ,-0.50265527 ,1.0716331 ,1.5079658 ,-8.7 ,24.800001 ,22.5 ,?
-0.32361946 ,12.111213 ,1.4023509 ,-0.87615603 ,1.31947 ,1.6004683 ,-8.8 ,24.6 ,22.2 ,?
-0.74530536 ,11.169774 ,1.4219642 ,-1.1641356 ,1.3212154 ,1.6790081 ,-8.8 ,24.4 ,22.2 ,?
-1.2846711 ,10.463696 ,0.98066497 ,-1.340414 ,1.176353 ,1.6877348 ,-8.900001 ,24.5 ,22.300001 ,?
-1.2552512 ,9.92433 ,1.4121575 ,-1.4032459 ,0.9424786 ,1.5952322 ,-9.3 ,24.2 ,22.300001 ,?
-1.5984839 ,9.51245 ,0.8237586 ,-1.4189539 ,0.69115096 ,1.5166924 ,-9.7 ,24.300001 ,22.4 ,?
-1.5984839 ,9.061344 ,0.9610517 ,-1.3212154 ,0.52534455 ,1.4189539 ,-9.6 ,24.5 ,22.4 ,?
-1.539644 ,8.786758 ,1.0100849 ,-1.155409 ,0.4712393 ,1.3578674 ,-9.3 ,24.6 ,22.4 ,?
-1.2552512 ,8.708305 ,0.92182505 ,-0.99832916 ,0.4886926 ,1.31947 ,-9.0 ,24.5 ,22.4 ,?
-0.951245 ,8.482752 ,0.60801226 ,-0.8674294 ,0.5567605 ,1.2130048 ,-9.1 ,25.0 ,22.5 ,?
-0.69627213 ,8.325846 ,0.49033248 ,-0.7731815 ,0.63355505 ,1.0000745 ,-9.5 ,25.1 ,22.7 ,?
-0.65704554 ,7.9728065 ,0.4118793 ,-0.70685893 ,0.696387 ,0.8080881 ,-10.0 ,25.300001 ,22.7 ,?
-0.78453195 ,7.1588545 ,0.7354987 ,-0.5270899 ,0.6928963 ,0.5899218 ,-9.7 ,25.2 ,22.6 ,?
-0.93163174 ,6.609682 ,1.4611908 ,-0.21642101 ,0.5393072 ,0.3228862 ,-9.5 ,25.4 ,22.9 ,?
-1.0493115 ,6.776395 ,1.6377105 ,0.10995584 ,0.19547704 ,0.027925292 ,-9.400001 ,25.5 ,23.0 ,?
-1.1866046 ,7.5413136 ,1.4219642 ,0.36477414 ,-0.14311711 ,-0.21293035 ,-9.400001 ,25.7 ,22.800001 ,?
-1.0198916 ,8.708305 ,1.2160245 ,0.5567605 ,-0.3577928 ,-0.36651945 ,-10.2 ,26.0 ,22.7 ,?
-0.7649187 ,9.502644 ,1.4709975 ,0.7470016 ,-0.4834566 ,-0.50789124 ,-9.8 ,25.7 ,22.800001 ,?
-0.42168593 ,10.247949 ,1.8926834 ,0.8569574 ,-0.59341246 ,-0.6283191 ,-9.400001 ,25.6 ,22.6 ,?
-0.36284605 ,10.904995 ,1.8142302 ,0.92327994 ,-0.8063428 ,-0.7941255 ,-9.1 ,25.5 ,22.7 ,?
-0.18632634 ,11.522814 ,1.6377105 ,0.9704039 ,-1.1798435 ,-1.0454531 ,-9.3 ,25.6 ,22.5 ,?
0.02941995 ,12.375992 ,1.0100849 ,0.9093173 ,-1.6737722 ,-1.3002714 ,-9.400001 ,25.6 ,22.4 ,?
0.38245934 ,12.532898 ,0.6668522 ,0.8045975 ,-2.0245836 ,-1.5219284 ,-9.7 ,25.6 ,22.300001 ,?
1.0002782 ,12.013146 ,1.0983448 ,0.7731815 ,-2.068217 ,-1.762784 ,-9.7 ,25.300001 ,22.6 ,?
1.3533176 ,12.013146 ,1.5102241 ,0.76270956 ,-1.9914224 ,-1.9460437 ,-9.400001 ,25.0 ,22.6 ,?
1.4906107 ,12.542705 ,1.2944778 ,0.7260576 ,-1.8971745 ,-2.0402915 ,-9.8 ,24.800001 ,22.7 ,?
1.4219642 ,12.768258 ,0.93163174 ,0.66671634 ,-1.7924547 ,-2.115341 ,-9.7 ,24.800001 ,23.0 ,?
1.2552512 ,12.297539 ,0.7747253 ,0.60388446 ,-1.6283937 ,-2.195626 ,-9.7 ,24.800001 ,23.1 ,?
0.7649187 ,11.826819 ,0.7747253 ,0.5270899 ,-1.4678231 ,-2.179918 ,-9.6 ,24.800001 ,23.300001 ,?
0.5295591 ,11.463974 ,0.6472389 ,0.39095408 ,-1.2426755 ,-2.0769436 ,-9.6 ,24.5 ,23.4 ,?
0.60801226 ,10.659828 ,0.65704554 ,0.29321557 ,-0.9354973 ,-1.9216092 ,-9.400001 ,24.5 ,23.300001 ,?
0.55897903 ,9.57129 ,0.8629852 ,0.24783696 ,-0.52883524 ,-1.7610388 ,-9.3 ,24.4 ,23.300001 ,?
0.32361946 ,8.894631 ,0.4118793 ,0.19373171 ,-0.36128345 ,-1.6423563 ,-9.3 ,24.7 ,23.300001 ,?
-0.39226598 ,8.963278 ,0.24516624 ,0.08377588 ,-0.26529026 ,-1.6126856 ,-9.400001 ,24.9 ,23.2 ,?
-0.7649187 ,9.267284 ,-0.16671304 ,-0.10995584 ,-0.14835311 ,-1.4887671 ,-9.7 ,24.5 ,23.2 ,?
-0.98066497 ,8.904438 ,-0.42168593 ,-0.17802374 ,-0.106465176 ,-1.2514021 ,-9.7 ,24.1 ,23.2 ,?
-1.0983448 ,8.316039 ,0.2941995 ,-0.10122918 ,-0.04712393 ,-0.9808759 ,-9.400001 ,24.2 ,23.1 ,?
-1.176798 ,7.835513 ,0.26477954 ,-0.013962646 ,-0.09250253 ,-0.69115096 ,-9.0 ,24.5 ,23.1 ,?
-1.3925443 ,7.7472534 ,0.12748645 ,0.013962646 ,-0.19024105 ,-0.5061459 ,-8.900001 ,24.2 ,22.9 ,?
-1.4415776 ,7.8551264 ,-0.1569064 ,-0.017453307 ,-0.20245837 ,-0.35255682 ,-8.8 ,24.7 ,22.6 ,?
-1.3827376 ,7.7766733 ,-0.2353596 ,-0.04712393 ,-0.10297451 ,-0.22165701 ,-8.8 ,24.4 ,22.6 ,?
-1.2454445 ,7.982613 ,-0.1569064 ,-0.054105252 ,0.034906615 ,-0.1535891 ,-9.1 ,24.2 ,22.7 ,?
-1.0395049 ,8.659272 ,-0.17651969 ,-0.013962646 ,0.17278774 ,-0.09250253 ,-8.6 ,24.5 ,22.7 ,?
-1.0787314 ,9.5320635 ,-0.14709975 ,0.057595916 ,0.34906614 ,0.061086576 ,-8.5 ,24.800001 ,22.7 ,?
-1.2356379 ,10.316595 ,0.0196133 ,0.13264513 ,0.5916671 ,0.27052626 ,-9.1 ,24.6 ,22.800001 ,?
-1.6082906 ,10.797121 ,0.17651969 ,0.099483855 ,0.8552121 ,0.5602512 ,-9.3 ,24.2 ,22.5 ,?
-1.7848103 ,10.463696 ,0.2353596 ,0.055850584 ,1.1170117 ,0.83950406 ,-9.5 ,24.1 ,22.800001 ,?
-1.8240368 ,10.581375 ,0.28439283 ,0.0 ,1.3788112 ,1.1658809 ,-9.5 ,23.9 ,23.2 ,?
-2.2261095 ,11.29726 ,0.40207264 ,-0.02443463 ,1.6179216 ,1.4521152 ,-8.8 ,24.5 ,23.4 ,?
-2.7654753 ,11.6110735 ,0.6668522 ,-0.027925292 ,1.6772629 ,1.6109403 ,-8.400001 ,24.6 ,23.300001 ,?
-2.8635418 ,11.101128 ,0.8629852 ,-0.085521206 ,1.4119725 ,1.5236738 ,-8.7 ,24.9 ,22.9 ,?
-2.6674087 ,9.77723 ,0.9022118 ,-0.13439047 ,0.928516 ,1.2199862 ,-8.7 ,24.800001 ,22.7 ,?
-2.3437893 ,8.953471 ,1.0689248 ,-0.11868249 ,0.48520195 ,0.9651679 ,-8.7 ,24.6 ,22.6 ,?
-2.4614692 ,9.649743 ,1.147378 ,-0.08203054 ,0.20071304 ,1.0088012 ,-8.5 ,24.800001 ,22.7 ,?
-2.4222424 ,11.38552 ,1.0983448 ,-0.106465176 ,0.2670356 ,1.2618741 ,-8.400001 ,25.300001 ,22.4 ,?
-1.9613299 ,12.738838 ,1.0198916 ,-0.26529026 ,0.5602512 ,1.4364072 ,-8.6 ,25.1 ,22.2 ,?
-1.2454445 ,12.993811 ,1.1669914 ,-0.50265527 ,0.8569574 ,1.4608419 ,-9.2 ,24.5 ,21.7 ,?
-0.9022118 ,12.444638 ,1.1866046 ,-0.8220508 ,0.92327994 ,1.5411271 ,-9.400001 ,24.1 ,21.800001 ,?
-0.8727918 ,11.601267 ,0.97085834 ,-1.0925771 ,0.89710003 ,1.6283937 ,-9.400001 ,23.9 ,22.0 ,?
-0.7649187 ,10.7578945 ,1.4906107 ,-1.2897995 ,0.8272868 ,1.6737722 ,-9.1 ,23.9 ,22.2 ,?
-0.7649187 ,9.92433 ,2.1084297 ,-1.3543767 ,0.84648544 ,1.5917417 ,-8.5 ,24.2 ,22.1 ,?
-0.8139519 ,9.65955 ,1.5788707 ,-1.4032459 ,0.70685893 ,1.4695685 ,-8.5 ,24.2 ,22.4 ,?
-1.1081514 ,9.306511 ,1.2748644 ,-1.3980099 ,0.5846858 ,1.31947 ,-8.7 ,23.9 ,22.5 ,?
-1.343511 ,8.992698 ,0.8531785 ,-1.3159794 ,0.45553133 ,1.2391849 ,-8.900001 ,23.800001 ,22.4 ,?
-1.343511 ,9.041731 ,0.89240515 ,-1.1728623 ,0.44156867 ,1.2112595 ,-9.1 ,24.1 ,22.7 ,?
-1.1866046 ,8.894631 ,0.6668522 ,-1.0279998 ,0.469494 ,1.1885703 ,-9.0 ,24.5 ,22.800001 ,?
-1.1375713 ,8.472945 ,0.75511205 ,-0.8569574 ,0.5497792 ,1.0838504 ,-9.1 ,24.2 ,23.0 ,?
-0.9904716 ,8.1983595 ,0.8139519 ,-0.69115096 ,0.5567605 ,0.9267706 ,-9.5 ,24.300001 ,22.800001 ,?
-1.0689248 ,7.63938 ,0.7256921 ,-0.5619965 ,0.48520195 ,0.76270956 ,-10.0 ,24.300001 ,23.0 ,?
-0.88259846 ,6.8842683 ,1.1179581 ,-0.34383017 ,0.39095408 ,0.5375619 ,-10.5 ,24.5 ,22.9 ,?
-0.83356524 ,6.335096 ,1.6377105 ,-0.012217315 ,0.18500505 ,0.24085565 ,-10.0 ,24.6 ,23.0 ,?
-0.7649187 ,6.5704556 ,1.7848103 ,0.30194223 ,-0.12217315 ,-0.052359924 ,-9.7 ,24.800001 ,23.300001 ,?
-0.88259846 ,7.4628606 ,1.5788707 ,0.53581655 ,-0.38746342 ,-0.3054329 ,-9.5 ,24.5 ,23.2 ,?
-0.588399 ,8.4925585 ,1.4611908 ,0.70685893 ,-0.6021391 ,-0.5061459 ,-9.6 ,24.6 ,23.0 ,?
-0.10787315 ,9.247671 ,1.6377105 ,0.9058267 ,-0.7103496 ,-0.7260576 ,-9.900001 ,24.7 ,22.800001 ,?
0.20593965 ,10.296982 ,1.8142302 ,1.0210185 ,-0.8290321 ,-0.8988453 ,-9.400001 ,24.800001 ,23.0 ,?
0.098066494 ,11.120741 ,1.5592573 ,1.0733784 ,-1.0245092 ,-1.0594158 ,-8.900001 ,25.300001 ,23.1 ,?
0.32361946 ,11.70914 ,1.4121575 ,1.0541798 ,-1.3543767 ,-1.2723461 ,-8.5 ,25.4 ,23.4 ,?
0.5491724 ,12.405412 ,0.89240515 ,0.99134785 ,-1.6772629 ,-1.5132017 ,-8.8 ,25.4 ,23.4 ,?
1.147378 ,12.552511 ,0.74530536 ,0.92327994 ,-1.7976906 ,-1.7942001 ,-8.900001 ,25.7 ,23.300001 ,?
1.5298374 ,12.611352 ,1.0296983 ,0.8691747 ,-1.7156601 ,-1.9861864 ,-8.900001 ,25.7 ,23.300001 ,?
1.343511 ,12.9447775 ,0.9904716 ,0.7731815 ,-1.6144309 ,-2.042037 ,-8.7 ,25.5 ,23.6 ,?
1.0002782 ,13.278204 ,0.75511205 ,0.6457724 ,-1.562071 ,-2.0036397 ,-8.0 ,25.6 ,23.6 ,?
0.8629852 ,12.572125 ,0.9022118 ,0.5986484 ,-1.4503698 ,-1.9739691 ,-7.9 ,25.7 ,23.7 ,?
0.56878567 ,11.6110735 ,1.2062179 ,0.5951578 ,-1.3316873 ,-1.9809504 ,-8.2 ,25.5 ,23.6 ,?
0.14709975 ,11.248227 ,0.79433864 ,0.5637418 ,-1.2322035 ,-2.0228384 ,-7.9 ,25.0 ,23.5 ,?
0.0784532 ,11.699333 ,0.18632634 ,0.3298675 ,-1.2322035 ,-1.9338264 ,-7.5 ,24.800001 ,23.5 ,?
-0.0392266 ,10.983448 ,-0.5491724 ,0.12566382 ,-1.0437078 ,-1.7453308 ,-7.0 ,24.800001 ,23.6 ,?
0.1569064 ,9.610517 ,0.5295591 ,0.09424786 ,-0.7208216 ,-1.5707977 ,-6.6 ,25.0 ,23.9 ,?
-0.06864655 ,8.688692 ,0.8041453 ,0.07679455 ,-0.45029533 ,-1.4119725 ,-6.4 ,25.4 ,23.9 ,?
-0.55897903 ,8.443525 ,0.2745862 ,0.0034906615 ,-0.33161286 ,-1.3473953 ,-6.7000003 ,25.7 ,23.9 ,?
-1.1375713 ,8.404299 ,0.0 ,-0.078539886 ,-0.12391848 ,-1.3334327 ,-7.1 ,25.4 ,23.7 ,?
-1.2160245 ,8.1983595 ,-0.22555295 ,-0.12740915 ,-0.12217315 ,-1.2479115 ,-7.3 ,25.5 ,23.4 ,?
-1.7946169 ,8.159133 ,-0.17651969 ,-0.18500505 ,-0.14137179 ,-1.1082851 ,-7.3 ,26.0 ,23.300001 ,?
-1.8534569 ,8.159133 ,-0.5393657 ,-0.22165701 ,-0.17104241 ,-0.8988453 ,-7.6 ,26.2 ,23.2 ,?
-1.8730701 ,7.963 ,-0.22555295 ,-0.21293035 ,-0.14835311 ,-0.6178471 ,-8.1 ,26.4 ,23.0 ,?
-2.0299766 ,7.7472534 ,0.088259846 ,-0.17976907 ,-0.0907572 ,-0.34383017 ,-8.900001 ,26.6 ,22.5 ,?
-1.9613299 ,7.472667 ,0.28439283 ,-0.108210504 ,-0.034906615 ,-0.1815144 ,-9.2 ,26.300001 ,22.2 ,?
-1.7161638 ,7.560927 ,0.39226598 ,-0.027925292 ,-0.026179962 ,-0.12566382 ,-9.2 ,26.2 ,22.2 ,?
-1.5886773 ,8.325846 ,0.088259846 ,0.012217315 ,-0.0034906615 ,-0.07155856 ,-8.8 ,26.2 ,22.1 ,?
-1.5690639 ,9.463417 ,-0.32361946 ,0.010471985 ,0.120427825 ,0.026179962 ,-8.5 ,25.9 ,22.4 ,?
-1.6279038 ,10.306788 ,-0.2941995 ,0.0 ,0.41538873 ,0.2617996 ,-8.900001 ,25.6 ,22.4 ,?
-1.8436501 ,10.257755 ,0.26477954 ,0.052359924 ,0.7679455 ,0.5602512 ,-8.900001 ,25.5 ,22.300001 ,?
-1.8240368 ,10.110656 ,0.6374322 ,0.07330389 ,1.0751238 ,0.8482307 ,-9.0 ,25.0 ,22.4 ,?
-1.9809432 ,10.414662 ,0.32361946 ,0.066322565 ,1.3072528 ,1.1117756 ,-8.6 ,25.0 ,22.800001 ,?
-2.2457228 ,11.169774 ,0.4511059 ,0.07504922 ,1.514947 ,1.3700846 ,-8.7 ,25.1 ,22.9 ,?
-2.7948952 ,11.718946 ,0.6276256 ,0.043633267 ,1.624903 ,1.551599 ,-8.8 ,24.9 ,23.0 ,?
-2.5791488 ,11.199194 ,1.2650578 ,0.04712393 ,1.4241899 ,1.4992391 ,-9.2 ,24.800001 ,23.1 ,?
-2.0593965 ,9.80665 ,1.6180972 ,0.078539886 ,0.97389454 ,1.2566382 ,-9.400001 ,24.7 ,23.1 ,?
-1.9122967 ,9.2378645 ,1.6180972 ,0.085521206 ,0.4764753 ,1.0035652 ,-9.400001 ,24.800001 ,23.2 ,?
-2.2457228 ,10.493115 ,1.1277647 ,-0.0034906615 ,0.13439047 ,1.0995584 ,-9.2 ,25.2 ,23.300001 ,?
-2.1966896 ,12.130826 ,1.0395049 ,-0.09250253 ,0.30368754 ,1.4224446 ,-9.2 ,25.300001 ,23.4 ,?
-1.2258313 ,12.699612 ,1.6867437 ,-0.23387432 ,0.7033683 ,1.6266483 ,-9.400001 ,25.4 ,23.300001 ,?
-0.57859236 ,12.552511 ,1.5592573 ,-0.4782206 ,0.9773852 ,1.6598096 ,-9.5 ,25.4 ,23.300001 ,?
-0.4314926 ,12.121019 ,1.3827376 ,-0.7574735 ,1.2287128 ,1.6493375 ,-9.400001 ,25.300001 ,23.1 ,?
-0.57859236 ,11.287454 ,1.0689248 ,-1.061161 ,0.97214925 ,1.7523121 ,-10.0 ,25.300001 ,23.0 ,?
-1.2650578 ,10.130269 ,0.6276256 ,-1.1955515 ,0.8342681 ,1.7732561 ,-10.0 ,25.300001 ,23.0 ,?
-1.0787314 ,9.502644 ,1.3042845 ,-1.171117 ,0.7539829 ,1.6947162 ,-10.1 ,25.0 ,23.0 ,?
-0.7256921 ,9.061344 ,1.6082906 ,-1.0943223 ,0.67369765 ,1.5812696 ,-10.3 ,24.9 ,22.9 ,?
-1.0395049 ,9.061344 ,0.9904716 ,-1.0594158 ,0.68766034 ,1.4503698 ,-10.400001 ,24.9 ,22.800001 ,?
-0.8237586 ,9.18883 ,0.69627213 ,-0.99483854 ,0.7801629 ,1.3247061 ,-10.3 ,24.5 ,22.7 ,?
-0.7649187 ,9.345737 ,0.79433864 ,-0.90408134 ,0.8621934 ,1.2391849 ,-9.7 ,24.800001 ,22.7 ,?
-0.7256921 ,9.179024 ,0.5393657 ,-0.81506944 ,0.89011866 ,1.1658809 ,-7.6 ,25.1 ,22.1 ,?
-0.951245 ,8.521978 ,0.6472389 ,-0.6789337 ,0.881392 ,1.0349811 ,-4.7000003 ,25.6 ,21.1 ,?
-1.176798 ,8.247393 ,0.97085834 ,-0.5375619 ,0.7888895 ,0.87615603 ,-2.3 ,26.300001 ,20.0 ,?
-1.2748644 ,8.0120325 ,1.0983448 ,-0.4031714 ,0.5986484 ,0.67369765 ,0.4 ,26.800001 ,18.2 ,?
-1.1179581 ,7.502087 ,1.4611908 ,-0.19024105 ,0.39793542 ,0.42760605 ,3.1000001 ,27.2 ,16.5 ,?
-0.75511205 ,7.305954 ,1.93191 ,0.08901187 ,0.21118502 ,0.11519183 ,5.7000003 ,28.300001 ,15.1 ,?
